INFO:  --------------------------------Een Init----------------------------------
INFO:  Code will run in cuda:0
INFO:  --------------------------------Dataset Init------------------------------
INFO:  --------------------------------Model Init--------------------------------
INFO:  --------------------------------Session Init------------------------------
INFO:  ------------------------------------ Main --------------------------------
INFO:  --------------------------------------------------
INFO:  TRAIN:epoch = 0/350 classification_loss = 0.00000 train_time = 3.82
INFO:  ----------
INFO:  Late_delivery_risk Accuracy: 70.19% val_time = 0.04
INFO:  Days for shipping (real) Accuracy: 34.39% val_time = 0.04
INFO:  on_time Accuracy: 81.61% val_time = 0.04
INFO:  ----------
INFO:  best_overall_accuracy: 62.06% 
INFO:  --------------------------------------------------
INFO:  TRAIN:epoch = 1/350 classification_loss = 0.00000 train_time = 0.62
INFO:  ----------
INFO:  Late_delivery_risk Accuracy: 70.26% val_time = 0.03
INFO:  Days for shipping (real) Accuracy: 34.02% val_time = 0.03
INFO:  on_time Accuracy: 81.61% val_time = 0.03
INFO:  --------------------------------------------------
INFO:  TRAIN:epoch = 2/350 classification_loss = 0.00000 train_time = 0.52
INFO:  ----------
INFO:  Late_delivery_risk Accuracy: 70.25% val_time = 0.03
INFO:  Days for shipping (real) Accuracy: 33.91% val_time = 0.03
INFO:  on_time Accuracy: 81.61% val_time = 0.03
INFO:  --------------------------------------------------
INFO:  TRAIN:epoch = 3/350 classification_loss = 0.00000 train_time = 0.63
INFO:  ----------
INFO:  Late_delivery_risk Accuracy: 70.28% val_time = 0.03
INFO:  Days for shipping (real) Accuracy: 34.30% val_time = 0.03
INFO:  on_time Accuracy: 81.70% val_time = 0.03
INFO:  ----------
INFO:  best_overall_accuracy: 62.09% 
INFO:  --------------------------------------------------
INFO:  TRAIN:epoch = 4/350 classification_loss = 0.00000 train_time = 0.52
INFO:  ----------
INFO:  Late_delivery_risk Accuracy: 70.33% val_time = 0.03
INFO:  Days for shipping (real) Accuracy: 33.81% val_time = 0.03
INFO:  on_time Accuracy: 81.67% val_time = 0.03
INFO:  --------------------------------------------------
INFO:  TRAIN:epoch = 5/350 classification_loss = 0.00000 train_time = 0.52
INFO:  ----------
INFO:  Late_delivery_risk Accuracy: 70.24% val_time = 0.03
INFO:  Days for shipping (real) Accuracy: 34.16% val_time = 0.03
INFO:  on_time Accuracy: 81.72% val_time = 0.03
INFO:  --------------------------------------------------
INFO:  TRAIN:epoch = 6/350 classification_loss = 0.00000 train_time = 0.62
INFO:  ----------
INFO:  Late_delivery_risk Accuracy: 70.45% val_time = 0.03
INFO:  Days for shipping (real) Accuracy: 34.42% val_time = 0.03
INFO:  on_time Accuracy: 81.85% val_time = 0.03
INFO:  ----------
INFO:  best_overall_accuracy: 62.24% 
INFO:  --------------------------------------------------
INFO:  TRAIN:epoch = 7/350 classification_loss = 0.00000 train_time = 0.51
INFO:  ----------
INFO:  Late_delivery_risk Accuracy: 70.50% val_time = 0.03
INFO:  Days for shipping (real) Accuracy: 34.24% val_time = 0.03
INFO:  on_time Accuracy: 81.86% val_time = 0.03
INFO:  --------------------------------------------------
INFO:  TRAIN:epoch = 8/350 classification_loss = 0.00000 train_time = 0.62
INFO:  ----------
INFO:  Late_delivery_risk Accuracy: 70.50% val_time = 0.03
INFO:  Days for shipping (real) Accuracy: 33.77% val_time = 0.03
INFO:  on_time Accuracy: 81.92% val_time = 0.03
INFO:  --------------------------------------------------
INFO:  TRAIN:epoch = 9/350 classification_loss = 0.00000 train_time = 0.52
INFO:  ----------
INFO:  Late_delivery_risk Accuracy: 70.49% val_time = 0.03
INFO:  Days for shipping (real) Accuracy: 34.14% val_time = 0.03
INFO:  on_time Accuracy: 81.92% val_time = 0.03
INFO:  --------------------------------------------------
INFO:  TRAIN:epoch = 10/350 classification_loss = 0.00000 train_time = 0.52
INFO:  ----------
INFO:  Late_delivery_risk Accuracy: 70.48% val_time = 0.03
INFO:  Days for shipping (real) Accuracy: 34.83% val_time = 0.03
INFO:  on_time Accuracy: 81.90% val_time = 0.03
INFO:  ----------
INFO:  best_overall_accuracy: 62.41% 
INFO:  --------------------------------------------------
INFO:  TRAIN:epoch = 11/350 classification_loss = 0.00000 train_time = 0.63
INFO:  ----------
INFO:  Late_delivery_risk Accuracy: 70.55% val_time = 0.03
INFO:  Days for shipping (real) Accuracy: 34.79% val_time = 0.03
INFO:  on_time Accuracy: 81.98% val_time = 0.03
INFO:  ----------
INFO:  best_overall_accuracy: 62.44% 
INFO:  --------------------------------------------------
INFO:  TRAIN:epoch = 12/350 classification_loss = 0.00000 train_time = 0.53
INFO:  ----------
INFO:  Late_delivery_risk Accuracy: 70.64% val_time = 0.03
INFO:  Days for shipping (real) Accuracy: 34.86% val_time = 0.03
INFO:  on_time Accuracy: 81.98% val_time = 0.03
INFO:  ----------
INFO:  best_overall_accuracy: 62.50% 
INFO:  --------------------------------------------------
INFO:  TRAIN:epoch = 13/350 classification_loss = 0.00000 train_time = 0.62
INFO:  ----------
INFO:  Late_delivery_risk Accuracy: 70.58% val_time = 0.03
INFO:  Days for shipping (real) Accuracy: 35.47% val_time = 0.03
INFO:  on_time Accuracy: 81.93% val_time = 0.03
INFO:  ----------
INFO:  best_overall_accuracy: 62.66% 
INFO:  --------------------------------------------------
INFO:  TRAIN:epoch = 14/350 classification_loss = 0.00000 train_time = 0.52
INFO:  ----------
INFO:  Late_delivery_risk Accuracy: 70.67% val_time = 0.03
INFO:  Days for shipping (real) Accuracy: 35.63% val_time = 0.03
INFO:  on_time Accuracy: 82.08% val_time = 0.03
INFO:  ----------
INFO:  best_overall_accuracy: 62.79% 
INFO:  --------------------------------------------------
INFO:  TRAIN:epoch = 15/350 classification_loss = 0.00000 train_time = 0.52
INFO:  ----------
INFO:  Late_delivery_risk Accuracy: 70.62% val_time = 0.03
INFO:  Days for shipping (real) Accuracy: 35.81% val_time = 0.03
INFO:  on_time Accuracy: 82.05% val_time = 0.03
INFO:  ----------
INFO:  best_overall_accuracy: 62.83% 
INFO:  --------------------------------------------------
INFO:  TRAIN:epoch = 16/350 classification_loss = 0.00000 train_time = 0.63
INFO:  ----------
INFO:  Late_delivery_risk Accuracy: 70.54% val_time = 0.03
INFO:  Days for shipping (real) Accuracy: 35.99% val_time = 0.03
INFO:  on_time Accuracy: 82.06% val_time = 0.03
INFO:  ----------
INFO:  best_overall_accuracy: 62.86% 
INFO:  --------------------------------------------------
INFO:  TRAIN:epoch = 17/350 classification_loss = 0.00000 train_time = 0.52
INFO:  ----------
INFO:  Late_delivery_risk Accuracy: 70.73% val_time = 0.03
INFO:  Days for shipping (real) Accuracy: 35.62% val_time = 0.03
INFO:  on_time Accuracy: 82.15% val_time = 0.03
INFO:  --------------------------------------------------
INFO:  TRAIN:epoch = 18/350 classification_loss = 0.00000 train_time = 0.63
INFO:  ----------
INFO:  Late_delivery_risk Accuracy: 70.63% val_time = 0.03
INFO:  Days for shipping (real) Accuracy: 35.85% val_time = 0.03
INFO:  on_time Accuracy: 82.10% val_time = 0.03
INFO:  --------------------------------------------------
INFO:  TRAIN:epoch = 19/350 classification_loss = 0.00000 train_time = 0.52
INFO:  ----------
INFO:  Late_delivery_risk Accuracy: 70.79% val_time = 0.03
INFO:  Days for shipping (real) Accuracy: 36.51% val_time = 0.03
INFO:  on_time Accuracy: 82.22% val_time = 0.03
INFO:  ----------
INFO:  best_overall_accuracy: 63.17% 
INFO:  --------------------------------------------------
INFO:  TRAIN:epoch = 20/350 classification_loss = 0.00000 train_time = 0.63
INFO:  ----------
INFO:  Late_delivery_risk Accuracy: 70.67% val_time = 0.03
INFO:  Days for shipping (real) Accuracy: 36.57% val_time = 0.03
INFO:  on_time Accuracy: 82.36% val_time = 0.03
INFO:  ----------
INFO:  best_overall_accuracy: 63.20% 
INFO:  --------------------------------------------------
INFO:  TRAIN:epoch = 21/350 classification_loss = 0.00000 train_time = 0.52
INFO:  ----------
INFO:  Late_delivery_risk Accuracy: 70.71% val_time = 0.03
INFO:  Days for shipping (real) Accuracy: 37.05% val_time = 0.03
INFO:  on_time Accuracy: 82.23% val_time = 0.03
INFO:  ----------
INFO:  best_overall_accuracy: 63.33% 
INFO:  --------------------------------------------------
INFO:  TRAIN:epoch = 22/350 classification_loss = 0.00000 train_time = 0.51
INFO:  ----------
INFO:  Late_delivery_risk Accuracy: 70.98% val_time = 0.03
INFO:  Days for shipping (real) Accuracy: 37.99% val_time = 0.03
INFO:  on_time Accuracy: 82.31% val_time = 0.03
INFO:  ----------
INFO:  best_overall_accuracy: 63.76% 
INFO:  --------------------------------------------------
INFO:  TRAIN:epoch = 23/350 classification_loss = 0.00000 train_time = 0.63
INFO:  ----------
INFO:  Late_delivery_risk Accuracy: 70.93% val_time = 0.03
INFO:  Days for shipping (real) Accuracy: 38.24% val_time = 0.03
INFO:  on_time Accuracy: 82.56% val_time = 0.03
INFO:  ----------
INFO:  best_overall_accuracy: 63.91% 
INFO:  --------------------------------------------------
INFO:  TRAIN:epoch = 24/350 classification_loss = 0.00000 train_time = 0.52
INFO:  ----------
INFO:  Late_delivery_risk Accuracy: 71.03% val_time = 0.03
INFO:  Days for shipping (real) Accuracy: 38.31% val_time = 0.03
INFO:  on_time Accuracy: 82.61% val_time = 0.03
INFO:  ----------
INFO:  best_overall_accuracy: 63.98% 
INFO:  --------------------------------------------------
INFO:  TRAIN:epoch = 25/350 classification_loss = 0.00000 train_time = 0.63
INFO:  ----------
INFO:  Late_delivery_risk Accuracy: 70.99% val_time = 0.03
INFO:  Days for shipping (real) Accuracy: 38.18% val_time = 0.03
INFO:  on_time Accuracy: 82.56% val_time = 0.03
INFO:  --------------------------------------------------
INFO:  TRAIN:epoch = 26/350 classification_loss = 0.00000 train_time = 0.52
INFO:  ----------
INFO:  Late_delivery_risk Accuracy: 71.30% val_time = 0.03
INFO:  Days for shipping (real) Accuracy: 38.81% val_time = 0.03
INFO:  on_time Accuracy: 82.74% val_time = 0.03
INFO:  ----------
INFO:  best_overall_accuracy: 64.28% 
INFO:  --------------------------------------------------
INFO:  TRAIN:epoch = 27/350 classification_loss = 0.00000 train_time = 0.52
INFO:  ----------
INFO:  Late_delivery_risk Accuracy: 71.78% val_time = 0.03
INFO:  Days for shipping (real) Accuracy: 40.09% val_time = 0.03
INFO:  on_time Accuracy: 82.88% val_time = 0.03
INFO:  ----------
INFO:  best_overall_accuracy: 64.92% 
INFO:  --------------------------------------------------
INFO:  TRAIN:epoch = 28/350 classification_loss = 0.00000 train_time = 0.62
INFO:  ----------
INFO:  Late_delivery_risk Accuracy: 71.73% val_time = 0.03
INFO:  Days for shipping (real) Accuracy: 40.32% val_time = 0.03
INFO:  on_time Accuracy: 83.01% val_time = 0.03
INFO:  ----------
INFO:  best_overall_accuracy: 65.02% 
INFO:  --------------------------------------------------
INFO:  TRAIN:epoch = 29/350 classification_loss = 0.00000 train_time = 0.51
INFO:  ----------
INFO:  Late_delivery_risk Accuracy: 72.49% val_time = 0.03
INFO:  Days for shipping (real) Accuracy: 40.79% val_time = 0.03
INFO:  on_time Accuracy: 83.41% val_time = 0.03
INFO:  ----------
INFO:  best_overall_accuracy: 65.57% 
INFO:  --------------------------------------------------
INFO:  TRAIN:epoch = 30/350 classification_loss = 0.00000 train_time = 0.63
INFO:  ----------
INFO:  Late_delivery_risk Accuracy: 72.85% val_time = 0.03
INFO:  Days for shipping (real) Accuracy: 41.57% val_time = 0.03
INFO:  on_time Accuracy: 83.52% val_time = 0.03
INFO:  ----------
INFO:  best_overall_accuracy: 65.98% 
INFO:  --------------------------------------------------
INFO:  TRAIN:epoch = 31/350 classification_loss = 0.00000 train_time = 0.52
INFO:  ----------
INFO:  Late_delivery_risk Accuracy: 73.62% val_time = 0.03
INFO:  Days for shipping (real) Accuracy: 42.40% val_time = 0.03
INFO:  on_time Accuracy: 83.78% val_time = 0.03
INFO:  ----------
INFO:  best_overall_accuracy: 66.60% 
INFO:  --------------------------------------------------
INFO:  TRAIN:epoch = 32/350 classification_loss = 0.00000 train_time = 0.53
INFO:  ----------
INFO:  Late_delivery_risk Accuracy: 74.09% val_time = 0.03
INFO:  Days for shipping (real) Accuracy: 42.66% val_time = 0.03
INFO:  on_time Accuracy: 84.18% val_time = 0.03
INFO:  ----------
INFO:  best_overall_accuracy: 66.97% 
INFO:  --------------------------------------------------
INFO:  TRAIN:epoch = 33/350 classification_loss = 0.00000 train_time = 0.62
INFO:  ----------
INFO:  Late_delivery_risk Accuracy: 74.16% val_time = 0.03
INFO:  Days for shipping (real) Accuracy: 43.06% val_time = 0.03
INFO:  on_time Accuracy: 84.07% val_time = 0.03
INFO:  ----------
INFO:  best_overall_accuracy: 67.10% 
INFO:  --------------------------------------------------
INFO:  TRAIN:epoch = 34/350 classification_loss = 0.00000 train_time = 0.52
INFO:  ----------
INFO:  Late_delivery_risk Accuracy: 74.86% val_time = 0.03
INFO:  Days for shipping (real) Accuracy: 44.29% val_time = 0.03
INFO:  on_time Accuracy: 84.63% val_time = 0.03
INFO:  ----------
INFO:  best_overall_accuracy: 67.93% 
INFO:  --------------------------------------------------
INFO:  TRAIN:epoch = 35/350 classification_loss = 0.00000 train_time = 0.64
INFO:  ----------
INFO:  Late_delivery_risk Accuracy: 75.48% val_time = 0.03
INFO:  Days for shipping (real) Accuracy: 44.93% val_time = 0.03
INFO:  on_time Accuracy: 84.77% val_time = 0.03
INFO:  ----------
INFO:  best_overall_accuracy: 68.40% 
INFO:  --------------------------------------------------
INFO:  TRAIN:epoch = 36/350 classification_loss = 0.00000 train_time = 0.53
INFO:  ----------
INFO:  Late_delivery_risk Accuracy: 76.52% val_time = 0.03
INFO:  Days for shipping (real) Accuracy: 45.79% val_time = 0.03
INFO:  on_time Accuracy: 85.08% val_time = 0.03
INFO:  ----------
INFO:  best_overall_accuracy: 69.13% 
INFO:  --------------------------------------------------
INFO:  TRAIN:epoch = 37/350 classification_loss = 0.00000 train_time = 0.61
INFO:  ----------
INFO:  Late_delivery_risk Accuracy: 76.72% val_time = 0.03
INFO:  Days for shipping (real) Accuracy: 46.70% val_time = 0.03
INFO:  on_time Accuracy: 85.52% val_time = 0.03
INFO:  ----------
INFO:  best_overall_accuracy: 69.65% 
INFO:  --------------------------------------------------
INFO:  TRAIN:epoch = 38/350 classification_loss = 0.00000 train_time = 0.52
INFO:  ----------
INFO:  Late_delivery_risk Accuracy: 77.47% val_time = 0.03
INFO:  Days for shipping (real) Accuracy: 47.75% val_time = 0.03
INFO:  on_time Accuracy: 86.03% val_time = 0.03
INFO:  ----------
INFO:  best_overall_accuracy: 70.41% 
INFO:  --------------------------------------------------
INFO:  TRAIN:epoch = 39/350 classification_loss = 0.00000 train_time = 0.52
INFO:  ----------
INFO:  Late_delivery_risk Accuracy: 77.99% val_time = 0.03
INFO:  Days for shipping (real) Accuracy: 48.03% val_time = 0.03
INFO:  on_time Accuracy: 86.37% val_time = 0.03
INFO:  ----------
INFO:  best_overall_accuracy: 70.80% 
INFO:  --------------------------------------------------
INFO:  TRAIN:epoch = 40/350 classification_loss = 0.00000 train_time = 0.64
INFO:  ----------
INFO:  Late_delivery_risk Accuracy: 78.26% val_time = 0.03
INFO:  Days for shipping (real) Accuracy: 49.19% val_time = 0.03
INFO:  on_time Accuracy: 86.38% val_time = 0.03
INFO:  ----------
INFO:  best_overall_accuracy: 71.28% 
INFO:  --------------------------------------------------
INFO:  TRAIN:epoch = 41/350 classification_loss = 0.00000 train_time = 0.51
INFO:  ----------
INFO:  Late_delivery_risk Accuracy: 78.88% val_time = 0.03
INFO:  Days for shipping (real) Accuracy: 50.02% val_time = 0.03
INFO:  on_time Accuracy: 86.66% val_time = 0.03
INFO:  ----------
INFO:  best_overall_accuracy: 71.85% 
INFO:  --------------------------------------------------
INFO:  TRAIN:epoch = 42/350 classification_loss = 0.00000 train_time = 0.63
INFO:  ----------
INFO:  Late_delivery_risk Accuracy: 79.42% val_time = 0.03
INFO:  Days for shipping (real) Accuracy: 50.27% val_time = 0.03
INFO:  on_time Accuracy: 86.73% val_time = 0.03
INFO:  ----------
INFO:  best_overall_accuracy: 72.14% 
INFO:  --------------------------------------------------
INFO:  TRAIN:epoch = 43/350 classification_loss = 0.00000 train_time = 0.52
INFO:  ----------
INFO:  Late_delivery_risk Accuracy: 80.19% val_time = 0.03
INFO:  Days for shipping (real) Accuracy: 51.93% val_time = 0.03
INFO:  on_time Accuracy: 87.82% val_time = 0.03
INFO:  ----------
INFO:  best_overall_accuracy: 73.31% 
INFO:  --------------------------------------------------
INFO:  TRAIN:epoch = 44/350 classification_loss = 0.00000 train_time = 0.51
INFO:  ----------
INFO:  Late_delivery_risk Accuracy: 80.74% val_time = 0.03
INFO:  Days for shipping (real) Accuracy: 52.04% val_time = 0.03
INFO:  on_time Accuracy: 87.65% val_time = 0.03
INFO:  ----------
INFO:  best_overall_accuracy: 73.48% 
INFO:  --------------------------------------------------
INFO:  TRAIN:epoch = 45/350 classification_loss = 0.00000 train_time = 0.62
INFO:  ----------
INFO:  Late_delivery_risk Accuracy: 81.55% val_time = 0.03
INFO:  Days for shipping (real) Accuracy: 53.14% val_time = 0.03
INFO:  on_time Accuracy: 88.30% val_time = 0.03
INFO:  ----------
INFO:  best_overall_accuracy: 74.33% 
INFO:  --------------------------------------------------
INFO:  TRAIN:epoch = 46/350 classification_loss = 0.00000 train_time = 0.52
INFO:  ----------
INFO:  Late_delivery_risk Accuracy: 81.78% val_time = 0.03
INFO:  Days for shipping (real) Accuracy: 53.46% val_time = 0.03
INFO:  on_time Accuracy: 88.35% val_time = 0.03
INFO:  ----------
INFO:  best_overall_accuracy: 74.53% 
INFO:  --------------------------------------------------
INFO:  TRAIN:epoch = 47/350 classification_loss = 0.00000 train_time = 0.62
INFO:  ----------
INFO:  Late_delivery_risk Accuracy: 82.16% val_time = 0.03
INFO:  Days for shipping (real) Accuracy: 54.80% val_time = 0.03
INFO:  on_time Accuracy: 88.89% val_time = 0.03
INFO:  ----------
INFO:  best_overall_accuracy: 75.28% 
INFO:  --------------------------------------------------
INFO:  TRAIN:epoch = 48/350 classification_loss = 0.00000 train_time = 0.52
INFO:  ----------
INFO:  Late_delivery_risk Accuracy: 82.67% val_time = 0.03
INFO:  Days for shipping (real) Accuracy: 54.59% val_time = 0.03
INFO:  on_time Accuracy: 88.75% val_time = 0.03
INFO:  ----------
INFO:  best_overall_accuracy: 75.34% 
INFO:  --------------------------------------------------
INFO:  TRAIN:epoch = 49/350 classification_loss = 0.00000 train_time = 0.51
INFO:  ----------
INFO:  Late_delivery_risk Accuracy: 82.74% val_time = 0.03
INFO:  Days for shipping (real) Accuracy: 56.20% val_time = 0.03
INFO:  on_time Accuracy: 88.93% val_time = 0.03
INFO:  ----------
INFO:  best_overall_accuracy: 75.96% 
INFO:  --------------------------------------------------
INFO:  TRAIN:epoch = 50/350 classification_loss = 0.00000 train_time = 0.62
INFO:  ----------
INFO:  Late_delivery_risk Accuracy: 83.38% val_time = 0.03
INFO:  Days for shipping (real) Accuracy: 56.96% val_time = 0.03
INFO:  on_time Accuracy: 89.52% val_time = 0.03
INFO:  ----------
INFO:  best_overall_accuracy: 76.62% 
INFO:  --------------------------------------------------
INFO:  TRAIN:epoch = 51/350 classification_loss = 0.00000 train_time = 0.52
INFO:  ----------
INFO:  Late_delivery_risk Accuracy: 84.06% val_time = 0.03
INFO:  Days for shipping (real) Accuracy: 57.14% val_time = 0.03
INFO:  on_time Accuracy: 89.58% val_time = 0.03
INFO:  ----------
INFO:  best_overall_accuracy: 76.93% 
INFO:  --------------------------------------------------
INFO:  TRAIN:epoch = 52/350 classification_loss = 0.00000 train_time = 0.63
INFO:  ----------
INFO:  Late_delivery_risk Accuracy: 84.02% val_time = 0.03
INFO:  Days for shipping (real) Accuracy: 57.91% val_time = 0.03
INFO:  on_time Accuracy: 90.08% val_time = 0.03
INFO:  ----------
INFO:  best_overall_accuracy: 77.34% 
INFO:  --------------------------------------------------
INFO:  TRAIN:epoch = 53/350 classification_loss = 0.00000 train_time = 0.53
INFO:  ----------
INFO:  Late_delivery_risk Accuracy: 84.39% val_time = 0.03
INFO:  Days for shipping (real) Accuracy: 58.82% val_time = 0.03
INFO:  on_time Accuracy: 90.27% val_time = 0.03
INFO:  ----------
INFO:  best_overall_accuracy: 77.83% 
INFO:  --------------------------------------------------
INFO:  TRAIN:epoch = 54/350 classification_loss = 0.00000 train_time = 0.62
INFO:  ----------
INFO:  Late_delivery_risk Accuracy: 84.82% val_time = 0.03
INFO:  Days for shipping (real) Accuracy: 59.13% val_time = 0.03
INFO:  on_time Accuracy: 89.92% val_time = 0.03
INFO:  ----------
INFO:  best_overall_accuracy: 77.95% 
INFO:  --------------------------------------------------
INFO:  TRAIN:epoch = 55/350 classification_loss = 0.00000 train_time = 0.52
INFO:  ----------
INFO:  Late_delivery_risk Accuracy: 85.48% val_time = 0.03
INFO:  Days for shipping (real) Accuracy: 60.18% val_time = 0.03
INFO:  on_time Accuracy: 90.45% val_time = 0.03
INFO:  ----------
INFO:  best_overall_accuracy: 78.71% 
INFO:  --------------------------------------------------
INFO:  TRAIN:epoch = 56/350 classification_loss = 0.00000 train_time = 0.53
INFO:  ----------
INFO:  Late_delivery_risk Accuracy: 85.89% val_time = 0.03
INFO:  Days for shipping (real) Accuracy: 61.13% val_time = 0.03
INFO:  on_time Accuracy: 90.86% val_time = 0.03
INFO:  ----------
INFO:  best_overall_accuracy: 79.30% 
INFO:  --------------------------------------------------
INFO:  TRAIN:epoch = 57/350 classification_loss = 0.00000 train_time = 0.63
INFO:  ----------
INFO:  Late_delivery_risk Accuracy: 85.55% val_time = 0.03
INFO:  Days for shipping (real) Accuracy: 61.02% val_time = 0.03
INFO:  on_time Accuracy: 90.73% val_time = 0.03
INFO:  --------------------------------------------------
INFO:  TRAIN:epoch = 58/350 classification_loss = 0.00000 train_time = 0.51
INFO:  ----------
INFO:  Late_delivery_risk Accuracy: 86.10% val_time = 0.03
INFO:  Days for shipping (real) Accuracy: 61.79% val_time = 0.03
INFO:  on_time Accuracy: 90.80% val_time = 0.03
INFO:  ----------
INFO:  best_overall_accuracy: 79.57% 
INFO:  --------------------------------------------------
INFO:  TRAIN:epoch = 59/350 classification_loss = 0.00000 train_time = 0.63
INFO:  ----------
INFO:  Late_delivery_risk Accuracy: 86.71% val_time = 0.03
INFO:  Days for shipping (real) Accuracy: 63.06% val_time = 0.03
INFO:  on_time Accuracy: 91.53% val_time = 0.03
INFO:  ----------
INFO:  best_overall_accuracy: 80.43% 
INFO:  --------------------------------------------------
INFO:  TRAIN:epoch = 60/350 classification_loss = 0.00000 train_time = 0.52
INFO:  ----------
INFO:  Late_delivery_risk Accuracy: 86.74% val_time = 0.03
INFO:  Days for shipping (real) Accuracy: 63.85% val_time = 0.03
INFO:  on_time Accuracy: 91.71% val_time = 0.03
INFO:  ----------
INFO:  best_overall_accuracy: 80.77% 
INFO:  --------------------------------------------------
INFO:  TRAIN:epoch = 61/350 classification_loss = 0.00000 train_time = 0.52
INFO:  ----------
INFO:  Late_delivery_risk Accuracy: 86.12% val_time = 0.03
INFO:  Days for shipping (real) Accuracy: 63.33% val_time = 0.03
INFO:  on_time Accuracy: 91.00% val_time = 0.03
INFO:  --------------------------------------------------
INFO:  TRAIN:epoch = 62/350 classification_loss = 0.00000 train_time = 0.62
INFO:  ----------
INFO:  Late_delivery_risk Accuracy: 87.29% val_time = 0.03
INFO:  Days for shipping (real) Accuracy: 64.51% val_time = 0.03
INFO:  on_time Accuracy: 91.83% val_time = 0.03
INFO:  ----------
INFO:  best_overall_accuracy: 81.21% 
INFO:  --------------------------------------------------
INFO:  TRAIN:epoch = 63/350 classification_loss = 0.00000 train_time = 0.53
INFO:  ----------
INFO:  Late_delivery_risk Accuracy: 87.32% val_time = 0.03
INFO:  Days for shipping (real) Accuracy: 65.82% val_time = 0.03
INFO:  on_time Accuracy: 91.95% val_time = 0.03
INFO:  ----------
INFO:  best_overall_accuracy: 81.70% 
INFO:  --------------------------------------------------
INFO:  TRAIN:epoch = 64/350 classification_loss = 0.00000 train_time = 0.64
INFO:  ----------
INFO:  Late_delivery_risk Accuracy: 87.42% val_time = 0.03
INFO:  Days for shipping (real) Accuracy: 66.03% val_time = 0.03
INFO:  on_time Accuracy: 92.11% val_time = 0.03
INFO:  ----------
INFO:  best_overall_accuracy: 81.85% 
INFO:  --------------------------------------------------
INFO:  TRAIN:epoch = 65/350 classification_loss = 0.00000 train_time = 0.52
INFO:  ----------
INFO:  Late_delivery_risk Accuracy: 87.55% val_time = 0.03
INFO:  Days for shipping (real) Accuracy: 65.76% val_time = 0.03
INFO:  on_time Accuracy: 91.77% val_time = 0.03
INFO:  --------------------------------------------------
INFO:  TRAIN:epoch = 66/350 classification_loss = 0.00000 train_time = 0.52
INFO:  ----------
INFO:  Late_delivery_risk Accuracy: 87.94% val_time = 0.03
INFO:  Days for shipping (real) Accuracy: 67.38% val_time = 0.03
INFO:  on_time Accuracy: 92.29% val_time = 0.03
INFO:  ----------
INFO:  best_overall_accuracy: 82.54% 
INFO:  --------------------------------------------------
INFO:  TRAIN:epoch = 67/350 classification_loss = 0.00000 train_time = 0.62
INFO:  ----------
INFO:  Late_delivery_risk Accuracy: 87.84% val_time = 0.03
INFO:  Days for shipping (real) Accuracy: 66.60% val_time = 0.03
INFO:  on_time Accuracy: 92.09% val_time = 0.03
INFO:  --------------------------------------------------
INFO:  TRAIN:epoch = 68/350 classification_loss = 0.00000 train_time = 0.52
INFO:  ----------
INFO:  Late_delivery_risk Accuracy: 88.24% val_time = 0.03
INFO:  Days for shipping (real) Accuracy: 67.54% val_time = 0.03
INFO:  on_time Accuracy: 92.40% val_time = 0.03
INFO:  ----------
INFO:  best_overall_accuracy: 82.73% 
INFO:  --------------------------------------------------
INFO:  TRAIN:epoch = 69/350 classification_loss = 0.00000 train_time = 0.63
INFO:  ----------
INFO:  Late_delivery_risk Accuracy: 88.65% val_time = 0.03
INFO:  Days for shipping (real) Accuracy: 68.38% val_time = 0.03
INFO:  on_time Accuracy: 92.66% val_time = 0.03
INFO:  ----------
INFO:  best_overall_accuracy: 83.23% 
INFO:  --------------------------------------------------
INFO:  TRAIN:epoch = 70/350 classification_loss = 0.00000 train_time = 0.52
INFO:  ----------
INFO:  Late_delivery_risk Accuracy: 88.09% val_time = 0.03
INFO:  Days for shipping (real) Accuracy: 67.99% val_time = 0.03
INFO:  on_time Accuracy: 92.35% val_time = 0.03
INFO:  --------------------------------------------------
INFO:  TRAIN:epoch = 71/350 classification_loss = 0.00000 train_time = 0.62
INFO:  ----------
INFO:  Late_delivery_risk Accuracy: 88.84% val_time = 0.03
INFO:  Days for shipping (real) Accuracy: 68.96% val_time = 0.03
INFO:  on_time Accuracy: 92.66% val_time = 0.03
INFO:  ----------
INFO:  best_overall_accuracy: 83.49% 
INFO:  --------------------------------------------------
INFO:  TRAIN:epoch = 72/350 classification_loss = 0.00000 train_time = 0.51
INFO:  ----------
INFO:  Late_delivery_risk Accuracy: 88.48% val_time = 0.03
INFO:  Days for shipping (real) Accuracy: 69.49% val_time = 0.03
INFO:  on_time Accuracy: 92.75% val_time = 0.03
INFO:  ----------
INFO:  best_overall_accuracy: 83.57% 
INFO:  --------------------------------------------------
INFO:  TRAIN:epoch = 73/350 classification_loss = 0.00000 train_time = 0.51
INFO:  ----------
INFO:  Late_delivery_risk Accuracy: 89.14% val_time = 0.03
INFO:  Days for shipping (real) Accuracy: 70.19% val_time = 0.03
INFO:  on_time Accuracy: 93.02% val_time = 0.03
INFO:  ----------
INFO:  best_overall_accuracy: 84.12% 
INFO:  --------------------------------------------------
INFO:  TRAIN:epoch = 74/350 classification_loss = 0.00000 train_time = 0.62
INFO:  ----------
INFO:  Late_delivery_risk Accuracy: 89.21% val_time = 0.03
INFO:  Days for shipping (real) Accuracy: 70.24% val_time = 0.03
INFO:  on_time Accuracy: 93.09% val_time = 0.03
INFO:  ----------
INFO:  best_overall_accuracy: 84.18% 
INFO:  --------------------------------------------------
INFO:  TRAIN:epoch = 75/350 classification_loss = 0.00000 train_time = 0.52
INFO:  ----------
INFO:  Late_delivery_risk Accuracy: 89.37% val_time = 0.03
INFO:  Days for shipping (real) Accuracy: 70.98% val_time = 0.03
INFO:  on_time Accuracy: 93.20% val_time = 0.03
INFO:  ----------
INFO:  best_overall_accuracy: 84.52% 
INFO:  --------------------------------------------------
INFO:  TRAIN:epoch = 76/350 classification_loss = 0.00000 train_time = 0.63
INFO:  ----------
INFO:  Late_delivery_risk Accuracy: 88.57% val_time = 0.03
INFO:  Days for shipping (real) Accuracy: 69.61% val_time = 0.03
INFO:  on_time Accuracy: 92.84% val_time = 0.03
INFO:  --------------------------------------------------
INFO:  TRAIN:epoch = 77/350 classification_loss = 0.00000 train_time = 0.52
INFO:  ----------
INFO:  Late_delivery_risk Accuracy: 89.16% val_time = 0.03
INFO:  Days for shipping (real) Accuracy: 70.35% val_time = 0.03
INFO:  on_time Accuracy: 92.83% val_time = 0.03
INFO:  --------------------------------------------------
INFO:  TRAIN:epoch = 78/350 classification_loss = 0.00000 train_time = 0.52
INFO:  ----------
INFO:  Late_delivery_risk Accuracy: 89.36% val_time = 0.03
INFO:  Days for shipping (real) Accuracy: 71.53% val_time = 0.03
INFO:  on_time Accuracy: 93.09% val_time = 0.03
INFO:  ----------
INFO:  best_overall_accuracy: 84.66% 
INFO:  --------------------------------------------------
INFO:  TRAIN:epoch = 79/350 classification_loss = 0.00000 train_time = 0.63
INFO:  ----------
INFO:  Late_delivery_risk Accuracy: 89.59% val_time = 0.03
INFO:  Days for shipping (real) Accuracy: 71.86% val_time = 0.03
INFO:  on_time Accuracy: 93.17% val_time = 0.03
INFO:  ----------
INFO:  best_overall_accuracy: 84.87% 
INFO:  --------------------------------------------------
INFO:  TRAIN:epoch = 80/350 classification_loss = 0.00000 train_time = 0.52
INFO:  ----------
INFO:  Late_delivery_risk Accuracy: 89.34% val_time = 0.03
INFO:  Days for shipping (real) Accuracy: 71.93% val_time = 0.03
INFO:  on_time Accuracy: 92.98% val_time = 0.03
INFO:  --------------------------------------------------
INFO:  TRAIN:epoch = 81/350 classification_loss = 0.00000 train_time = 0.63
INFO:  ----------
INFO:  Late_delivery_risk Accuracy: 89.93% val_time = 0.03
INFO:  Days for shipping (real) Accuracy: 72.70% val_time = 0.03
INFO:  on_time Accuracy: 93.23% val_time = 0.03
INFO:  ----------
INFO:  best_overall_accuracy: 85.29% 
INFO:  --------------------------------------------------
INFO:  TRAIN:epoch = 82/350 classification_loss = 0.00000 train_time = 0.52
INFO:  ----------
INFO:  Late_delivery_risk Accuracy: 90.03% val_time = 0.03
INFO:  Days for shipping (real) Accuracy: 73.13% val_time = 0.03
INFO:  on_time Accuracy: 93.53% val_time = 0.03
INFO:  ----------
INFO:  best_overall_accuracy: 85.56% 
INFO:  --------------------------------------------------
INFO:  TRAIN:epoch = 83/350 classification_loss = 0.00000 train_time = 0.62
INFO:  ----------
INFO:  Late_delivery_risk Accuracy: 90.50% val_time = 0.03
INFO:  Days for shipping (real) Accuracy: 74.44% val_time = 0.03
INFO:  on_time Accuracy: 93.92% val_time = 0.03
INFO:  ----------
INFO:  best_overall_accuracy: 86.29% 
INFO:  --------------------------------------------------
INFO:  TRAIN:epoch = 84/350 classification_loss = 0.00000 train_time = 0.52
INFO:  ----------
INFO:  Late_delivery_risk Accuracy: 90.47% val_time = 0.03
INFO:  Days for shipping (real) Accuracy: 74.27% val_time = 0.03
INFO:  on_time Accuracy: 93.92% val_time = 0.03
INFO:  --------------------------------------------------
INFO:  TRAIN:epoch = 85/350 classification_loss = 0.00000 train_time = 0.51
INFO:  ----------
INFO:  Late_delivery_risk Accuracy: 90.79% val_time = 0.03
INFO:  Days for shipping (real) Accuracy: 74.78% val_time = 0.03
INFO:  on_time Accuracy: 93.82% val_time = 0.03
INFO:  ----------
INFO:  best_overall_accuracy: 86.47% 
INFO:  --------------------------------------------------
INFO:  TRAIN:epoch = 86/350 classification_loss = 0.00000 train_time = 0.63
INFO:  ----------
INFO:  Late_delivery_risk Accuracy: 89.73% val_time = 0.03
INFO:  Days for shipping (real) Accuracy: 73.66% val_time = 0.03
INFO:  on_time Accuracy: 93.28% val_time = 0.03
INFO:  --------------------------------------------------
INFO:  TRAIN:epoch = 87/350 classification_loss = 0.00000 train_time = 0.52
INFO:  ----------
INFO:  Late_delivery_risk Accuracy: 90.14% val_time = 0.03
INFO:  Days for shipping (real) Accuracy: 74.04% val_time = 0.03
INFO:  on_time Accuracy: 93.76% val_time = 0.03
INFO:  --------------------------------------------------
INFO:  TRAIN:epoch = 88/350 classification_loss = 0.00000 train_time = 0.63
INFO:  ----------
INFO:  Late_delivery_risk Accuracy: 90.30% val_time = 0.03
INFO:  Days for shipping (real) Accuracy: 75.19% val_time = 0.03
INFO:  on_time Accuracy: 94.37% val_time = 0.03
INFO:  ----------
INFO:  best_overall_accuracy: 86.62% 
INFO:  --------------------------------------------------
INFO:  TRAIN:epoch = 89/350 classification_loss = 0.00000 train_time = 0.52
INFO:  ----------
INFO:  Late_delivery_risk Accuracy: 90.46% val_time = 0.03
INFO:  Days for shipping (real) Accuracy: 75.53% val_time = 0.03
INFO:  on_time Accuracy: 94.22% val_time = 0.03
INFO:  ----------
INFO:  best_overall_accuracy: 86.73% 
INFO:  --------------------------------------------------
INFO:  TRAIN:epoch = 90/350 classification_loss = 0.00000 train_time = 0.51
INFO:  ----------
INFO:  Late_delivery_risk Accuracy: 90.24% val_time = 0.03
INFO:  Days for shipping (real) Accuracy: 75.21% val_time = 0.03
INFO:  on_time Accuracy: 93.76% val_time = 0.03
INFO:  --------------------------------------------------
INFO:  TRAIN:epoch = 91/350 classification_loss = 0.00000 train_time = 0.63
INFO:  ----------
INFO:  Late_delivery_risk Accuracy: 89.83% val_time = 0.03
INFO:  Days for shipping (real) Accuracy: 74.00% val_time = 0.03
INFO:  on_time Accuracy: 93.47% val_time = 0.03
INFO:  --------------------------------------------------
INFO:  TRAIN:epoch = 92/350 classification_loss = 0.00000 train_time = 0.52
INFO:  ----------
INFO:  Late_delivery_risk Accuracy: 89.99% val_time = 0.03
INFO:  Days for shipping (real) Accuracy: 74.23% val_time = 0.03
INFO:  on_time Accuracy: 93.65% val_time = 0.03
INFO:  --------------------------------------------------
INFO:  TRAIN:epoch = 93/350 classification_loss = 0.00000 train_time = 0.63
INFO:  ----------
INFO:  Late_delivery_risk Accuracy: 90.51% val_time = 0.03
INFO:  Days for shipping (real) Accuracy: 75.39% val_time = 0.03
INFO:  on_time Accuracy: 94.02% val_time = 0.03
INFO:  --------------------------------------------------
INFO:  TRAIN:epoch = 94/350 classification_loss = 0.00000 train_time = 0.52
INFO:  ----------
INFO:  Late_delivery_risk Accuracy: 91.12% val_time = 0.03
INFO:  Days for shipping (real) Accuracy: 76.39% val_time = 0.03
INFO:  on_time Accuracy: 94.28% val_time = 0.03
INFO:  ----------
INFO:  best_overall_accuracy: 87.26% 
INFO:  --------------------------------------------------
INFO:  TRAIN:epoch = 95/350 classification_loss = 0.00000 train_time = 0.52
INFO:  ----------
INFO:  Late_delivery_risk Accuracy: 90.78% val_time = 0.03
INFO:  Days for shipping (real) Accuracy: 76.16% val_time = 0.03
INFO:  on_time Accuracy: 94.03% val_time = 0.03
INFO:  --------------------------------------------------
INFO:  TRAIN:epoch = 96/350 classification_loss = 0.00000 train_time = 0.62
INFO:  ----------
INFO:  Late_delivery_risk Accuracy: 90.55% val_time = 0.03
INFO:  Days for shipping (real) Accuracy: 75.97% val_time = 0.03
INFO:  on_time Accuracy: 93.93% val_time = 0.03
INFO:  --------------------------------------------------
INFO:  TRAIN:epoch = 97/350 classification_loss = 0.00000 train_time = 0.52
INFO:  ----------
INFO:  Late_delivery_risk Accuracy: 89.87% val_time = 0.03
INFO:  Days for shipping (real) Accuracy: 74.46% val_time = 0.03
INFO:  on_time Accuracy: 93.55% val_time = 0.03
INFO:  --------------------------------------------------
INFO:  TRAIN:epoch = 98/350 classification_loss = 0.00000 train_time = 0.63
INFO:  ----------
INFO:  Late_delivery_risk Accuracy: 90.41% val_time = 0.03
INFO:  Days for shipping (real) Accuracy: 76.31% val_time = 0.03
INFO:  on_time Accuracy: 93.94% val_time = 0.03
INFO:  --------------------------------------------------
INFO:  TRAIN:epoch = 99/350 classification_loss = 0.00000 train_time = 0.51
INFO:  ----------
INFO:  Late_delivery_risk Accuracy: 90.30% val_time = 0.03
INFO:  Days for shipping (real) Accuracy: 75.64% val_time = 0.03
INFO:  on_time Accuracy: 93.62% val_time = 0.03
INFO:  --------------------------------------------------
INFO:  TRAIN:epoch = 100/350 classification_loss = 0.00000 train_time = 0.62
INFO:  ----------
INFO:  Late_delivery_risk Accuracy: 89.99% val_time = 0.03
INFO:  Days for shipping (real) Accuracy: 75.01% val_time = 0.03
INFO:  on_time Accuracy: 93.44% val_time = 0.03
INFO:  --------------------------------------------------
INFO:  TRAIN:epoch = 101/350 classification_loss = 0.00000 train_time = 0.52
INFO:  ----------
INFO:  Late_delivery_risk Accuracy: 90.72% val_time = 0.03
INFO:  Days for shipping (real) Accuracy: 76.06% val_time = 0.03
INFO:  on_time Accuracy: 94.06% val_time = 0.03
INFO:  --------------------------------------------------
INFO:  TRAIN:epoch = 102/350 classification_loss = 0.00000 train_time = 0.51
INFO:  ----------
INFO:  Late_delivery_risk Accuracy: 91.31% val_time = 0.03
INFO:  Days for shipping (real) Accuracy: 77.36% val_time = 0.03
INFO:  on_time Accuracy: 94.39% val_time = 0.03
INFO:  ----------
INFO:  best_overall_accuracy: 87.69% 
INFO:  --------------------------------------------------
INFO:  TRAIN:epoch = 103/350 classification_loss = 0.00000 train_time = 0.62
INFO:  ----------
INFO:  Late_delivery_risk Accuracy: 90.73% val_time = 0.03
INFO:  Days for shipping (real) Accuracy: 76.97% val_time = 0.03
INFO:  on_time Accuracy: 93.84% val_time = 0.03
INFO:  --------------------------------------------------
INFO:  TRAIN:epoch = 104/350 classification_loss = 0.00000 train_time = 0.52
INFO:  ----------
INFO:  Late_delivery_risk Accuracy: 90.85% val_time = 0.03
INFO:  Days for shipping (real) Accuracy: 77.47% val_time = 0.03
INFO:  on_time Accuracy: 94.18% val_time = 0.03
INFO:  --------------------------------------------------
INFO:  TRAIN:epoch = 105/350 classification_loss = 0.00000 train_time = 0.63
INFO:  ----------
INFO:  Late_delivery_risk Accuracy: 91.17% val_time = 0.03
INFO:  Days for shipping (real) Accuracy: 77.25% val_time = 0.03
INFO:  on_time Accuracy: 94.41% val_time = 0.03
INFO:  --------------------------------------------------
INFO:  TRAIN:epoch = 106/350 classification_loss = 0.00000 train_time = 0.53
INFO:  ----------
INFO:  Late_delivery_risk Accuracy: 91.07% val_time = 0.03
INFO:  Days for shipping (real) Accuracy: 77.25% val_time = 0.03
INFO:  on_time Accuracy: 94.13% val_time = 0.03
INFO:  --------------------------------------------------
INFO:  TRAIN:epoch = 107/350 classification_loss = 0.00000 train_time = 0.52
INFO:  ----------
INFO:  Late_delivery_risk Accuracy: 91.10% val_time = 0.03
INFO:  Days for shipping (real) Accuracy: 77.69% val_time = 0.03
INFO:  on_time Accuracy: 94.19% val_time = 0.03
INFO:  --------------------------------------------------
INFO:  TRAIN:epoch = 108/350 classification_loss = 0.00000 train_time = 0.62
INFO:  ----------
INFO:  Late_delivery_risk Accuracy: 90.84% val_time = 0.03
INFO:  Days for shipping (real) Accuracy: 77.41% val_time = 0.03
INFO:  on_time Accuracy: 93.96% val_time = 0.03
INFO:  --------------------------------------------------
INFO:  TRAIN:epoch = 109/350 classification_loss = 0.00000 train_time = 0.51
INFO:  ----------
INFO:  Late_delivery_risk Accuracy: 90.66% val_time = 0.03
INFO:  Days for shipping (real) Accuracy: 77.50% val_time = 0.03
INFO:  on_time Accuracy: 94.25% val_time = 0.03
INFO:  --------------------------------------------------
INFO:  TRAIN:epoch = 110/350 classification_loss = 0.00000 train_time = 0.63
INFO:  ----------
INFO:  Late_delivery_risk Accuracy: 91.53% val_time = 0.03
INFO:  Days for shipping (real) Accuracy: 78.53% val_time = 0.03
INFO:  on_time Accuracy: 94.38% val_time = 0.03
INFO:  ----------
INFO:  best_overall_accuracy: 88.15% 
INFO:  --------------------------------------------------
INFO:  TRAIN:epoch = 111/350 classification_loss = 0.00000 train_time = 0.53
INFO:  ----------
INFO:  Late_delivery_risk Accuracy: 91.54% val_time = 0.03
INFO:  Days for shipping (real) Accuracy: 79.38% val_time = 0.03
INFO:  on_time Accuracy: 94.64% val_time = 0.03
INFO:  ----------
INFO:  best_overall_accuracy: 88.52% 
INFO:  --------------------------------------------------
INFO:  TRAIN:epoch = 112/350 classification_loss = 0.00000 train_time = 0.61
INFO:  ----------
INFO:  Late_delivery_risk Accuracy: 90.64% val_time = 0.03
INFO:  Days for shipping (real) Accuracy: 77.97% val_time = 0.03
INFO:  on_time Accuracy: 94.25% val_time = 0.03
INFO:  --------------------------------------------------
INFO:  TRAIN:epoch = 113/350 classification_loss = 0.00000 train_time = 0.52
INFO:  ----------
INFO:  Late_delivery_risk Accuracy: 91.87% val_time = 0.03
INFO:  Days for shipping (real) Accuracy: 79.19% val_time = 0.03
INFO:  on_time Accuracy: 94.63% val_time = 0.03
INFO:  ----------
INFO:  best_overall_accuracy: 88.57% 
INFO:  --------------------------------------------------
INFO:  TRAIN:epoch = 114/350 classification_loss = 0.00000 train_time = 0.51
INFO:  ----------
INFO:  Late_delivery_risk Accuracy: 91.24% val_time = 0.03
INFO:  Days for shipping (real) Accuracy: 78.64% val_time = 0.03
INFO:  on_time Accuracy: 94.56% val_time = 0.03
INFO:  --------------------------------------------------
INFO:  TRAIN:epoch = 115/350 classification_loss = 0.00000 train_time = 0.64
INFO:  ----------
INFO:  Late_delivery_risk Accuracy: 91.81% val_time = 0.03
INFO:  Days for shipping (real) Accuracy: 79.22% val_time = 0.03
INFO:  on_time Accuracy: 94.51% val_time = 0.03
INFO:  --------------------------------------------------
INFO:  TRAIN:epoch = 116/350 classification_loss = 0.00000 train_time = 0.52
INFO:  ----------
INFO:  Late_delivery_risk Accuracy: 91.48% val_time = 0.03
INFO:  Days for shipping (real) Accuracy: 78.75% val_time = 0.03
INFO:  on_time Accuracy: 94.51% val_time = 0.03
INFO:  --------------------------------------------------
INFO:  TRAIN:epoch = 117/350 classification_loss = 0.00000 train_time = 0.63
INFO:  ----------
INFO:  Late_delivery_risk Accuracy: 91.61% val_time = 0.03
INFO:  Days for shipping (real) Accuracy: 79.55% val_time = 0.03
INFO:  on_time Accuracy: 94.66% val_time = 0.03
INFO:  ----------
INFO:  best_overall_accuracy: 88.61% 
INFO:  --------------------------------------------------
INFO:  TRAIN:epoch = 118/350 classification_loss = 0.00000 train_time = 0.51
INFO:  ----------
INFO:  Late_delivery_risk Accuracy: 91.27% val_time = 0.03
INFO:  Days for shipping (real) Accuracy: 78.08% val_time = 0.03
INFO:  on_time Accuracy: 93.98% val_time = 0.03
INFO:  --------------------------------------------------
INFO:  TRAIN:epoch = 119/350 classification_loss = 0.00000 train_time = 0.52
INFO:  ----------
INFO:  Late_delivery_risk Accuracy: 91.05% val_time = 0.03
INFO:  Days for shipping (real) Accuracy: 78.77% val_time = 0.03
INFO:  on_time Accuracy: 94.43% val_time = 0.03
INFO:  --------------------------------------------------
INFO:  TRAIN:epoch = 120/350 classification_loss = 0.00000 train_time = 0.63
INFO:  ----------
INFO:  Late_delivery_risk Accuracy: 91.13% val_time = 0.03
INFO:  Days for shipping (real) Accuracy: 78.25% val_time = 0.03
INFO:  on_time Accuracy: 94.14% val_time = 0.03
INFO:  --------------------------------------------------
INFO:  TRAIN:epoch = 121/350 classification_loss = 0.00000 train_time = 0.52
INFO:  ----------
INFO:  Late_delivery_risk Accuracy: 91.05% val_time = 0.03
INFO:  Days for shipping (real) Accuracy: 77.90% val_time = 0.03
INFO:  on_time Accuracy: 94.32% val_time = 0.03
INFO:  --------------------------------------------------
INFO:  TRAIN:epoch = 122/350 classification_loss = 0.00000 train_time = 0.63
INFO:  ----------
INFO:  Late_delivery_risk Accuracy: 91.57% val_time = 0.03
INFO:  Days for shipping (real) Accuracy: 79.09% val_time = 0.03
INFO:  on_time Accuracy: 94.35% val_time = 0.03
INFO:  --------------------------------------------------
INFO:  TRAIN:epoch = 123/350 classification_loss = 0.00000 train_time = 0.53
INFO:  ----------
INFO:  Late_delivery_risk Accuracy: 91.74% val_time = 0.03
INFO:  Days for shipping (real) Accuracy: 79.76% val_time = 0.03
INFO:  on_time Accuracy: 94.77% val_time = 0.03
INFO:  ----------
INFO:  best_overall_accuracy: 88.76% 
INFO:  --------------------------------------------------
INFO:  TRAIN:epoch = 124/350 classification_loss = 0.00000 train_time = 0.52
INFO:  ----------
INFO:  Late_delivery_risk Accuracy: 91.60% val_time = 0.03
INFO:  Days for shipping (real) Accuracy: 80.57% val_time = 0.03
INFO:  on_time Accuracy: 94.74% val_time = 0.03
INFO:  ----------
INFO:  best_overall_accuracy: 88.97% 
INFO:  --------------------------------------------------
INFO:  TRAIN:epoch = 125/350 classification_loss = 0.00000 train_time = 0.63
INFO:  ----------
INFO:  Late_delivery_risk Accuracy: 91.67% val_time = 0.03
INFO:  Days for shipping (real) Accuracy: 79.76% val_time = 0.03
INFO:  on_time Accuracy: 94.41% val_time = 0.03
INFO:  --------------------------------------------------
INFO:  TRAIN:epoch = 126/350 classification_loss = 0.00000 train_time = 0.52
INFO:  ----------
INFO:  Late_delivery_risk Accuracy: 91.51% val_time = 0.03
INFO:  Days for shipping (real) Accuracy: 80.13% val_time = 0.03
INFO:  on_time Accuracy: 94.54% val_time = 0.03
INFO:  --------------------------------------------------
INFO:  TRAIN:epoch = 127/350 classification_loss = 0.00000 train_time = 0.63
INFO:  ----------
INFO:  Late_delivery_risk Accuracy: 91.37% val_time = 0.03
INFO:  Days for shipping (real) Accuracy: 80.23% val_time = 0.03
INFO:  on_time Accuracy: 94.90% val_time = 0.03
INFO:  --------------------------------------------------
INFO:  TRAIN:epoch = 128/350 classification_loss = 0.00000 train_time = 0.52
INFO:  ----------
INFO:  Late_delivery_risk Accuracy: 91.96% val_time = 0.03
INFO:  Days for shipping (real) Accuracy: 79.64% val_time = 0.03
INFO:  on_time Accuracy: 94.61% val_time = 0.03
INFO:  --------------------------------------------------
INFO:  TRAIN:epoch = 129/350 classification_loss = 0.00000 train_time = 0.63
INFO:  ----------
INFO:  Late_delivery_risk Accuracy: 91.43% val_time = 0.03
INFO:  Days for shipping (real) Accuracy: 79.89% val_time = 0.03
INFO:  on_time Accuracy: 94.45% val_time = 0.03
INFO:  --------------------------------------------------
INFO:  TRAIN:epoch = 130/350 classification_loss = 0.00000 train_time = 0.53
INFO:  ----------
INFO:  Late_delivery_risk Accuracy: 91.11% val_time = 0.03
INFO:  Days for shipping (real) Accuracy: 78.56% val_time = 0.03
INFO:  on_time Accuracy: 94.14% val_time = 0.03
INFO:  --------------------------------------------------
INFO:  TRAIN:epoch = 131/350 classification_loss = 0.00000 train_time = 0.52
INFO:  ----------
INFO:  Late_delivery_risk Accuracy: 91.75% val_time = 0.03
INFO:  Days for shipping (real) Accuracy: 79.30% val_time = 0.03
INFO:  on_time Accuracy: 94.41% val_time = 0.03
INFO:  --------------------------------------------------
INFO:  TRAIN:epoch = 132/350 classification_loss = 0.00000 train_time = 0.62
INFO:  ----------
INFO:  Late_delivery_risk Accuracy: 91.99% val_time = 0.03
INFO:  Days for shipping (real) Accuracy: 80.72% val_time = 0.03
INFO:  on_time Accuracy: 94.81% val_time = 0.03
INFO:  ----------
INFO:  best_overall_accuracy: 89.17% 
INFO:  --------------------------------------------------
INFO:  TRAIN:epoch = 133/350 classification_loss = 0.00000 train_time = 0.52
INFO:  ----------
INFO:  Late_delivery_risk Accuracy: 91.68% val_time = 0.03
INFO:  Days for shipping (real) Accuracy: 80.36% val_time = 0.03
INFO:  on_time Accuracy: 94.63% val_time = 0.03
INFO:  --------------------------------------------------
INFO:  TRAIN:epoch = 134/350 classification_loss = 0.00000 train_time = 0.64
INFO:  ----------
INFO:  Late_delivery_risk Accuracy: 91.34% val_time = 0.03
INFO:  Days for shipping (real) Accuracy: 79.43% val_time = 0.03
INFO:  on_time Accuracy: 94.17% val_time = 0.03
INFO:  --------------------------------------------------
INFO:  TRAIN:epoch = 135/350 classification_loss = 0.00000 train_time = 0.53
INFO:  ----------
INFO:  Late_delivery_risk Accuracy: 91.56% val_time = 0.03
INFO:  Days for shipping (real) Accuracy: 80.18% val_time = 0.03
INFO:  on_time Accuracy: 94.63% val_time = 0.03
INFO:  --------------------------------------------------
INFO:  TRAIN:epoch = 136/350 classification_loss = 0.00000 train_time = 0.52
INFO:  ----------
INFO:  Late_delivery_risk Accuracy: 91.46% val_time = 0.03
INFO:  Days for shipping (real) Accuracy: 79.99% val_time = 0.03
INFO:  on_time Accuracy: 94.64% val_time = 0.03
INFO:  --------------------------------------------------
INFO:  TRAIN:epoch = 137/350 classification_loss = 0.00000 train_time = 0.63
INFO:  ----------
INFO:  Late_delivery_risk Accuracy: 91.35% val_time = 0.03
INFO:  Days for shipping (real) Accuracy: 79.42% val_time = 0.03
INFO:  on_time Accuracy: 93.93% val_time = 0.03
INFO:  --------------------------------------------------
INFO:  TRAIN:epoch = 138/350 classification_loss = 0.00000 train_time = 0.52
INFO:  ----------
INFO:  Late_delivery_risk Accuracy: 92.03% val_time = 0.03
INFO:  Days for shipping (real) Accuracy: 81.49% val_time = 0.03
INFO:  on_time Accuracy: 94.84% val_time = 0.03
INFO:  ----------
INFO:  best_overall_accuracy: 89.45% 
INFO:  --------------------------------------------------
INFO:  TRAIN:epoch = 139/350 classification_loss = 0.00000 train_time = 0.62
INFO:  ----------
INFO:  Late_delivery_risk Accuracy: 92.05% val_time = 0.03
INFO:  Days for shipping (real) Accuracy: 81.92% val_time = 0.03
INFO:  on_time Accuracy: 94.65% val_time = 0.03
INFO:  ----------
INFO:  best_overall_accuracy: 89.54% 
INFO:  --------------------------------------------------
INFO:  TRAIN:epoch = 140/350 classification_loss = 0.00000 train_time = 0.51
INFO:  ----------
INFO:  Late_delivery_risk Accuracy: 92.21% val_time = 0.03
INFO:  Days for shipping (real) Accuracy: 81.82% val_time = 0.03
INFO:  on_time Accuracy: 94.87% val_time = 0.03
INFO:  ----------
INFO:  best_overall_accuracy: 89.63% 
INFO:  --------------------------------------------------
INFO:  TRAIN:epoch = 141/350 classification_loss = 0.00000 train_time = 0.52
INFO:  ----------
INFO:  Late_delivery_risk Accuracy: 91.82% val_time = 0.03
INFO:  Days for shipping (real) Accuracy: 80.97% val_time = 0.03
INFO:  on_time Accuracy: 94.76% val_time = 0.03
INFO:  --------------------------------------------------
INFO:  TRAIN:epoch = 142/350 classification_loss = 0.00000 train_time = 0.62
INFO:  ----------
INFO:  Late_delivery_risk Accuracy: 92.27% val_time = 0.03
INFO:  Days for shipping (real) Accuracy: 81.84% val_time = 0.03
INFO:  on_time Accuracy: 95.15% val_time = 0.03
INFO:  ----------
INFO:  best_overall_accuracy: 89.75% 
INFO:  --------------------------------------------------
INFO:  TRAIN:epoch = 143/350 classification_loss = 0.00000 train_time = 0.52
INFO:  ----------
INFO:  Late_delivery_risk Accuracy: 92.00% val_time = 0.03
INFO:  Days for shipping (real) Accuracy: 81.58% val_time = 0.03
INFO:  on_time Accuracy: 94.96% val_time = 0.03
INFO:  --------------------------------------------------
INFO:  TRAIN:epoch = 144/350 classification_loss = 0.00000 train_time = 0.63
INFO:  ----------
INFO:  Late_delivery_risk Accuracy: 91.24% val_time = 0.03
INFO:  Days for shipping (real) Accuracy: 79.73% val_time = 0.03
INFO:  on_time Accuracy: 94.30% val_time = 0.03
INFO:  --------------------------------------------------
INFO:  TRAIN:epoch = 145/350 classification_loss = 0.00000 train_time = 0.52
INFO:  ----------
INFO:  Late_delivery_risk Accuracy: 91.27% val_time = 0.03
INFO:  Days for shipping (real) Accuracy: 79.96% val_time = 0.03
INFO:  on_time Accuracy: 94.34% val_time = 0.03
INFO:  --------------------------------------------------
INFO:  TRAIN:epoch = 146/350 classification_loss = 0.00000 train_time = 0.62
INFO:  ----------
INFO:  Late_delivery_risk Accuracy: 92.14% val_time = 0.03
INFO:  Days for shipping (real) Accuracy: 81.33% val_time = 0.03
INFO:  on_time Accuracy: 94.81% val_time = 0.03
INFO:  --------------------------------------------------
INFO:  TRAIN:epoch = 147/350 classification_loss = 0.00000 train_time = 0.52
INFO:  ----------
INFO:  Late_delivery_risk Accuracy: 92.32% val_time = 0.03
INFO:  Days for shipping (real) Accuracy: 81.55% val_time = 0.03
INFO:  on_time Accuracy: 94.83% val_time = 0.03
INFO:  --------------------------------------------------
INFO:  TRAIN:epoch = 148/350 classification_loss = 0.00000 train_time = 0.52
INFO:  ----------
INFO:  Late_delivery_risk Accuracy: 91.44% val_time = 0.03
INFO:  Days for shipping (real) Accuracy: 79.93% val_time = 0.03
INFO:  on_time Accuracy: 94.30% val_time = 0.03
INFO:  --------------------------------------------------
INFO:  TRAIN:epoch = 149/350 classification_loss = 0.00000 train_time = 0.63
INFO:  ----------
INFO:  Late_delivery_risk Accuracy: 92.07% val_time = 0.03
INFO:  Days for shipping (real) Accuracy: 81.34% val_time = 0.03
INFO:  on_time Accuracy: 94.61% val_time = 0.03
INFO:  --------------------------------------------------
INFO:  TRAIN:epoch = 150/350 classification_loss = 0.00000 train_time = 0.52
INFO:  ----------
INFO:  Late_delivery_risk Accuracy: 91.68% val_time = 0.03
INFO:  Days for shipping (real) Accuracy: 80.29% val_time = 0.03
INFO:  on_time Accuracy: 94.55% val_time = 0.03
INFO:  --------------------------------------------------
INFO:  TRAIN:epoch = 151/350 classification_loss = 0.00000 train_time = 0.63
INFO:  ----------
INFO:  Late_delivery_risk Accuracy: 92.37% val_time = 0.03
INFO:  Days for shipping (real) Accuracy: 81.85% val_time = 0.03
INFO:  on_time Accuracy: 94.96% val_time = 0.03
INFO:  --------------------------------------------------
INFO:  TRAIN:epoch = 152/350 classification_loss = 0.00000 train_time = 0.52
INFO:  ----------
INFO:  Late_delivery_risk Accuracy: 92.09% val_time = 0.03
INFO:  Days for shipping (real) Accuracy: 81.32% val_time = 0.03
INFO:  on_time Accuracy: 94.68% val_time = 0.03
INFO:  --------------------------------------------------
INFO:  TRAIN:epoch = 153/350 classification_loss = 0.00000 train_time = 0.51
INFO:  ----------
INFO:  Late_delivery_risk Accuracy: 91.89% val_time = 0.03
INFO:  Days for shipping (real) Accuracy: 80.67% val_time = 0.03
INFO:  on_time Accuracy: 94.40% val_time = 0.03
INFO:  --------------------------------------------------
INFO:  TRAIN:epoch = 154/350 classification_loss = 0.00000 train_time = 0.62
INFO:  ----------
INFO:  Late_delivery_risk Accuracy: 91.74% val_time = 0.03
INFO:  Days for shipping (real) Accuracy: 80.83% val_time = 0.03
INFO:  on_time Accuracy: 94.54% val_time = 0.03
INFO:  --------------------------------------------------
INFO:  TRAIN:epoch = 155/350 classification_loss = 0.00000 train_time = 0.52
INFO:  ----------
INFO:  Late_delivery_risk Accuracy: 91.56% val_time = 0.03
INFO:  Days for shipping (real) Accuracy: 80.66% val_time = 0.03
INFO:  on_time Accuracy: 94.69% val_time = 0.03
INFO:  --------------------------------------------------
INFO:  TRAIN:epoch = 156/350 classification_loss = 0.00000 train_time = 0.62
INFO:  ----------
INFO:  Late_delivery_risk Accuracy: 92.12% val_time = 0.03
INFO:  Days for shipping (real) Accuracy: 81.73% val_time = 0.03
INFO:  on_time Accuracy: 94.93% val_time = 0.03
INFO:  --------------------------------------------------
INFO:  TRAIN:epoch = 157/350 classification_loss = 0.00000 train_time = 0.53
INFO:  ----------
INFO:  Late_delivery_risk Accuracy: 92.42% val_time = 0.03
INFO:  Days for shipping (real) Accuracy: 82.39% val_time = 0.03
INFO:  on_time Accuracy: 95.01% val_time = 0.03
INFO:  ----------
INFO:  best_overall_accuracy: 89.94% 
INFO:  --------------------------------------------------
INFO:  TRAIN:epoch = 158/350 classification_loss = 0.00000 train_time = 0.53
INFO:  ----------
INFO:  Late_delivery_risk Accuracy: 92.08% val_time = 0.03
INFO:  Days for shipping (real) Accuracy: 81.81% val_time = 0.03
INFO:  on_time Accuracy: 94.89% val_time = 0.03
INFO:  --------------------------------------------------
INFO:  TRAIN:epoch = 159/350 classification_loss = 0.00000 train_time = 0.63
INFO:  ----------
INFO:  Late_delivery_risk Accuracy: 91.71% val_time = 0.03
INFO:  Days for shipping (real) Accuracy: 81.33% val_time = 0.03
INFO:  on_time Accuracy: 94.74% val_time = 0.03
INFO:  --------------------------------------------------
INFO:  TRAIN:epoch = 160/350 classification_loss = 0.00000 train_time = 0.52
INFO:  ----------
INFO:  Late_delivery_risk Accuracy: 91.54% val_time = 0.03
INFO:  Days for shipping (real) Accuracy: 80.76% val_time = 0.03
INFO:  on_time Accuracy: 94.69% val_time = 0.03
INFO:  --------------------------------------------------
INFO:  TRAIN:epoch = 161/350 classification_loss = 0.00000 train_time = 0.62
INFO:  ----------
INFO:  Late_delivery_risk Accuracy: 91.92% val_time = 0.03
INFO:  Days for shipping (real) Accuracy: 80.98% val_time = 0.03
INFO:  on_time Accuracy: 94.68% val_time = 0.03
INFO:  --------------------------------------------------
INFO:  TRAIN:epoch = 162/350 classification_loss = 0.00000 train_time = 0.52
INFO:  ----------
INFO:  Late_delivery_risk Accuracy: 92.03% val_time = 0.03
INFO:  Days for shipping (real) Accuracy: 81.91% val_time = 0.03
INFO:  on_time Accuracy: 94.91% val_time = 0.03
INFO:  --------------------------------------------------
INFO:  TRAIN:epoch = 163/350 classification_loss = 0.00000 train_time = 0.62
INFO:  ----------
INFO:  Late_delivery_risk Accuracy: 92.44% val_time = 0.03
INFO:  Days for shipping (real) Accuracy: 82.64% val_time = 0.03
INFO:  on_time Accuracy: 94.86% val_time = 0.03
INFO:  ----------
INFO:  best_overall_accuracy: 89.98% 
INFO:  --------------------------------------------------
INFO:  TRAIN:epoch = 164/350 classification_loss = 0.00000 train_time = 0.51
INFO:  ----------
INFO:  Late_delivery_risk Accuracy: 92.63% val_time = 0.03
INFO:  Days for shipping (real) Accuracy: 82.60% val_time = 0.03
INFO:  on_time Accuracy: 94.91% val_time = 0.03
INFO:  ----------
INFO:  best_overall_accuracy: 90.05% 
INFO:  --------------------------------------------------
INFO:  TRAIN:epoch = 165/350 classification_loss = 0.00000 train_time = 0.52
INFO:  ----------
INFO:  Late_delivery_risk Accuracy: 91.89% val_time = 0.03
INFO:  Days for shipping (real) Accuracy: 81.35% val_time = 0.03
INFO:  on_time Accuracy: 94.66% val_time = 0.03
INFO:  --------------------------------------------------
INFO:  TRAIN:epoch = 166/350 classification_loss = 0.00000 train_time = 0.63
INFO:  ----------
INFO:  Late_delivery_risk Accuracy: 92.03% val_time = 0.03
INFO:  Days for shipping (real) Accuracy: 81.98% val_time = 0.03
INFO:  on_time Accuracy: 94.72% val_time = 0.03
INFO:  --------------------------------------------------
INFO:  TRAIN:epoch = 167/350 classification_loss = 0.00000 train_time = 0.51
INFO:  ----------
INFO:  Late_delivery_risk Accuracy: 92.05% val_time = 0.03
INFO:  Days for shipping (real) Accuracy: 81.43% val_time = 0.03
INFO:  on_time Accuracy: 94.63% val_time = 0.03
INFO:  --------------------------------------------------
INFO:  TRAIN:epoch = 168/350 classification_loss = 0.00000 train_time = 0.62
INFO:  ----------
INFO:  Late_delivery_risk Accuracy: 92.51% val_time = 0.03
INFO:  Days for shipping (real) Accuracy: 82.85% val_time = 0.03
INFO:  on_time Accuracy: 95.27% val_time = 0.03
INFO:  ----------
INFO:  best_overall_accuracy: 90.21% 
INFO:  --------------------------------------------------
INFO:  TRAIN:epoch = 169/350 classification_loss = 0.00000 train_time = 0.52
INFO:  ----------
INFO:  Late_delivery_risk Accuracy: 92.79% val_time = 0.03
INFO:  Days for shipping (real) Accuracy: 83.19% val_time = 0.03
INFO:  on_time Accuracy: 95.00% val_time = 0.03
INFO:  ----------
INFO:  best_overall_accuracy: 90.33% 
INFO:  --------------------------------------------------
INFO:  TRAIN:epoch = 170/350 classification_loss = 0.00000 train_time = 0.53
INFO:  ----------
INFO:  Late_delivery_risk Accuracy: 92.40% val_time = 0.03
INFO:  Days for shipping (real) Accuracy: 82.27% val_time = 0.03
INFO:  on_time Accuracy: 94.65% val_time = 0.03
INFO:  --------------------------------------------------
INFO:  TRAIN:epoch = 171/350 classification_loss = 0.00000 train_time = 0.63
INFO:  ----------
INFO:  Late_delivery_risk Accuracy: 92.31% val_time = 0.03
INFO:  Days for shipping (real) Accuracy: 81.87% val_time = 0.03
INFO:  on_time Accuracy: 94.75% val_time = 0.03
INFO:  --------------------------------------------------
INFO:  TRAIN:epoch = 172/350 classification_loss = 0.00000 train_time = 0.51
INFO:  ----------
INFO:  Late_delivery_risk Accuracy: 92.59% val_time = 0.03
INFO:  Days for shipping (real) Accuracy: 82.91% val_time = 0.03
INFO:  on_time Accuracy: 95.00% val_time = 0.03
INFO:  --------------------------------------------------
INFO:  TRAIN:epoch = 173/350 classification_loss = 0.00000 train_time = 0.62
INFO:  ----------
INFO:  Late_delivery_risk Accuracy: 92.03% val_time = 0.03
INFO:  Days for shipping (real) Accuracy: 82.24% val_time = 0.03
INFO:  on_time Accuracy: 95.00% val_time = 0.03
INFO:  --------------------------------------------------
INFO:  TRAIN:epoch = 174/350 classification_loss = 0.00000 train_time = 0.53
INFO:  ----------
INFO:  Late_delivery_risk Accuracy: 92.39% val_time = 0.03
INFO:  Days for shipping (real) Accuracy: 82.77% val_time = 0.03
INFO:  on_time Accuracy: 95.07% val_time = 0.03
INFO:  --------------------------------------------------
INFO:  TRAIN:epoch = 175/350 classification_loss = 0.00000 train_time = 0.52
INFO:  ----------
INFO:  Late_delivery_risk Accuracy: 92.41% val_time = 0.03
INFO:  Days for shipping (real) Accuracy: 82.14% val_time = 0.03
INFO:  on_time Accuracy: 95.00% val_time = 0.03
INFO:  --------------------------------------------------
INFO:  TRAIN:epoch = 176/350 classification_loss = 0.00000 train_time = 0.62
INFO:  ----------
INFO:  Late_delivery_risk Accuracy: 92.20% val_time = 0.03
INFO:  Days for shipping (real) Accuracy: 82.11% val_time = 0.03
INFO:  on_time Accuracy: 94.71% val_time = 0.03
INFO:  --------------------------------------------------
INFO:  TRAIN:epoch = 177/350 classification_loss = 0.00000 train_time = 0.52
INFO:  ----------
INFO:  Late_delivery_risk Accuracy: 92.34% val_time = 0.03
INFO:  Days for shipping (real) Accuracy: 83.05% val_time = 0.03
INFO:  on_time Accuracy: 95.22% val_time = 0.03
INFO:  --------------------------------------------------
INFO:  TRAIN:epoch = 178/350 classification_loss = 0.00000 train_time = 0.63
INFO:  ----------
INFO:  Late_delivery_risk Accuracy: 92.65% val_time = 0.03
INFO:  Days for shipping (real) Accuracy: 83.90% val_time = 0.03
INFO:  on_time Accuracy: 95.33% val_time = 0.03
INFO:  ----------
INFO:  best_overall_accuracy: 90.63% 
INFO:  --------------------------------------------------
INFO:  TRAIN:epoch = 179/350 classification_loss = 0.00000 train_time = 0.52
INFO:  ----------
INFO:  Late_delivery_risk Accuracy: 92.33% val_time = 0.03
INFO:  Days for shipping (real) Accuracy: 83.09% val_time = 0.03
INFO:  on_time Accuracy: 95.17% val_time = 0.03
INFO:  --------------------------------------------------
INFO:  TRAIN:epoch = 180/350 classification_loss = 0.00000 train_time = 0.63
INFO:  ----------
INFO:  Late_delivery_risk Accuracy: 92.17% val_time = 0.03
INFO:  Days for shipping (real) Accuracy: 82.03% val_time = 0.03
INFO:  on_time Accuracy: 94.98% val_time = 0.03
INFO:  --------------------------------------------------
INFO:  TRAIN:epoch = 181/350 classification_loss = 0.00000 train_time = 0.52
INFO:  ----------
INFO:  Late_delivery_risk Accuracy: 91.83% val_time = 0.03
INFO:  Days for shipping (real) Accuracy: 81.76% val_time = 0.03
INFO:  on_time Accuracy: 94.66% val_time = 0.03
INFO:  --------------------------------------------------
INFO:  TRAIN:epoch = 182/350 classification_loss = 0.00000 train_time = 0.52
INFO:  ----------
INFO:  Late_delivery_risk Accuracy: 92.20% val_time = 0.03
INFO:  Days for shipping (real) Accuracy: 82.17% val_time = 0.03
INFO:  on_time Accuracy: 95.00% val_time = 0.03
INFO:  --------------------------------------------------
INFO:  TRAIN:epoch = 183/350 classification_loss = 0.00000 train_time = 0.63
INFO:  ----------
INFO:  Late_delivery_risk Accuracy: 92.09% val_time = 0.03
INFO:  Days for shipping (real) Accuracy: 82.36% val_time = 0.03
INFO:  on_time Accuracy: 95.02% val_time = 0.03
INFO:  --------------------------------------------------
INFO:  TRAIN:epoch = 184/350 classification_loss = 0.00000 train_time = 0.52
INFO:  ----------
INFO:  Late_delivery_risk Accuracy: 91.77% val_time = 0.03
INFO:  Days for shipping (real) Accuracy: 81.96% val_time = 0.03
INFO:  on_time Accuracy: 94.54% val_time = 0.03
INFO:  --------------------------------------------------
INFO:  TRAIN:epoch = 185/350 classification_loss = 0.00000 train_time = 0.62
INFO:  ----------
INFO:  Late_delivery_risk Accuracy: 91.86% val_time = 0.03
INFO:  Days for shipping (real) Accuracy: 82.16% val_time = 0.03
INFO:  on_time Accuracy: 94.88% val_time = 0.03
INFO:  --------------------------------------------------
INFO:  TRAIN:epoch = 186/350 classification_loss = 0.00000 train_time = 0.52
INFO:  ----------
INFO:  Late_delivery_risk Accuracy: 92.31% val_time = 0.03
INFO:  Days for shipping (real) Accuracy: 83.44% val_time = 0.03
INFO:  on_time Accuracy: 95.21% val_time = 0.03
INFO:  --------------------------------------------------
INFO:  TRAIN:epoch = 187/350 classification_loss = 0.00000 train_time = 0.52
INFO:  ----------
INFO:  Late_delivery_risk Accuracy: 92.29% val_time = 0.03
INFO:  Days for shipping (real) Accuracy: 82.58% val_time = 0.03
INFO:  on_time Accuracy: 94.96% val_time = 0.03
INFO:  --------------------------------------------------
INFO:  TRAIN:epoch = 188/350 classification_loss = 0.00000 train_time = 0.63
INFO:  ----------
INFO:  Late_delivery_risk Accuracy: 92.51% val_time = 0.03
INFO:  Days for shipping (real) Accuracy: 83.02% val_time = 0.03
INFO:  on_time Accuracy: 94.96% val_time = 0.03
INFO:  --------------------------------------------------
INFO:  TRAIN:epoch = 189/350 classification_loss = 0.00000 train_time = 0.52
INFO:  ----------
INFO:  Late_delivery_risk Accuracy: 92.47% val_time = 0.03
INFO:  Days for shipping (real) Accuracy: 82.94% val_time = 0.03
INFO:  on_time Accuracy: 94.80% val_time = 0.03
INFO:  --------------------------------------------------
INFO:  TRAIN:epoch = 190/350 classification_loss = 0.00000 train_time = 0.62
INFO:  ----------
INFO:  Late_delivery_risk Accuracy: 92.46% val_time = 0.03
INFO:  Days for shipping (real) Accuracy: 82.19% val_time = 0.03
INFO:  on_time Accuracy: 94.95% val_time = 0.03
INFO:  --------------------------------------------------
INFO:  TRAIN:epoch = 191/350 classification_loss = 0.00000 train_time = 0.52
INFO:  ----------
INFO:  Late_delivery_risk Accuracy: 92.50% val_time = 0.03
INFO:  Days for shipping (real) Accuracy: 83.03% val_time = 0.03
INFO:  on_time Accuracy: 95.09% val_time = 0.03
INFO:  --------------------------------------------------
INFO:  TRAIN:epoch = 192/350 classification_loss = 0.00000 train_time = 0.63
INFO:  ----------
INFO:  Late_delivery_risk Accuracy: 92.23% val_time = 0.03
INFO:  Days for shipping (real) Accuracy: 81.95% val_time = 0.03
INFO:  on_time Accuracy: 94.75% val_time = 0.03
INFO:  --------------------------------------------------
INFO:  TRAIN:epoch = 193/350 classification_loss = 0.00000 train_time = 0.52
INFO:  ----------
INFO:  Late_delivery_risk Accuracy: 92.25% val_time = 0.03
INFO:  Days for shipping (real) Accuracy: 82.04% val_time = 0.03
INFO:  on_time Accuracy: 94.70% val_time = 0.03
INFO:  --------------------------------------------------
INFO:  TRAIN:epoch = 194/350 classification_loss = 0.00000 train_time = 0.52
INFO:  ----------
INFO:  Late_delivery_risk Accuracy: 91.90% val_time = 0.03
INFO:  Days for shipping (real) Accuracy: 81.12% val_time = 0.03
INFO:  on_time Accuracy: 94.02% val_time = 0.03
INFO:  --------------------------------------------------
INFO:  TRAIN:epoch = 195/350 classification_loss = 0.00000 train_time = 0.62
INFO:  ----------
INFO:  Late_delivery_risk Accuracy: 92.10% val_time = 0.03
INFO:  Days for shipping (real) Accuracy: 82.88% val_time = 0.03
INFO:  on_time Accuracy: 94.83% val_time = 0.03
INFO:  --------------------------------------------------
INFO:  TRAIN:epoch = 196/350 classification_loss = 0.00000 train_time = 0.52
INFO:  ----------
INFO:  Late_delivery_risk Accuracy: 92.51% val_time = 0.03
INFO:  Days for shipping (real) Accuracy: 83.35% val_time = 0.03
INFO:  on_time Accuracy: 94.77% val_time = 0.03
INFO:  --------------------------------------------------
INFO:  TRAIN:epoch = 197/350 classification_loss = 0.00000 train_time = 0.62
INFO:  ----------
INFO:  Late_delivery_risk Accuracy: 91.89% val_time = 0.03
INFO:  Days for shipping (real) Accuracy: 81.91% val_time = 0.03
INFO:  on_time Accuracy: 94.70% val_time = 0.03
INFO:  --------------------------------------------------
INFO:  TRAIN:epoch = 198/350 classification_loss = 0.00000 train_time = 0.52
INFO:  ----------
INFO:  Late_delivery_risk Accuracy: 92.37% val_time = 0.03
INFO:  Days for shipping (real) Accuracy: 82.67% val_time = 0.03
INFO:  on_time Accuracy: 94.99% val_time = 0.03
INFO:  --------------------------------------------------
INFO:  TRAIN:epoch = 199/350 classification_loss = 0.00000 train_time = 0.53
INFO:  ----------
INFO:  Late_delivery_risk Accuracy: 92.34% val_time = 0.03
INFO:  Days for shipping (real) Accuracy: 82.71% val_time = 0.03
INFO:  on_time Accuracy: 94.81% val_time = 0.03
INFO:  --------------------------------------------------
INFO:  TRAIN:epoch = 200/350 classification_loss = 0.00000 train_time = 0.64
INFO:  ----------
INFO:  Late_delivery_risk Accuracy: 92.58% val_time = 0.03
INFO:  Days for shipping (real) Accuracy: 83.78% val_time = 0.03
INFO:  on_time Accuracy: 94.98% val_time = 0.03
INFO:  --------------------------------------------------
INFO:  TRAIN:epoch = 201/350 classification_loss = 0.00000 train_time = 0.53
INFO:  ----------
INFO:  Late_delivery_risk Accuracy: 92.66% val_time = 0.03
INFO:  Days for shipping (real) Accuracy: 83.26% val_time = 0.03
INFO:  on_time Accuracy: 95.15% val_time = 0.03
INFO:  --------------------------------------------------
INFO:  TRAIN:epoch = 202/350 classification_loss = 0.00000 train_time = 0.63
INFO:  ----------
INFO:  Late_delivery_risk Accuracy: 92.50% val_time = 0.03
INFO:  Days for shipping (real) Accuracy: 83.66% val_time = 0.03
INFO:  on_time Accuracy: 95.13% val_time = 0.03
INFO:  --------------------------------------------------
INFO:  TRAIN:epoch = 203/350 classification_loss = 0.00000 train_time = 0.52
INFO:  ----------
INFO:  Late_delivery_risk Accuracy: 91.95% val_time = 0.03
INFO:  Days for shipping (real) Accuracy: 82.49% val_time = 0.03
INFO:  on_time Accuracy: 95.18% val_time = 0.03
INFO:  --------------------------------------------------
INFO:  TRAIN:epoch = 204/350 classification_loss = 0.00000 train_time = 0.52
INFO:  ----------
INFO:  Late_delivery_risk Accuracy: 92.32% val_time = 0.03
INFO:  Days for shipping (real) Accuracy: 83.29% val_time = 0.03
INFO:  on_time Accuracy: 95.20% val_time = 0.03
INFO:  --------------------------------------------------
INFO:  TRAIN:epoch = 205/350 classification_loss = 0.00000 train_time = 0.64
INFO:  ----------
INFO:  Late_delivery_risk Accuracy: 92.39% val_time = 0.03
INFO:  Days for shipping (real) Accuracy: 83.23% val_time = 0.03
INFO:  on_time Accuracy: 95.17% val_time = 0.03
INFO:  --------------------------------------------------
INFO:  TRAIN:epoch = 206/350 classification_loss = 0.00000 train_time = 0.52
INFO:  ----------
INFO:  Late_delivery_risk Accuracy: 92.15% val_time = 0.03
INFO:  Days for shipping (real) Accuracy: 82.42% val_time = 0.03
INFO:  on_time Accuracy: 95.04% val_time = 0.03
INFO:  --------------------------------------------------
INFO:  TRAIN:epoch = 207/350 classification_loss = 0.00000 train_time = 0.63
INFO:  ----------
INFO:  Late_delivery_risk Accuracy: 92.70% val_time = 0.03
INFO:  Days for shipping (real) Accuracy: 83.75% val_time = 0.03
INFO:  on_time Accuracy: 95.11% val_time = 0.03
INFO:  --------------------------------------------------
INFO:  TRAIN:epoch = 208/350 classification_loss = 0.00000 train_time = 0.52
INFO:  ----------
INFO:  Late_delivery_risk Accuracy: 91.64% val_time = 0.04
INFO:  Days for shipping (real) Accuracy: 81.17% val_time = 0.04
INFO:  on_time Accuracy: 94.56% val_time = 0.04
INFO:  --------------------------------------------------
INFO:  TRAIN:epoch = 209/350 classification_loss = 0.00000 train_time = 0.63
INFO:  ----------
INFO:  Late_delivery_risk Accuracy: 92.26% val_time = 0.03
INFO:  Days for shipping (real) Accuracy: 82.41% val_time = 0.03
INFO:  on_time Accuracy: 94.87% val_time = 0.03
INFO:  --------------------------------------------------
INFO:  TRAIN:epoch = 210/350 classification_loss = 0.00000 train_time = 0.51
INFO:  ----------
INFO:  Late_delivery_risk Accuracy: 92.55% val_time = 0.03
INFO:  Days for shipping (real) Accuracy: 83.68% val_time = 0.03
INFO:  on_time Accuracy: 94.94% val_time = 0.03
INFO:  --------------------------------------------------
INFO:  TRAIN:epoch = 211/350 classification_loss = 0.00000 train_time = 0.52
INFO:  ----------
INFO:  Late_delivery_risk Accuracy: 92.77% val_time = 0.03
INFO:  Days for shipping (real) Accuracy: 83.92% val_time = 0.03
INFO:  on_time Accuracy: 95.29% val_time = 0.03
INFO:  ----------
INFO:  best_overall_accuracy: 90.66% 
INFO:  --------------------------------------------------
INFO:  TRAIN:epoch = 212/350 classification_loss = 0.00000 train_time = 0.63
INFO:  ----------
INFO:  Late_delivery_risk Accuracy: 92.54% val_time = 0.03
INFO:  Days for shipping (real) Accuracy: 83.20% val_time = 0.03
INFO:  on_time Accuracy: 95.12% val_time = 0.03
INFO:  --------------------------------------------------
INFO:  TRAIN:epoch = 213/350 classification_loss = 0.00000 train_time = 0.52
INFO:  ----------
INFO:  Late_delivery_risk Accuracy: 92.35% val_time = 0.03
INFO:  Days for shipping (real) Accuracy: 82.91% val_time = 0.03
INFO:  on_time Accuracy: 95.12% val_time = 0.03
INFO:  --------------------------------------------------
INFO:  TRAIN:epoch = 214/350 classification_loss = 0.00000 train_time = 0.63
INFO:  ----------
INFO:  Late_delivery_risk Accuracy: 92.83% val_time = 0.03
INFO:  Days for shipping (real) Accuracy: 84.30% val_time = 0.03
INFO:  on_time Accuracy: 95.05% val_time = 0.03
INFO:  ----------
INFO:  best_overall_accuracy: 90.73% 
INFO:  --------------------------------------------------
INFO:  TRAIN:epoch = 215/350 classification_loss = 0.00000 train_time = 0.52
INFO:  ----------
INFO:  Late_delivery_risk Accuracy: 92.79% val_time = 0.03
INFO:  Days for shipping (real) Accuracy: 84.03% val_time = 0.03
INFO:  on_time Accuracy: 95.29% val_time = 0.03
INFO:  --------------------------------------------------
INFO:  TRAIN:epoch = 216/350 classification_loss = 0.00000 train_time = 0.52
INFO:  ----------
INFO:  Late_delivery_risk Accuracy: 92.23% val_time = 0.03
INFO:  Days for shipping (real) Accuracy: 82.79% val_time = 0.03
INFO:  on_time Accuracy: 95.24% val_time = 0.03
INFO:  --------------------------------------------------
INFO:  TRAIN:epoch = 217/350 classification_loss = 0.00000 train_time = 0.62
INFO:  ----------
INFO:  Late_delivery_risk Accuracy: 92.57% val_time = 0.03
INFO:  Days for shipping (real) Accuracy: 83.31% val_time = 0.03
INFO:  on_time Accuracy: 95.29% val_time = 0.03
INFO:  --------------------------------------------------
INFO:  TRAIN:epoch = 218/350 classification_loss = 0.00000 train_time = 0.52
INFO:  ----------
INFO:  Late_delivery_risk Accuracy: 92.90% val_time = 0.03
INFO:  Days for shipping (real) Accuracy: 84.33% val_time = 0.03
INFO:  on_time Accuracy: 95.55% val_time = 0.03
INFO:  ----------
INFO:  best_overall_accuracy: 90.93% 
INFO:  --------------------------------------------------
INFO:  TRAIN:epoch = 219/350 classification_loss = 0.00000 train_time = 0.62
INFO:  ----------
INFO:  Late_delivery_risk Accuracy: 91.99% val_time = 0.03
INFO:  Days for shipping (real) Accuracy: 83.48% val_time = 0.03
INFO:  on_time Accuracy: 95.10% val_time = 0.03
INFO:  --------------------------------------------------
INFO:  TRAIN:epoch = 220/350 classification_loss = 0.00000 train_time = 0.51
INFO:  ----------
INFO:  Late_delivery_risk Accuracy: 92.05% val_time = 0.03
INFO:  Days for shipping (real) Accuracy: 82.82% val_time = 0.03
INFO:  on_time Accuracy: 94.83% val_time = 0.03
INFO:  --------------------------------------------------
INFO:  TRAIN:epoch = 221/350 classification_loss = 0.00000 train_time = 0.51
INFO:  ----------
INFO:  Late_delivery_risk Accuracy: 92.33% val_time = 0.03
INFO:  Days for shipping (real) Accuracy: 82.90% val_time = 0.03
INFO:  on_time Accuracy: 94.83% val_time = 0.03
INFO:  --------------------------------------------------
INFO:  TRAIN:epoch = 222/350 classification_loss = 0.00000 train_time = 0.62
INFO:  ----------
INFO:  Late_delivery_risk Accuracy: 92.20% val_time = 0.03
INFO:  Days for shipping (real) Accuracy: 82.32% val_time = 0.03
INFO:  on_time Accuracy: 94.32% val_time = 0.03
INFO:  --------------------------------------------------
INFO:  TRAIN:epoch = 223/350 classification_loss = 0.00000 train_time = 0.51
INFO:  ----------
INFO:  Late_delivery_risk Accuracy: 92.21% val_time = 0.03
INFO:  Days for shipping (real) Accuracy: 82.93% val_time = 0.03
INFO:  on_time Accuracy: 94.99% val_time = 0.03
INFO:  --------------------------------------------------
INFO:  TRAIN:epoch = 224/350 classification_loss = 0.00000 train_time = 0.63
INFO:  ----------
INFO:  Late_delivery_risk Accuracy: 91.65% val_time = 0.03
INFO:  Days for shipping (real) Accuracy: 81.21% val_time = 0.03
INFO:  on_time Accuracy: 94.43% val_time = 0.03
INFO:  --------------------------------------------------
INFO:  TRAIN:epoch = 225/350 classification_loss = 0.00000 train_time = 0.52
INFO:  ----------
INFO:  Late_delivery_risk Accuracy: 92.36% val_time = 0.03
INFO:  Days for shipping (real) Accuracy: 83.15% val_time = 0.03
INFO:  on_time Accuracy: 95.00% val_time = 0.03
INFO:  --------------------------------------------------
INFO:  TRAIN:epoch = 226/350 classification_loss = 0.00000 train_time = 0.62
INFO:  ----------
INFO:  Late_delivery_risk Accuracy: 92.38% val_time = 0.03
INFO:  Days for shipping (real) Accuracy: 83.30% val_time = 0.03
INFO:  on_time Accuracy: 95.16% val_time = 0.03
INFO:  --------------------------------------------------
INFO:  TRAIN:epoch = 227/350 classification_loss = 0.00000 train_time = 0.52
INFO:  ----------
INFO:  Late_delivery_risk Accuracy: 92.12% val_time = 0.03
INFO:  Days for shipping (real) Accuracy: 83.32% val_time = 0.03
INFO:  on_time Accuracy: 95.07% val_time = 0.03
INFO:  --------------------------------------------------
INFO:  TRAIN:epoch = 228/350 classification_loss = 0.00000 train_time = 0.53
INFO:  ----------
INFO:  Late_delivery_risk Accuracy: 91.89% val_time = 0.03
INFO:  Days for shipping (real) Accuracy: 82.32% val_time = 0.03
INFO:  on_time Accuracy: 94.68% val_time = 0.03
INFO:  --------------------------------------------------
INFO:  TRAIN:epoch = 229/350 classification_loss = 0.00000 train_time = 0.64
INFO:  ----------
INFO:  Late_delivery_risk Accuracy: 91.95% val_time = 0.03
INFO:  Days for shipping (real) Accuracy: 82.69% val_time = 0.03
INFO:  on_time Accuracy: 94.95% val_time = 0.03
INFO:  --------------------------------------------------
INFO:  TRAIN:epoch = 230/350 classification_loss = 0.00000 train_time = 0.52
INFO:  ----------
INFO:  Late_delivery_risk Accuracy: 92.33% val_time = 0.03
INFO:  Days for shipping (real) Accuracy: 82.45% val_time = 0.03
INFO:  on_time Accuracy: 94.82% val_time = 0.03
INFO:  --------------------------------------------------
INFO:  TRAIN:epoch = 231/350 classification_loss = 0.00000 train_time = 0.63
INFO:  ----------
INFO:  Late_delivery_risk Accuracy: 92.57% val_time = 0.03
INFO:  Days for shipping (real) Accuracy: 83.05% val_time = 0.03
INFO:  on_time Accuracy: 94.80% val_time = 0.03
INFO:  --------------------------------------------------
INFO:  TRAIN:epoch = 232/350 classification_loss = 0.00000 train_time = 0.52
INFO:  ----------
INFO:  Late_delivery_risk Accuracy: 92.40% val_time = 0.03
INFO:  Days for shipping (real) Accuracy: 83.59% val_time = 0.03
INFO:  on_time Accuracy: 95.01% val_time = 0.03
INFO:  --------------------------------------------------
INFO:  TRAIN:epoch = 233/350 classification_loss = 0.00000 train_time = 0.52
INFO:  ----------
INFO:  Late_delivery_risk Accuracy: 92.61% val_time = 0.03
INFO:  Days for shipping (real) Accuracy: 83.89% val_time = 0.03
INFO:  on_time Accuracy: 95.30% val_time = 0.03
INFO:  --------------------------------------------------
INFO:  TRAIN:epoch = 234/350 classification_loss = 0.00000 train_time = 0.63
INFO:  ----------
INFO:  Late_delivery_risk Accuracy: 92.70% val_time = 0.03
INFO:  Days for shipping (real) Accuracy: 83.71% val_time = 0.03
INFO:  on_time Accuracy: 95.24% val_time = 0.03
INFO:  --------------------------------------------------
INFO:  TRAIN:epoch = 235/350 classification_loss = 0.00000 train_time = 0.51
INFO:  ----------
INFO:  Late_delivery_risk Accuracy: 92.48% val_time = 0.03
INFO:  Days for shipping (real) Accuracy: 83.97% val_time = 0.03
INFO:  on_time Accuracy: 95.30% val_time = 0.03
INFO:  --------------------------------------------------
INFO:  TRAIN:epoch = 236/350 classification_loss = 0.00000 train_time = 0.63
INFO:  ----------
INFO:  Late_delivery_risk Accuracy: 92.61% val_time = 0.03
INFO:  Days for shipping (real) Accuracy: 84.36% val_time = 0.03
INFO:  on_time Accuracy: 95.31% val_time = 0.03
INFO:  --------------------------------------------------
INFO:  TRAIN:epoch = 237/350 classification_loss = 0.00000 train_time = 0.52
INFO:  ----------
INFO:  Late_delivery_risk Accuracy: 92.42% val_time = 0.03
INFO:  Days for shipping (real) Accuracy: 83.59% val_time = 0.03
INFO:  on_time Accuracy: 94.87% val_time = 0.03
INFO:  --------------------------------------------------
INFO:  TRAIN:epoch = 238/350 classification_loss = 0.00000 train_time = 0.52
INFO:  ----------
INFO:  Late_delivery_risk Accuracy: 92.34% val_time = 0.03
INFO:  Days for shipping (real) Accuracy: 83.78% val_time = 0.03
INFO:  on_time Accuracy: 95.15% val_time = 0.03
INFO:  --------------------------------------------------
INFO:  TRAIN:epoch = 239/350 classification_loss = 0.00000 train_time = 0.63
INFO:  ----------
INFO:  Late_delivery_risk Accuracy: 92.92% val_time = 0.03
INFO:  Days for shipping (real) Accuracy: 84.25% val_time = 0.03
INFO:  on_time Accuracy: 94.93% val_time = 0.03
INFO:  --------------------------------------------------
INFO:  TRAIN:epoch = 240/350 classification_loss = 0.00000 train_time = 0.52
INFO:  ----------
INFO:  Late_delivery_risk Accuracy: 92.67% val_time = 0.03
INFO:  Days for shipping (real) Accuracy: 83.93% val_time = 0.03
INFO:  on_time Accuracy: 95.06% val_time = 0.03
INFO:  --------------------------------------------------
INFO:  TRAIN:epoch = 241/350 classification_loss = 0.00000 train_time = 0.62
INFO:  ----------
INFO:  Late_delivery_risk Accuracy: 92.19% val_time = 0.03
INFO:  Days for shipping (real) Accuracy: 82.74% val_time = 0.03
INFO:  on_time Accuracy: 94.86% val_time = 0.03
INFO:  --------------------------------------------------
INFO:  TRAIN:epoch = 242/350 classification_loss = 0.00000 train_time = 0.52
INFO:  ----------
INFO:  Late_delivery_risk Accuracy: 92.98% val_time = 0.03
INFO:  Days for shipping (real) Accuracy: 84.37% val_time = 0.03
INFO:  on_time Accuracy: 94.84% val_time = 0.03
INFO:  --------------------------------------------------
INFO:  TRAIN:epoch = 243/350 classification_loss = 0.00000 train_time = 0.63
INFO:  ----------
INFO:  Late_delivery_risk Accuracy: 92.90% val_time = 0.03
INFO:  Days for shipping (real) Accuracy: 84.65% val_time = 0.03
INFO:  on_time Accuracy: 95.13% val_time = 0.03
INFO:  --------------------------------------------------
INFO:  TRAIN:epoch = 244/350 classification_loss = 0.00000 train_time = 0.52
INFO:  ----------
INFO:  Late_delivery_risk Accuracy: 92.55% val_time = 0.03
INFO:  Days for shipping (real) Accuracy: 83.57% val_time = 0.03
INFO:  on_time Accuracy: 95.01% val_time = 0.03
INFO:  --------------------------------------------------
INFO:  TRAIN:epoch = 245/350 classification_loss = 0.00000 train_time = 0.51
INFO:  ----------
INFO:  Late_delivery_risk Accuracy: 92.80% val_time = 0.03
INFO:  Days for shipping (real) Accuracy: 84.20% val_time = 0.03
INFO:  on_time Accuracy: 94.76% val_time = 0.03
INFO:  --------------------------------------------------
INFO:  TRAIN:epoch = 246/350 classification_loss = 0.00000 train_time = 0.62
INFO:  ----------
INFO:  Late_delivery_risk Accuracy: 92.96% val_time = 0.03
INFO:  Days for shipping (real) Accuracy: 84.35% val_time = 0.03
INFO:  on_time Accuracy: 95.27% val_time = 0.03
INFO:  --------------------------------------------------
INFO:  TRAIN:epoch = 247/350 classification_loss = 0.00000 train_time = 0.53
INFO:  ----------
INFO:  Late_delivery_risk Accuracy: 92.37% val_time = 0.03
INFO:  Days for shipping (real) Accuracy: 83.84% val_time = 0.03
INFO:  on_time Accuracy: 95.23% val_time = 0.03
INFO:  --------------------------------------------------
INFO:  TRAIN:epoch = 248/350 classification_loss = 0.00000 train_time = 0.63
INFO:  ----------
INFO:  Late_delivery_risk Accuracy: 92.45% val_time = 0.03
INFO:  Days for shipping (real) Accuracy: 83.96% val_time = 0.03
INFO:  on_time Accuracy: 95.37% val_time = 0.03
INFO:  --------------------------------------------------
INFO:  TRAIN:epoch = 249/350 classification_loss = 0.00000 train_time = 0.52
INFO:  ----------
INFO:  Late_delivery_risk Accuracy: 92.61% val_time = 0.03
INFO:  Days for shipping (real) Accuracy: 83.96% val_time = 0.03
INFO:  on_time Accuracy: 95.00% val_time = 0.03
INFO:  --------------------------------------------------
INFO:  TRAIN:epoch = 250/350 classification_loss = 0.00000 train_time = 0.52
INFO:  ----------
INFO:  Late_delivery_risk Accuracy: 92.61% val_time = 0.03
INFO:  Days for shipping (real) Accuracy: 83.58% val_time = 0.03
INFO:  on_time Accuracy: 95.13% val_time = 0.03
INFO:  --------------------------------------------------
INFO:  TRAIN:epoch = 251/350 classification_loss = 0.00000 train_time = 0.63
INFO:  ----------
INFO:  Late_delivery_risk Accuracy: 92.24% val_time = 0.03
INFO:  Days for shipping (real) Accuracy: 83.76% val_time = 0.03
INFO:  on_time Accuracy: 95.09% val_time = 0.03
INFO:  --------------------------------------------------
INFO:  TRAIN:epoch = 252/350 classification_loss = 0.00000 train_time = 0.52
INFO:  ----------
INFO:  Late_delivery_risk Accuracy: 92.52% val_time = 0.03
INFO:  Days for shipping (real) Accuracy: 84.45% val_time = 0.03
INFO:  on_time Accuracy: 95.45% val_time = 0.03
INFO:  --------------------------------------------------
INFO:  TRAIN:epoch = 253/350 classification_loss = 0.00000 train_time = 0.63
INFO:  ----------
INFO:  Late_delivery_risk Accuracy: 92.13% val_time = 0.03
INFO:  Days for shipping (real) Accuracy: 83.50% val_time = 0.03
INFO:  on_time Accuracy: 95.06% val_time = 0.03
INFO:  --------------------------------------------------
INFO:  TRAIN:epoch = 254/350 classification_loss = 0.00000 train_time = 0.52
INFO:  ----------
INFO:  Late_delivery_risk Accuracy: 92.37% val_time = 0.03
INFO:  Days for shipping (real) Accuracy: 83.99% val_time = 0.03
INFO:  on_time Accuracy: 95.19% val_time = 0.03
INFO:  --------------------------------------------------
INFO:  TRAIN:epoch = 255/350 classification_loss = 0.00000 train_time = 0.52
INFO:  ----------
INFO:  Late_delivery_risk Accuracy: 92.58% val_time = 0.03
INFO:  Days for shipping (real) Accuracy: 84.22% val_time = 0.03
INFO:  on_time Accuracy: 95.39% val_time = 0.03
INFO:  --------------------------------------------------
INFO:  TRAIN:epoch = 256/350 classification_loss = 0.00000 train_time = 0.63
INFO:  ----------
INFO:  Late_delivery_risk Accuracy: 92.67% val_time = 0.03
INFO:  Days for shipping (real) Accuracy: 83.69% val_time = 0.03
INFO:  on_time Accuracy: 94.77% val_time = 0.03
INFO:  --------------------------------------------------
INFO:  TRAIN:epoch = 257/350 classification_loss = 0.00000 train_time = 0.52
INFO:  ----------
INFO:  Late_delivery_risk Accuracy: 92.61% val_time = 0.03
INFO:  Days for shipping (real) Accuracy: 84.44% val_time = 0.03
INFO:  on_time Accuracy: 95.11% val_time = 0.03
INFO:  --------------------------------------------------
INFO:  TRAIN:epoch = 258/350 classification_loss = 0.00000 train_time = 0.62
INFO:  ----------
INFO:  Late_delivery_risk Accuracy: 92.59% val_time = 0.03
INFO:  Days for shipping (real) Accuracy: 83.53% val_time = 0.03
INFO:  on_time Accuracy: 94.96% val_time = 0.03
INFO:  --------------------------------------------------
INFO:  TRAIN:epoch = 259/350 classification_loss = 0.00000 train_time = 0.52
INFO:  ----------
INFO:  Late_delivery_risk Accuracy: 92.19% val_time = 0.03
INFO:  Days for shipping (real) Accuracy: 83.45% val_time = 0.03
INFO:  on_time Accuracy: 95.06% val_time = 0.03
INFO:  --------------------------------------------------
INFO:  TRAIN:epoch = 260/350 classification_loss = 0.00000 train_time = 0.63
INFO:  ----------
INFO:  Late_delivery_risk Accuracy: 92.37% val_time = 0.03
INFO:  Days for shipping (real) Accuracy: 83.87% val_time = 0.03
INFO:  on_time Accuracy: 95.10% val_time = 0.03
INFO:  --------------------------------------------------
INFO:  TRAIN:epoch = 261/350 classification_loss = 0.00000 train_time = 0.52
INFO:  ----------
INFO:  Late_delivery_risk Accuracy: 92.37% val_time = 0.03
INFO:  Days for shipping (real) Accuracy: 82.31% val_time = 0.03
INFO:  on_time Accuracy: 94.76% val_time = 0.03
INFO:  --------------------------------------------------
INFO:  TRAIN:epoch = 262/350 classification_loss = 0.00000 train_time = 0.52
INFO:  ----------
INFO:  Late_delivery_risk Accuracy: 92.76% val_time = 0.03
INFO:  Days for shipping (real) Accuracy: 84.42% val_time = 0.03
INFO:  on_time Accuracy: 95.37% val_time = 0.03
INFO:  --------------------------------------------------
INFO:  TRAIN:epoch = 263/350 classification_loss = 0.00000 train_time = 0.62
INFO:  ----------
INFO:  Late_delivery_risk Accuracy: 92.92% val_time = 0.03
INFO:  Days for shipping (real) Accuracy: 84.62% val_time = 0.03
INFO:  on_time Accuracy: 95.43% val_time = 0.03
INFO:  ----------
INFO:  best_overall_accuracy: 90.99% 
INFO:  --------------------------------------------------
INFO:  TRAIN:epoch = 264/350 classification_loss = 0.00000 train_time = 0.53
INFO:  ----------
INFO:  Late_delivery_risk Accuracy: 92.40% val_time = 0.03
INFO:  Days for shipping (real) Accuracy: 84.01% val_time = 0.03
INFO:  on_time Accuracy: 95.05% val_time = 0.03
INFO:  --------------------------------------------------
INFO:  TRAIN:epoch = 265/350 classification_loss = 0.00000 train_time = 0.63
INFO:  ----------
INFO:  Late_delivery_risk Accuracy: 92.29% val_time = 0.03
INFO:  Days for shipping (real) Accuracy: 83.17% val_time = 0.03
INFO:  on_time Accuracy: 94.74% val_time = 0.03
INFO:  --------------------------------------------------
INFO:  TRAIN:epoch = 266/350 classification_loss = 0.00000 train_time = 0.52
INFO:  ----------
INFO:  Late_delivery_risk Accuracy: 92.67% val_time = 0.03
INFO:  Days for shipping (real) Accuracy: 84.27% val_time = 0.03
INFO:  on_time Accuracy: 95.10% val_time = 0.03
INFO:  --------------------------------------------------
INFO:  TRAIN:epoch = 267/350 classification_loss = 0.00000 train_time = 0.53
INFO:  ----------
INFO:  Late_delivery_risk Accuracy: 92.70% val_time = 0.03
INFO:  Days for shipping (real) Accuracy: 84.50% val_time = 0.03
INFO:  on_time Accuracy: 94.97% val_time = 0.03
INFO:  --------------------------------------------------
INFO:  TRAIN:epoch = 268/350 classification_loss = 0.00000 train_time = 0.62
INFO:  ----------
INFO:  Late_delivery_risk Accuracy: 92.75% val_time = 0.03
INFO:  Days for shipping (real) Accuracy: 83.82% val_time = 0.03
INFO:  on_time Accuracy: 95.02% val_time = 0.03
INFO:  --------------------------------------------------
INFO:  TRAIN:epoch = 269/350 classification_loss = 0.00000 train_time = 0.52
INFO:  ----------
INFO:  Late_delivery_risk Accuracy: 92.63% val_time = 0.03
INFO:  Days for shipping (real) Accuracy: 84.12% val_time = 0.03
INFO:  on_time Accuracy: 95.33% val_time = 0.03
INFO:  --------------------------------------------------
INFO:  TRAIN:epoch = 270/350 classification_loss = 0.00000 train_time = 0.63
INFO:  ----------
INFO:  Late_delivery_risk Accuracy: 92.08% val_time = 0.03
INFO:  Days for shipping (real) Accuracy: 83.09% val_time = 0.03
INFO:  on_time Accuracy: 94.77% val_time = 0.03
INFO:  --------------------------------------------------
INFO:  TRAIN:epoch = 271/350 classification_loss = 0.00000 train_time = 0.54
INFO:  ----------
INFO:  Late_delivery_risk Accuracy: 92.77% val_time = 0.03
INFO:  Days for shipping (real) Accuracy: 84.50% val_time = 0.03
INFO:  on_time Accuracy: 95.13% val_time = 0.03
INFO:  --------------------------------------------------
INFO:  TRAIN:epoch = 272/350 classification_loss = 0.00000 train_time = 0.62
INFO:  ----------
INFO:  Late_delivery_risk Accuracy: 92.78% val_time = 0.03
INFO:  Days for shipping (real) Accuracy: 84.31% val_time = 0.03
INFO:  on_time Accuracy: 95.15% val_time = 0.03
INFO:  --------------------------------------------------
INFO:  TRAIN:epoch = 273/350 classification_loss = 0.00000 train_time = 0.52
INFO:  ----------
INFO:  Late_delivery_risk Accuracy: 92.15% val_time = 0.03
INFO:  Days for shipping (real) Accuracy: 83.46% val_time = 0.03
INFO:  on_time Accuracy: 95.09% val_time = 0.03
INFO:  --------------------------------------------------
INFO:  TRAIN:epoch = 274/350 classification_loss = 0.00000 train_time = 0.52
INFO:  ----------
INFO:  Late_delivery_risk Accuracy: 92.55% val_time = 0.03
INFO:  Days for shipping (real) Accuracy: 83.67% val_time = 0.03
INFO:  on_time Accuracy: 95.22% val_time = 0.03
INFO:  --------------------------------------------------
INFO:  TRAIN:epoch = 275/350 classification_loss = 0.00000 train_time = 0.62
INFO:  ----------
INFO:  Late_delivery_risk Accuracy: 92.73% val_time = 0.03
INFO:  Days for shipping (real) Accuracy: 84.54% val_time = 0.03
INFO:  on_time Accuracy: 94.93% val_time = 0.03
INFO:  --------------------------------------------------
INFO:  TRAIN:epoch = 276/350 classification_loss = 0.00000 train_time = 0.54
INFO:  ----------
INFO:  Late_delivery_risk Accuracy: 92.76% val_time = 0.03
INFO:  Days for shipping (real) Accuracy: 85.00% val_time = 0.03
INFO:  on_time Accuracy: 95.21% val_time = 0.03
INFO:  --------------------------------------------------
INFO:  TRAIN:epoch = 277/350 classification_loss = 0.00000 train_time = 0.63
INFO:  ----------
INFO:  Late_delivery_risk Accuracy: 92.73% val_time = 0.03
INFO:  Days for shipping (real) Accuracy: 84.41% val_time = 0.03
INFO:  on_time Accuracy: 95.35% val_time = 0.03
INFO:  --------------------------------------------------
INFO:  TRAIN:epoch = 278/350 classification_loss = 0.00000 train_time = 0.51
INFO:  ----------
INFO:  Late_delivery_risk Accuracy: 92.50% val_time = 0.03
INFO:  Days for shipping (real) Accuracy: 84.28% val_time = 0.03
INFO:  on_time Accuracy: 95.23% val_time = 0.03
INFO:  --------------------------------------------------
INFO:  TRAIN:epoch = 279/350 classification_loss = 0.00000 train_time = 0.52
INFO:  ----------
INFO:  Late_delivery_risk Accuracy: 92.40% val_time = 0.03
INFO:  Days for shipping (real) Accuracy: 83.53% val_time = 0.03
INFO:  on_time Accuracy: 94.75% val_time = 0.03
INFO:  --------------------------------------------------
INFO:  TRAIN:epoch = 280/350 classification_loss = 0.00000 train_time = 0.63
INFO:  ----------
INFO:  Late_delivery_risk Accuracy: 92.48% val_time = 0.03
INFO:  Days for shipping (real) Accuracy: 84.13% val_time = 0.03
INFO:  on_time Accuracy: 95.35% val_time = 0.03
INFO:  --------------------------------------------------
INFO:  TRAIN:epoch = 281/350 classification_loss = 0.00000 train_time = 0.52
INFO:  ----------
INFO:  Late_delivery_risk Accuracy: 92.83% val_time = 0.03
INFO:  Days for shipping (real) Accuracy: 84.15% val_time = 0.03
INFO:  on_time Accuracy: 95.01% val_time = 0.03
INFO:  --------------------------------------------------
INFO:  TRAIN:epoch = 282/350 classification_loss = 0.00000 train_time = 0.62
INFO:  ----------
INFO:  Late_delivery_risk Accuracy: 92.62% val_time = 0.03
INFO:  Days for shipping (real) Accuracy: 83.94% val_time = 0.03
INFO:  on_time Accuracy: 95.19% val_time = 0.03
INFO:  --------------------------------------------------
INFO:  TRAIN:epoch = 283/350 classification_loss = 0.00000 train_time = 0.53
INFO:  ----------
INFO:  Late_delivery_risk Accuracy: 92.50% val_time = 0.03
INFO:  Days for shipping (real) Accuracy: 83.67% val_time = 0.03
INFO:  on_time Accuracy: 94.79% val_time = 0.03
INFO:  --------------------------------------------------
INFO:  TRAIN:epoch = 284/350 classification_loss = 0.00000 train_time = 0.52
INFO:  ----------
INFO:  Late_delivery_risk Accuracy: 92.69% val_time = 0.03
INFO:  Days for shipping (real) Accuracy: 84.95% val_time = 0.03
INFO:  on_time Accuracy: 95.30% val_time = 0.03
INFO:  --------------------------------------------------
INFO:  TRAIN:epoch = 285/350 classification_loss = 0.00000 train_time = 0.62
INFO:  ----------
INFO:  Late_delivery_risk Accuracy: 92.68% val_time = 0.03
INFO:  Days for shipping (real) Accuracy: 84.38% val_time = 0.03
INFO:  on_time Accuracy: 95.41% val_time = 0.03
INFO:  --------------------------------------------------
INFO:  TRAIN:epoch = 286/350 classification_loss = 0.00000 train_time = 0.52
INFO:  ----------
INFO:  Late_delivery_risk Accuracy: 92.46% val_time = 0.03
INFO:  Days for shipping (real) Accuracy: 83.59% val_time = 0.03
INFO:  on_time Accuracy: 95.18% val_time = 0.03
INFO:  --------------------------------------------------
INFO:  TRAIN:epoch = 287/350 classification_loss = 0.00000 train_time = 0.63
INFO:  ----------
INFO:  Late_delivery_risk Accuracy: 92.99% val_time = 0.03
INFO:  Days for shipping (real) Accuracy: 84.57% val_time = 0.03
INFO:  on_time Accuracy: 95.22% val_time = 0.03
INFO:  --------------------------------------------------
INFO:  TRAIN:epoch = 288/350 classification_loss = 0.00000 train_time = 0.52
INFO:  ----------
INFO:  Late_delivery_risk Accuracy: 92.95% val_time = 0.03
INFO:  Days for shipping (real) Accuracy: 85.05% val_time = 0.03
INFO:  on_time Accuracy: 95.50% val_time = 0.03
INFO:  ----------
INFO:  best_overall_accuracy: 91.17% 
INFO:  --------------------------------------------------
INFO:  TRAIN:epoch = 289/350 classification_loss = 0.00000 train_time = 0.62
INFO:  ----------
INFO:  Late_delivery_risk Accuracy: 92.56% val_time = 0.03
INFO:  Days for shipping (real) Accuracy: 84.54% val_time = 0.03
INFO:  on_time Accuracy: 94.91% val_time = 0.03
INFO:  --------------------------------------------------
INFO:  TRAIN:epoch = 290/350 classification_loss = 0.00000 train_time = 0.52
INFO:  ----------
INFO:  Late_delivery_risk Accuracy: 92.36% val_time = 0.03
INFO:  Days for shipping (real) Accuracy: 83.55% val_time = 0.03
INFO:  on_time Accuracy: 94.93% val_time = 0.03
INFO:  --------------------------------------------------
INFO:  TRAIN:epoch = 291/350 classification_loss = 0.00000 train_time = 0.52
INFO:  ----------
INFO:  Late_delivery_risk Accuracy: 92.06% val_time = 0.03
INFO:  Days for shipping (real) Accuracy: 83.30% val_time = 0.03
INFO:  on_time Accuracy: 95.09% val_time = 0.03
INFO:  --------------------------------------------------
INFO:  TRAIN:epoch = 292/350 classification_loss = 0.00000 train_time = 0.63
INFO:  ----------
INFO:  Late_delivery_risk Accuracy: 92.24% val_time = 0.03
INFO:  Days for shipping (real) Accuracy: 83.34% val_time = 0.03
INFO:  on_time Accuracy: 95.06% val_time = 0.03
INFO:  --------------------------------------------------
INFO:  TRAIN:epoch = 293/350 classification_loss = 0.00000 train_time = 0.52
INFO:  ----------
INFO:  Late_delivery_risk Accuracy: 92.70% val_time = 0.03
INFO:  Days for shipping (real) Accuracy: 84.65% val_time = 0.03
INFO:  on_time Accuracy: 95.29% val_time = 0.03
INFO:  --------------------------------------------------
INFO:  TRAIN:epoch = 294/350 classification_loss = 0.00000 train_time = 0.62
INFO:  ----------
INFO:  Late_delivery_risk Accuracy: 92.97% val_time = 0.03
INFO:  Days for shipping (real) Accuracy: 84.62% val_time = 0.03
INFO:  on_time Accuracy: 95.16% val_time = 0.03
INFO:  --------------------------------------------------
INFO:  TRAIN:epoch = 295/350 classification_loss = 0.00000 train_time = 0.52
INFO:  ----------
INFO:  Late_delivery_risk Accuracy: 92.26% val_time = 0.03
INFO:  Days for shipping (real) Accuracy: 84.02% val_time = 0.03
INFO:  on_time Accuracy: 95.04% val_time = 0.03
INFO:  --------------------------------------------------
INFO:  TRAIN:epoch = 296/350 classification_loss = 0.00000 train_time = 0.50
INFO:  ----------
INFO:  Late_delivery_risk Accuracy: 92.27% val_time = 0.03
INFO:  Days for shipping (real) Accuracy: 83.41% val_time = 0.03
INFO:  on_time Accuracy: 94.66% val_time = 0.03
INFO:  --------------------------------------------------
INFO:  TRAIN:epoch = 297/350 classification_loss = 0.00000 train_time = 0.63
INFO:  ----------
INFO:  Late_delivery_risk Accuracy: 92.00% val_time = 0.03
INFO:  Days for shipping (real) Accuracy: 82.92% val_time = 0.03
INFO:  on_time Accuracy: 94.72% val_time = 0.03
INFO:  --------------------------------------------------
INFO:  TRAIN:epoch = 298/350 classification_loss = 0.00000 train_time = 0.51
INFO:  ----------
INFO:  Late_delivery_risk Accuracy: 92.68% val_time = 0.03
INFO:  Days for shipping (real) Accuracy: 84.84% val_time = 0.03
INFO:  on_time Accuracy: 95.30% val_time = 0.03
INFO:  --------------------------------------------------
INFO:  TRAIN:epoch = 299/350 classification_loss = 0.00000 train_time = 0.62
INFO:  ----------
INFO:  Late_delivery_risk Accuracy: 92.49% val_time = 0.03
INFO:  Days for shipping (real) Accuracy: 84.26% val_time = 0.03
INFO:  on_time Accuracy: 95.01% val_time = 0.03
INFO:  --------------------------------------------------
INFO:  TRAIN:epoch = 300/350 classification_loss = 0.00000 train_time = 0.53
INFO:  ----------
INFO:  Late_delivery_risk Accuracy: 92.90% val_time = 0.03
INFO:  Days for shipping (real) Accuracy: 84.71% val_time = 0.03
INFO:  on_time Accuracy: 94.96% val_time = 0.03
INFO:  --------------------------------------------------
INFO:  TRAIN:epoch = 301/350 classification_loss = 0.00000 train_time = 0.62
INFO:  ----------
INFO:  Late_delivery_risk Accuracy: 93.15% val_time = 0.04
INFO:  Days for shipping (real) Accuracy: 84.90% val_time = 0.04
INFO:  on_time Accuracy: 95.32% val_time = 0.04
INFO:  --------------------------------------------------
INFO:  TRAIN:epoch = 302/350 classification_loss = 0.00000 train_time = 0.52
INFO:  ----------
INFO:  Late_delivery_risk Accuracy: 92.00% val_time = 0.03
INFO:  Days for shipping (real) Accuracy: 82.76% val_time = 0.03
INFO:  on_time Accuracy: 94.62% val_time = 0.03
INFO:  --------------------------------------------------
INFO:  TRAIN:epoch = 303/350 classification_loss = 0.00000 train_time = 0.51
INFO:  ----------
INFO:  Late_delivery_risk Accuracy: 92.34% val_time = 0.04
INFO:  Days for shipping (real) Accuracy: 84.13% val_time = 0.04
INFO:  on_time Accuracy: 95.16% val_time = 0.04
INFO:  --------------------------------------------------
INFO:  TRAIN:epoch = 304/350 classification_loss = 0.00000 train_time = 0.63
INFO:  ----------
INFO:  Late_delivery_risk Accuracy: 92.51% val_time = 0.03
INFO:  Days for shipping (real) Accuracy: 84.12% val_time = 0.03
INFO:  on_time Accuracy: 94.90% val_time = 0.03
INFO:  --------------------------------------------------
INFO:  TRAIN:epoch = 305/350 classification_loss = 0.00000 train_time = 0.52
INFO:  ----------
INFO:  Late_delivery_risk Accuracy: 92.43% val_time = 0.03
INFO:  Days for shipping (real) Accuracy: 84.39% val_time = 0.03
INFO:  on_time Accuracy: 95.35% val_time = 0.03
INFO:  --------------------------------------------------
INFO:  TRAIN:epoch = 306/350 classification_loss = 0.00000 train_time = 0.62
INFO:  ----------
INFO:  Late_delivery_risk Accuracy: 92.48% val_time = 0.03
INFO:  Days for shipping (real) Accuracy: 83.69% val_time = 0.03
INFO:  on_time Accuracy: 94.95% val_time = 0.03
INFO:  --------------------------------------------------
INFO:  TRAIN:epoch = 307/350 classification_loss = 0.00000 train_time = 0.53
INFO:  ----------
INFO:  Late_delivery_risk Accuracy: 92.60% val_time = 0.03
INFO:  Days for shipping (real) Accuracy: 84.16% val_time = 0.03
INFO:  on_time Accuracy: 95.21% val_time = 0.03
INFO:  --------------------------------------------------
INFO:  TRAIN:epoch = 308/350 classification_loss = 0.00000 train_time = 0.52
INFO:  ----------
INFO:  Late_delivery_risk Accuracy: 92.56% val_time = 0.03
INFO:  Days for shipping (real) Accuracy: 83.66% val_time = 0.03
INFO:  on_time Accuracy: 94.65% val_time = 0.03
INFO:  --------------------------------------------------
INFO:  TRAIN:epoch = 309/350 classification_loss = 0.00000 train_time = 0.63
INFO:  ----------
INFO:  Late_delivery_risk Accuracy: 92.74% val_time = 0.03
INFO:  Days for shipping (real) Accuracy: 85.05% val_time = 0.03
INFO:  on_time Accuracy: 95.29% val_time = 0.03
INFO:  --------------------------------------------------
INFO:  TRAIN:epoch = 310/350 classification_loss = 0.00000 train_time = 0.52
INFO:  ----------
INFO:  Late_delivery_risk Accuracy: 92.86% val_time = 0.03
INFO:  Days for shipping (real) Accuracy: 84.86% val_time = 0.03
INFO:  on_time Accuracy: 95.27% val_time = 0.03
INFO:  --------------------------------------------------
INFO:  TRAIN:epoch = 311/350 classification_loss = 0.00000 train_time = 0.63
INFO:  ----------
INFO:  Late_delivery_risk Accuracy: 92.95% val_time = 0.03
INFO:  Days for shipping (real) Accuracy: 85.44% val_time = 0.03
INFO:  on_time Accuracy: 95.38% val_time = 0.03
INFO:  ----------
INFO:  best_overall_accuracy: 91.26% 
INFO:  --------------------------------------------------
INFO:  TRAIN:epoch = 312/350 classification_loss = 0.00000 train_time = 0.52
INFO:  ----------
INFO:  Late_delivery_risk Accuracy: 92.68% val_time = 0.03
INFO:  Days for shipping (real) Accuracy: 84.53% val_time = 0.03
INFO:  on_time Accuracy: 95.13% val_time = 0.03
INFO:  --------------------------------------------------
INFO:  TRAIN:epoch = 313/350 classification_loss = 0.00000 train_time = 0.52
INFO:  ----------
INFO:  Late_delivery_risk Accuracy: 92.75% val_time = 0.03
INFO:  Days for shipping (real) Accuracy: 85.15% val_time = 0.03
INFO:  on_time Accuracy: 95.50% val_time = 0.03
INFO:  --------------------------------------------------
INFO:  TRAIN:epoch = 314/350 classification_loss = 0.00000 train_time = 0.62
INFO:  ----------
INFO:  Late_delivery_risk Accuracy: 92.71% val_time = 0.03
INFO:  Days for shipping (real) Accuracy: 83.63% val_time = 0.03
INFO:  on_time Accuracy: 95.10% val_time = 0.03
INFO:  --------------------------------------------------
INFO:  TRAIN:epoch = 315/350 classification_loss = 0.00000 train_time = 0.52
INFO:  ----------
INFO:  Late_delivery_risk Accuracy: 92.86% val_time = 0.03
INFO:  Days for shipping (real) Accuracy: 84.37% val_time = 0.03
INFO:  on_time Accuracy: 95.38% val_time = 0.03
INFO:  --------------------------------------------------
INFO:  TRAIN:epoch = 316/350 classification_loss = 0.00000 train_time = 0.61
INFO:  ----------
INFO:  Late_delivery_risk Accuracy: 92.60% val_time = 0.03
INFO:  Days for shipping (real) Accuracy: 83.33% val_time = 0.03
INFO:  on_time Accuracy: 94.83% val_time = 0.03
INFO:  --------------------------------------------------
INFO:  TRAIN:epoch = 317/350 classification_loss = 0.00000 train_time = 0.52
INFO:  ----------
INFO:  Late_delivery_risk Accuracy: 92.49% val_time = 0.03
INFO:  Days for shipping (real) Accuracy: 84.59% val_time = 0.03
INFO:  on_time Accuracy: 95.36% val_time = 0.03
INFO:  --------------------------------------------------
INFO:  TRAIN:epoch = 318/350 classification_loss = 0.00000 train_time = 0.62
INFO:  ----------
INFO:  Late_delivery_risk Accuracy: 92.67% val_time = 0.03
INFO:  Days for shipping (real) Accuracy: 84.40% val_time = 0.03
INFO:  on_time Accuracy: 95.48% val_time = 0.03
INFO:  --------------------------------------------------
INFO:  TRAIN:epoch = 319/350 classification_loss = 0.00000 train_time = 0.53
INFO:  ----------
INFO:  Late_delivery_risk Accuracy: 92.82% val_time = 0.03
INFO:  Days for shipping (real) Accuracy: 84.02% val_time = 0.03
INFO:  on_time Accuracy: 94.38% val_time = 0.03
INFO:  --------------------------------------------------
INFO:  TRAIN:epoch = 320/350 classification_loss = 0.00000 train_time = 0.52
INFO:  ----------
INFO:  Late_delivery_risk Accuracy: 92.78% val_time = 0.03
INFO:  Days for shipping (real) Accuracy: 84.74% val_time = 0.03
INFO:  on_time Accuracy: 95.09% val_time = 0.03
INFO:  --------------------------------------------------
INFO:  TRAIN:epoch = 321/350 classification_loss = 0.00000 train_time = 0.63
INFO:  ----------
INFO:  Late_delivery_risk Accuracy: 92.46% val_time = 0.03
INFO:  Days for shipping (real) Accuracy: 84.14% val_time = 0.03
INFO:  on_time Accuracy: 95.19% val_time = 0.03
INFO:  --------------------------------------------------
INFO:  TRAIN:epoch = 322/350 classification_loss = 0.00000 train_time = 0.53
INFO:  ----------
INFO:  Late_delivery_risk Accuracy: 92.55% val_time = 0.04
INFO:  Days for shipping (real) Accuracy: 83.89% val_time = 0.04
INFO:  on_time Accuracy: 94.87% val_time = 0.04
INFO:  --------------------------------------------------
INFO:  TRAIN:epoch = 323/350 classification_loss = 0.00000 train_time = 0.63
INFO:  ----------
INFO:  Late_delivery_risk Accuracy: 92.32% val_time = 0.03
INFO:  Days for shipping (real) Accuracy: 83.63% val_time = 0.03
INFO:  on_time Accuracy: 94.86% val_time = 0.03
INFO:  --------------------------------------------------
INFO:  TRAIN:epoch = 324/350 classification_loss = 0.00000 train_time = 0.52
INFO:  ----------
INFO:  Late_delivery_risk Accuracy: 92.22% val_time = 0.03
INFO:  Days for shipping (real) Accuracy: 83.00% val_time = 0.03
INFO:  on_time Accuracy: 94.78% val_time = 0.03
INFO:  --------------------------------------------------
INFO:  TRAIN:epoch = 325/350 classification_loss = 0.00000 train_time = 0.52
INFO:  ----------
INFO:  Late_delivery_risk Accuracy: 92.32% val_time = 0.03
INFO:  Days for shipping (real) Accuracy: 83.07% val_time = 0.03
INFO:  on_time Accuracy: 94.89% val_time = 0.03
INFO:  --------------------------------------------------
INFO:  TRAIN:epoch = 326/350 classification_loss = 0.00000 train_time = 0.63
INFO:  ----------
INFO:  Late_delivery_risk Accuracy: 92.04% val_time = 0.04
INFO:  Days for shipping (real) Accuracy: 83.43% val_time = 0.04
INFO:  on_time Accuracy: 95.02% val_time = 0.04
INFO:  --------------------------------------------------
INFO:  TRAIN:epoch = 327/350 classification_loss = 0.00000 train_time = 0.52
INFO:  ----------
INFO:  Late_delivery_risk Accuracy: 92.44% val_time = 0.03
INFO:  Days for shipping (real) Accuracy: 83.93% val_time = 0.03
INFO:  on_time Accuracy: 95.28% val_time = 0.03
INFO:  --------------------------------------------------
INFO:  TRAIN:epoch = 328/350 classification_loss = 0.00000 train_time = 0.62
INFO:  ----------
INFO:  Late_delivery_risk Accuracy: 93.00% val_time = 0.03
INFO:  Days for shipping (real) Accuracy: 85.10% val_time = 0.03
INFO:  on_time Accuracy: 95.38% val_time = 0.03
INFO:  --------------------------------------------------
INFO:  TRAIN:epoch = 329/350 classification_loss = 0.00000 train_time = 0.52
INFO:  ----------
INFO:  Late_delivery_risk Accuracy: 93.02% val_time = 0.03
INFO:  Days for shipping (real) Accuracy: 85.49% val_time = 0.03
INFO:  on_time Accuracy: 95.35% val_time = 0.03
INFO:  ----------
INFO:  best_overall_accuracy: 91.29% 
INFO:  --------------------------------------------------
INFO:  TRAIN:epoch = 330/350 classification_loss = 0.00000 train_time = 0.52
INFO:  ----------
INFO:  Late_delivery_risk Accuracy: 92.87% val_time = 0.03
INFO:  Days for shipping (real) Accuracy: 84.57% val_time = 0.03
INFO:  on_time Accuracy: 95.23% val_time = 0.03
INFO:  --------------------------------------------------
INFO:  TRAIN:epoch = 331/350 classification_loss = 0.00000 train_time = 0.61
INFO:  ----------
INFO:  Late_delivery_risk Accuracy: 92.36% val_time = 0.03
INFO:  Days for shipping (real) Accuracy: 83.99% val_time = 0.03
INFO:  on_time Accuracy: 94.74% val_time = 0.03
INFO:  --------------------------------------------------
INFO:  TRAIN:epoch = 332/350 classification_loss = 0.00000 train_time = 0.52
INFO:  ----------
INFO:  Late_delivery_risk Accuracy: 92.90% val_time = 0.03
INFO:  Days for shipping (real) Accuracy: 84.68% val_time = 0.03
INFO:  on_time Accuracy: 95.44% val_time = 0.03
INFO:  --------------------------------------------------
INFO:  TRAIN:epoch = 333/350 classification_loss = 0.00000 train_time = 0.63
INFO:  ----------
INFO:  Late_delivery_risk Accuracy: 92.83% val_time = 0.03
INFO:  Days for shipping (real) Accuracy: 84.81% val_time = 0.03
INFO:  on_time Accuracy: 95.32% val_time = 0.03
INFO:  --------------------------------------------------
INFO:  TRAIN:epoch = 334/350 classification_loss = 0.00000 train_time = 0.52
INFO:  ----------
INFO:  Late_delivery_risk Accuracy: 92.71% val_time = 0.03
INFO:  Days for shipping (real) Accuracy: 84.54% val_time = 0.03
INFO:  on_time Accuracy: 95.38% val_time = 0.03
INFO:  --------------------------------------------------
INFO:  TRAIN:epoch = 335/350 classification_loss = 0.00000 train_time = 0.62
INFO:  ----------
INFO:  Late_delivery_risk Accuracy: 92.81% val_time = 0.03
INFO:  Days for shipping (real) Accuracy: 84.82% val_time = 0.03
INFO:  on_time Accuracy: 95.33% val_time = 0.03
INFO:  --------------------------------------------------
INFO:  TRAIN:epoch = 336/350 classification_loss = 0.00000 train_time = 0.51
INFO:  ----------
INFO:  Late_delivery_risk Accuracy: 93.10% val_time = 0.03
INFO:  Days for shipping (real) Accuracy: 85.18% val_time = 0.03
INFO:  on_time Accuracy: 95.20% val_time = 0.03
INFO:  --------------------------------------------------
INFO:  TRAIN:epoch = 337/350 classification_loss = 0.00000 train_time = 0.52
INFO:  ----------
INFO:  Late_delivery_risk Accuracy: 92.93% val_time = 0.03
INFO:  Days for shipping (real) Accuracy: 85.42% val_time = 0.03
INFO:  on_time Accuracy: 95.26% val_time = 0.03
INFO:  --------------------------------------------------
INFO:  TRAIN:epoch = 338/350 classification_loss = 0.00000 train_time = 0.64
INFO:  ----------
INFO:  Late_delivery_risk Accuracy: 93.21% val_time = 0.03
INFO:  Days for shipping (real) Accuracy: 85.55% val_time = 0.03
INFO:  on_time Accuracy: 95.59% val_time = 0.03
INFO:  ----------
INFO:  best_overall_accuracy: 91.45% 
INFO:  --------------------------------------------------
INFO:  TRAIN:epoch = 339/350 classification_loss = 0.00000 train_time = 0.50
INFO:  ----------
INFO:  Late_delivery_risk Accuracy: 92.25% val_time = 0.03
INFO:  Days for shipping (real) Accuracy: 83.05% val_time = 0.03
INFO:  on_time Accuracy: 94.99% val_time = 0.03
INFO:  --------------------------------------------------
INFO:  TRAIN:epoch = 340/350 classification_loss = 0.00000 train_time = 0.63
INFO:  ----------
INFO:  Late_delivery_risk Accuracy: 92.69% val_time = 0.03
INFO:  Days for shipping (real) Accuracy: 84.19% val_time = 0.03
INFO:  on_time Accuracy: 94.93% val_time = 0.03
INFO:  --------------------------------------------------
INFO:  TRAIN:epoch = 341/350 classification_loss = 0.00000 train_time = 0.53
INFO:  ----------
INFO:  Late_delivery_risk Accuracy: 92.58% val_time = 0.04
INFO:  Days for shipping (real) Accuracy: 84.01% val_time = 0.04
INFO:  on_time Accuracy: 95.22% val_time = 0.04
INFO:  --------------------------------------------------
INFO:  TRAIN:epoch = 342/350 classification_loss = 0.00000 train_time = 0.53
INFO:  ----------
INFO:  Late_delivery_risk Accuracy: 92.29% val_time = 0.04
INFO:  Days for shipping (real) Accuracy: 83.93% val_time = 0.04
INFO:  on_time Accuracy: 95.16% val_time = 0.04
INFO:  --------------------------------------------------
INFO:  TRAIN:epoch = 343/350 classification_loss = 0.00000 train_time = 0.63
INFO:  ----------
INFO:  Late_delivery_risk Accuracy: 92.83% val_time = 0.03
INFO:  Days for shipping (real) Accuracy: 85.43% val_time = 0.03
INFO:  on_time Accuracy: 95.22% val_time = 0.03
INFO:  --------------------------------------------------
INFO:  TRAIN:epoch = 344/350 classification_loss = 0.00000 train_time = 0.51
INFO:  ----------
INFO:  Late_delivery_risk Accuracy: 92.69% val_time = 0.03
INFO:  Days for shipping (real) Accuracy: 84.65% val_time = 0.03
INFO:  on_time Accuracy: 95.29% val_time = 0.03
INFO:  --------------------------------------------------
INFO:  TRAIN:epoch = 345/350 classification_loss = 0.00000 train_time = 0.63
INFO:  ----------
INFO:  Late_delivery_risk Accuracy: 92.88% val_time = 0.03
INFO:  Days for shipping (real) Accuracy: 84.29% val_time = 0.03
INFO:  on_time Accuracy: 94.75% val_time = 0.03
INFO:  --------------------------------------------------
INFO:  TRAIN:epoch = 346/350 classification_loss = 0.00000 train_time = 0.52
INFO:  ----------
INFO:  Late_delivery_risk Accuracy: 93.13% val_time = 0.03
INFO:  Days for shipping (real) Accuracy: 85.54% val_time = 0.03
INFO:  on_time Accuracy: 95.42% val_time = 0.03
INFO:  --------------------------------------------------
INFO:  TRAIN:epoch = 347/350 classification_loss = 0.00000 train_time = 0.53
INFO:  ----------
INFO:  Late_delivery_risk Accuracy: 92.94% val_time = 0.03
INFO:  Days for shipping (real) Accuracy: 84.64% val_time = 0.03
INFO:  on_time Accuracy: 95.11% val_time = 0.03
INFO:  --------------------------------------------------
INFO:  TRAIN:epoch = 348/350 classification_loss = 0.00000 train_time = 0.63
INFO:  ----------
INFO:  Late_delivery_risk Accuracy: 92.93% val_time = 0.03
INFO:  Days for shipping (real) Accuracy: 84.50% val_time = 0.03
INFO:  on_time Accuracy: 95.39% val_time = 0.03
INFO:  --------------------------------------------------
INFO:  TRAIN:epoch = 349/350 classification_loss = 0.00000 train_time = 0.52
INFO:  ----------
INFO:  Late_delivery_risk Accuracy: 92.53% val_time = 0.03
INFO:  Days for shipping (real) Accuracy: 84.24% val_time = 0.03
INFO:  on_time Accuracy: 95.29% val_time = 0.03
INFO:  simulator training stage cost time: 225.84845757484436
INFO:  best_acc1 0.9321204061895552
INFO:  best_acc2 0.8554763056092843
INFO:  best_acc3 0.9559356866537717
INFO:  best_overall_accuracy 0.9145107994842038
INFO:  --------------------------------------------------
INFO:  TRAIN:epoch = 0/6000 loss = 84.75707 profit_loss = 1.49540 late_loss = 6.95324 train_time = 7.99
INFO:  profit = 0.00000 on_time = 0.00000 mi_loss = 84.48639 ma_loss = 0.27065
INFO:  ----------
INFO:  avg_profit = 0.52739 on_time_ratio = 0.13002 overall = 0.65741 val_time = 1.04
INFO:  profit_min_percent_10 = 0.40924 profit_min_percent_20 = 0.43898 profit_min_percent_30 = 0.45970
INFO:  best_dm_accuracy: 0.65741 
INFO:  --------------------------------------------------
INFO:  TRAIN:epoch = 1/6000 loss = 85.65823 profit_loss = 1.48270 late_loss = 7.07609 train_time = 7.00
INFO:  profit = 0.00000 on_time = 0.00000 mi_loss = 85.58785 ma_loss = 0.07167
INFO:  ----------
INFO:  avg_profit = 0.52623 on_time_ratio = 0.11684 overall = 0.64307 val_time = 1.05
INFO:  profit_min_percent_10 = 0.40336 profit_min_percent_20 = 0.43842 profit_min_percent_30 = 0.45723
INFO:  --------------------------------------------------
INFO:  TRAIN:epoch = 2/6000 loss = 87.53225 profit_loss = 1.45036 late_loss = 7.30180 train_time = 6.96
INFO:  profit = 0.00000 on_time = 0.00000 mi_loss = 87.52166 ma_loss = 0.01095
INFO:  ----------
INFO:  avg_profit = 0.52710 on_time_ratio = 0.09762 overall = 0.62472 val_time = 1.04
INFO:  profit_min_percent_10 = 0.40664 profit_min_percent_20 = 0.43886 profit_min_percent_30 = 0.45746
INFO:  --------------------------------------------------
INFO:  TRAIN:epoch = 3/6000 loss = 88.43801 profit_loss = 1.43650 late_loss = 7.40703 train_time = 7.12
INFO:  profit = 0.00000 on_time = 0.00000 mi_loss = 88.43529 ma_loss = 0.00240
INFO:  ----------
INFO:  avg_profit = 0.52793 on_time_ratio = 0.08813 overall = 0.61606 val_time = 0.95
INFO:  profit_min_percent_10 = 0.40862 profit_min_percent_20 = 0.43886 profit_min_percent_30 = 0.45760
INFO:  --------------------------------------------------
INFO:  TRAIN:epoch = 4/6000 loss = 88.77808 profit_loss = 1.43072 late_loss = 7.44697 train_time = 7.05
INFO:  profit = 0.00000 on_time = 0.00000 mi_loss = 88.77697 ma_loss = 0.00161
INFO:  ----------
INFO:  avg_profit = 0.52676 on_time_ratio = 0.08728 overall = 0.61404 val_time = 0.95
INFO:  profit_min_percent_10 = 0.40854 profit_min_percent_20 = 0.43886 profit_min_percent_30 = 0.45746
INFO:  --------------------------------------------------
INFO:  TRAIN:epoch = 5/6000 loss = 89.33430 profit_loss = 1.42251 late_loss = 7.51079 train_time = 7.04
INFO:  profit = 0.00000 on_time = 0.00000 mi_loss = 89.33296 ma_loss = 0.00128
INFO:  ----------
INFO:  avg_profit = 0.52722 on_time_ratio = 0.08166 overall = 0.60888 val_time = 1.05
INFO:  profit_min_percent_10 = 0.40821 profit_min_percent_20 = 0.43886 profit_min_percent_30 = 0.45729
INFO:  --------------------------------------------------
INFO:  TRAIN:epoch = 6/6000 loss = 89.33725 profit_loss = 1.42050 late_loss = 7.51317 train_time = 7.01
INFO:  profit = 0.00000 on_time = 0.00000 mi_loss = 89.33670 ma_loss = 0.00131
INFO:  ----------
INFO:  avg_profit = 0.52730 on_time_ratio = 0.08051 overall = 0.60781 val_time = 1.04
INFO:  profit_min_percent_10 = 0.40821 profit_min_percent_20 = 0.43842 profit_min_percent_30 = 0.45723
INFO:  --------------------------------------------------
INFO:  TRAIN:epoch = 7/6000 loss = 89.60415 profit_loss = 1.41421 late_loss = 7.54597 train_time = 7.06
INFO:  profit = 0.00000 on_time = 0.00000 mi_loss = 89.60181 ma_loss = 0.00216
INFO:  ----------
INFO:  avg_profit = 0.52708 on_time_ratio = 0.07761 overall = 0.60469 val_time = 0.94
INFO:  profit_min_percent_10 = 0.40664 profit_min_percent_20 = 0.43842 profit_min_percent_30 = 0.45620
INFO:  --------------------------------------------------
INFO:  TRAIN:epoch = 8/6000 loss = 89.73916 profit_loss = 1.41340 late_loss = 7.56040 train_time = 7.06
INFO:  profit = 0.00000 on_time = 0.00000 mi_loss = 89.73803 ma_loss = 0.00243
INFO:  ----------
INFO:  avg_profit = 0.52734 on_time_ratio = 0.07713 overall = 0.60446 val_time = 0.94
INFO:  profit_min_percent_10 = 0.40664 profit_min_percent_20 = 0.43886 profit_min_percent_30 = 0.45760
INFO:  --------------------------------------------------
INFO:  TRAIN:epoch = 9/6000 loss = 89.95189 profit_loss = 1.41147 late_loss = 7.58331 train_time = 7.06
INFO:  profit = 0.00000 on_time = 0.00000 mi_loss = 89.94785 ma_loss = 0.00414
INFO:  ----------
INFO:  avg_profit = 0.52760 on_time_ratio = 0.07374 overall = 0.60134 val_time = 1.05
INFO:  profit_min_percent_10 = 0.40554 profit_min_percent_20 = 0.43842 profit_min_percent_30 = 0.45642
INFO:  --------------------------------------------------
INFO:  TRAIN:epoch = 10/6000 loss = 90.07070 profit_loss = 1.40929 late_loss = 7.59751 train_time = 6.97
INFO:  profit = 0.00000 on_time = 0.00000 mi_loss = 90.06799 ma_loss = 0.00251
INFO:  ----------
INFO:  avg_profit = 0.52768 on_time_ratio = 0.07417 overall = 0.60185 val_time = 1.04
INFO:  profit_min_percent_10 = 0.40554 profit_min_percent_20 = 0.43842 profit_min_percent_30 = 0.45637
INFO:  --------------------------------------------------
INFO:  TRAIN:epoch = 11/6000 loss = 90.10082 profit_loss = 1.40723 late_loss = 7.60259 train_time = 6.91
INFO:  profit = 0.00000 on_time = 0.00000 mi_loss = 90.09817 ma_loss = 0.00257
INFO:  ----------
INFO:  avg_profit = 0.52790 on_time_ratio = 0.07205 overall = 0.59995 val_time = 1.05
INFO:  profit_min_percent_10 = 0.40554 profit_min_percent_20 = 0.43886 profit_min_percent_30 = 0.45710
INFO:  --------------------------------------------------
INFO:  TRAIN:epoch = 12/6000 loss = 90.29407 profit_loss = 1.40422 late_loss = 7.62462 train_time = 7.11
INFO:  profit = 0.00000 on_time = 0.00000 mi_loss = 90.28835 ma_loss = 0.00466
INFO:  ----------
INFO:  avg_profit = 0.52769 on_time_ratio = 0.07181 overall = 0.59950 val_time = 0.94
INFO:  profit_min_percent_10 = 0.40336 profit_min_percent_20 = 0.43886 profit_min_percent_30 = 0.45620
INFO:  --------------------------------------------------
INFO:  TRAIN:epoch = 13/6000 loss = 90.18528 profit_loss = 1.40358 late_loss = 7.61463 train_time = 7.05
INFO:  profit = 0.00000 on_time = 0.00000 mi_loss = 90.18214 ma_loss = 0.00426
INFO:  ----------
INFO:  avg_profit = 0.52791 on_time_ratio = 0.06921 overall = 0.59712 val_time = 0.94
INFO:  profit_min_percent_10 = 0.40336 profit_min_percent_20 = 0.43886 profit_min_percent_30 = 0.45620
INFO:  --------------------------------------------------
INFO:  TRAIN:epoch = 14/6000 loss = 90.09693 profit_loss = 1.40351 late_loss = 7.60570 train_time = 7.06
INFO:  profit = 0.00000 on_time = 0.00000 mi_loss = 90.09212 ma_loss = 0.00467
INFO:  ----------
INFO:  avg_profit = 0.52751 on_time_ratio = 0.06891 overall = 0.59642 val_time = 1.05
INFO:  profit_min_percent_10 = 0.40336 profit_min_percent_20 = 0.43886 profit_min_percent_30 = 0.45620
INFO:  --------------------------------------------------
INFO:  TRAIN:epoch = 15/6000 loss = 90.27630 profit_loss = 1.40305 late_loss = 7.62418 train_time = 6.94
INFO:  profit = 0.00000 on_time = 0.00000 mi_loss = 90.27236 ma_loss = 0.00424
INFO:  ----------
INFO:  avg_profit = 0.52743 on_time_ratio = 0.07048 overall = 0.59790 val_time = 1.06
INFO:  profit_min_percent_10 = 0.40336 profit_min_percent_20 = 0.43842 profit_min_percent_30 = 0.45616
INFO:  --------------------------------------------------
INFO:  TRAIN:epoch = 16/6000 loss = 90.15360 profit_loss = 1.40388 late_loss = 7.61088 train_time = 7.04
INFO:  profit = 0.00000 on_time = 0.00000 mi_loss = 90.14758 ma_loss = 0.00516
INFO:  ----------
INFO:  avg_profit = 0.52750 on_time_ratio = 0.07030 overall = 0.59780 val_time = 0.93
INFO:  profit_min_percent_10 = 0.40336 profit_min_percent_20 = 0.43842 profit_min_percent_30 = 0.45620
INFO:  --------------------------------------------------
INFO:  TRAIN:epoch = 17/6000 loss = 90.01800 profit_loss = 1.40753 late_loss = 7.59276 train_time = 7.06
INFO:  profit = 0.00000 on_time = 0.00000 mi_loss = 90.00282 ma_loss = 0.01502
INFO:  ----------
INFO:  avg_profit = 0.52741 on_time_ratio = 0.07181 overall = 0.59922 val_time = 0.94
INFO:  profit_min_percent_10 = 0.40336 profit_min_percent_20 = 0.43842 profit_min_percent_30 = 0.45620
INFO:  --------------------------------------------------
INFO:  TRAIN:epoch = 18/6000 loss = 90.07066 profit_loss = 1.40770 late_loss = 7.59882 train_time = 7.06
INFO:  profit = 0.00000 on_time = 0.00000 mi_loss = 90.06524 ma_loss = 0.00488
INFO:  ----------
INFO:  avg_profit = 0.52731 on_time_ratio = 0.06981 overall = 0.59713 val_time = 1.04
INFO:  profit_min_percent_10 = 0.40325 profit_min_percent_20 = 0.43842 profit_min_percent_30 = 0.45616
INFO:  --------------------------------------------------
INFO:  TRAIN:epoch = 19/6000 loss = 89.77111 profit_loss = 1.41017 late_loss = 7.56673 train_time = 7.12
INFO:  profit = 0.00000 on_time = 0.00000 mi_loss = 89.76895 ma_loss = 0.00248
INFO:  ----------
INFO:  avg_profit = 0.52739 on_time_ratio = 0.06927 overall = 0.59666 val_time = 0.94
INFO:  profit_min_percent_10 = 0.40336 profit_min_percent_20 = 0.43886 profit_min_percent_30 = 0.45616
INFO:  --------------------------------------------------
INFO:  TRAIN:epoch = 20/6000 loss = 90.19966 profit_loss = 1.40766 late_loss = 7.61156 train_time = 7.09
INFO:  profit = 0.00000 on_time = 0.00000 mi_loss = 90.19219 ma_loss = 0.00791
INFO:  ----------
INFO:  avg_profit = 0.52698 on_time_ratio = 0.07139 overall = 0.59837 val_time = 0.94
INFO:  profit_min_percent_10 = 0.40336 profit_min_percent_20 = 0.43842 profit_min_percent_30 = 0.45616
INFO:  --------------------------------------------------
INFO:  TRAIN:epoch = 21/6000 loss = 90.10403 profit_loss = 1.40719 late_loss = 7.60259 train_time = 7.08
INFO:  profit = 0.00000 on_time = 0.00000 mi_loss = 90.09778 ma_loss = 0.00685
INFO:  ----------
INFO:  avg_profit = 0.52703 on_time_ratio = 0.07084 overall = 0.59788 val_time = 1.05
INFO:  profit_min_percent_10 = 0.40325 profit_min_percent_20 = 0.43842 profit_min_percent_30 = 0.45616
INFO:  --------------------------------------------------
INFO:  TRAIN:epoch = 22/6000 loss = 90.29124 profit_loss = 1.40691 late_loss = 7.62181 train_time = 7.07
INFO:  profit = 0.00000 on_time = 0.00000 mi_loss = 90.28719 ma_loss = 0.00352
INFO:  ----------
INFO:  avg_profit = 0.52730 on_time_ratio = 0.06963 overall = 0.59693 val_time = 1.04
INFO:  profit_min_percent_10 = 0.40325 profit_min_percent_20 = 0.43842 profit_min_percent_30 = 0.45616
INFO:  --------------------------------------------------
INFO:  TRAIN:epoch = 23/6000 loss = 89.90393 profit_loss = 1.41323 late_loss = 7.57674 train_time = 7.10
INFO:  profit = 0.00000 on_time = 0.00000 mi_loss = 89.89973 ma_loss = 0.00372
INFO:  ----------
INFO:  avg_profit = 0.52696 on_time_ratio = 0.07489 overall = 0.60185 val_time = 0.95
INFO:  profit_min_percent_10 = 0.40325 profit_min_percent_20 = 0.43842 profit_min_percent_30 = 0.45616
INFO:  --------------------------------------------------
INFO:  TRAIN:epoch = 24/6000 loss = 89.86167 profit_loss = 1.41411 late_loss = 7.57138 train_time = 7.06
INFO:  profit = 0.00000 on_time = 0.00000 mi_loss = 89.85492 ma_loss = 0.00721
INFO:  ----------
INFO:  avg_profit = 0.52740 on_time_ratio = 0.07132 overall = 0.59872 val_time = 0.95
INFO:  profit_min_percent_10 = 0.40336 profit_min_percent_20 = 0.43842 profit_min_percent_30 = 0.45616
INFO:  --------------------------------------------------
INFO:  TRAIN:epoch = 25/6000 loss = 89.92178 profit_loss = 1.40900 late_loss = 7.58293 train_time = 7.06
INFO:  profit = 0.00000 on_time = 0.00000 mi_loss = 89.91930 ma_loss = 0.00328
INFO:  ----------
INFO:  avg_profit = 0.52746 on_time_ratio = 0.07247 overall = 0.59993 val_time = 1.04
INFO:  profit_min_percent_10 = 0.40439 profit_min_percent_20 = 0.43842 profit_min_percent_30 = 0.45616
INFO:  --------------------------------------------------
INFO:  TRAIN:epoch = 26/6000 loss = 90.10836 profit_loss = 1.40983 late_loss = 7.60065 train_time = 7.11
INFO:  profit = 0.00000 on_time = 0.00000 mi_loss = 90.10481 ma_loss = 0.00444
INFO:  ----------
INFO:  avg_profit = 0.52758 on_time_ratio = 0.07265 overall = 0.60024 val_time = 0.93
INFO:  profit_min_percent_10 = 0.40336 profit_min_percent_20 = 0.43842 profit_min_percent_30 = 0.45620
INFO:  --------------------------------------------------
INFO:  TRAIN:epoch = 27/6000 loss = 90.07033 profit_loss = 1.40815 late_loss = 7.59851 train_time = 7.08
INFO:  profit = 0.00000 on_time = 0.00000 mi_loss = 90.06662 ma_loss = 0.00385
INFO:  ----------
INFO:  avg_profit = 0.52749 on_time_ratio = 0.06993 overall = 0.59743 val_time = 0.93
INFO:  profit_min_percent_10 = 0.40429 profit_min_percent_20 = 0.43842 profit_min_percent_30 = 0.45620
INFO:  --------------------------------------------------
INFO:  TRAIN:epoch = 28/6000 loss = 89.80827 profit_loss = 1.41452 late_loss = 7.56561 train_time = 7.05
INFO:  profit = 0.00000 on_time = 0.00000 mi_loss = 89.80127 ma_loss = 0.00599
INFO:  ----------
INFO:  avg_profit = 0.52714 on_time_ratio = 0.07169 overall = 0.59883 val_time = 0.93
INFO:  profit_min_percent_10 = 0.40336 profit_min_percent_20 = 0.43842 profit_min_percent_30 = 0.45620
INFO:  --------------------------------------------------
INFO:  TRAIN:epoch = 29/6000 loss = 89.98079 profit_loss = 1.41160 late_loss = 7.58603 train_time = 7.02
INFO:  profit = 0.00000 on_time = 0.00000 mi_loss = 89.97630 ma_loss = 0.00477
INFO:  ----------
INFO:  avg_profit = 0.52762 on_time_ratio = 0.07459 overall = 0.60221 val_time = 1.05
INFO:  profit_min_percent_10 = 0.40336 profit_min_percent_20 = 0.43886 profit_min_percent_30 = 0.45620
INFO:  --------------------------------------------------
INFO:  TRAIN:epoch = 30/6000 loss = 90.09549 profit_loss = 1.41044 late_loss = 7.59856 train_time = 7.04
INFO:  profit = 0.00000 on_time = 0.00000 mi_loss = 90.09007 ma_loss = 0.00460
INFO:  ----------
INFO:  avg_profit = 0.52748 on_time_ratio = 0.07417 overall = 0.60165 val_time = 0.94
INFO:  profit_min_percent_10 = 0.40439 profit_min_percent_20 = 0.43842 profit_min_percent_30 = 0.45620
INFO:  --------------------------------------------------
INFO:  TRAIN:epoch = 31/6000 loss = 89.83984 profit_loss = 1.41222 late_loss = 7.57102 train_time = 7.03
INFO:  profit = 0.00000 on_time = 0.00000 mi_loss = 89.83242 ma_loss = 0.00780
INFO:  ----------
INFO:  avg_profit = 0.52745 on_time_ratio = 0.07622 overall = 0.60367 val_time = 0.94
INFO:  profit_min_percent_10 = 0.40429 profit_min_percent_20 = 0.43886 profit_min_percent_30 = 0.45620
INFO:  --------------------------------------------------
INFO:  TRAIN:epoch = 32/6000 loss = 90.11487 profit_loss = 1.41374 late_loss = 7.59663 train_time = 7.07
INFO:  profit = 0.00000 on_time = 0.00000 mi_loss = 90.10365 ma_loss = 0.01062
INFO:  ----------
INFO:  avg_profit = 0.52779 on_time_ratio = 0.07302 overall = 0.60081 val_time = 1.04
INFO:  profit_min_percent_10 = 0.40554 profit_min_percent_20 = 0.43886 profit_min_percent_30 = 0.45620
INFO:  --------------------------------------------------
INFO:  TRAIN:epoch = 33/6000 loss = 90.01161 profit_loss = 1.41136 late_loss = 7.58913 train_time = 6.97
INFO:  profit = 0.00000 on_time = 0.00000 mi_loss = 90.00491 ma_loss = 0.00638
INFO:  ----------
INFO:  avg_profit = 0.52766 on_time_ratio = 0.07417 overall = 0.60183 val_time = 1.05
INFO:  profit_min_percent_10 = 0.40336 profit_min_percent_20 = 0.43842 profit_min_percent_30 = 0.45620
INFO:  --------------------------------------------------
INFO:  TRAIN:epoch = 34/6000 loss = 89.85325 profit_loss = 1.41539 late_loss = 7.56944 train_time = 7.06
INFO:  profit = 0.00000 on_time = 0.00000 mi_loss = 89.84830 ma_loss = 0.00535
INFO:  ----------
INFO:  avg_profit = 0.52745 on_time_ratio = 0.07302 overall = 0.60047 val_time = 0.94
INFO:  profit_min_percent_10 = 0.40414 profit_min_percent_20 = 0.43886 profit_min_percent_30 = 0.45620
INFO:  --------------------------------------------------
INFO:  TRAIN:epoch = 35/6000 loss = 89.70978 profit_loss = 1.41458 late_loss = 7.55585 train_time = 7.04
INFO:  profit = 0.00000 on_time = 0.00000 mi_loss = 89.70435 ma_loss = 0.00478
INFO:  ----------
INFO:  avg_profit = 0.52721 on_time_ratio = 0.07574 overall = 0.60295 val_time = 0.94
INFO:  profit_min_percent_10 = 0.40554 profit_min_percent_20 = 0.43842 profit_min_percent_30 = 0.45620
INFO:  --------------------------------------------------
INFO:  TRAIN:epoch = 36/6000 loss = 90.04948 profit_loss = 1.41581 late_loss = 7.58851 train_time = 7.07
INFO:  profit = 0.00000 on_time = 0.00000 mi_loss = 90.04317 ma_loss = 0.00672
INFO:  ----------
INFO:  avg_profit = 0.52729 on_time_ratio = 0.07731 overall = 0.60460 val_time = 1.04
INFO:  profit_min_percent_10 = 0.40664 profit_min_percent_20 = 0.43842 profit_min_percent_30 = 0.45620
INFO:  --------------------------------------------------
INFO:  TRAIN:epoch = 37/6000 loss = 89.93152 profit_loss = 1.41632 late_loss = 7.57629 train_time = 6.91
INFO:  profit = 0.00000 on_time = 0.00000 mi_loss = 89.92615 ma_loss = 0.00545
INFO:  ----------
INFO:  avg_profit = 0.52748 on_time_ratio = 0.07507 overall = 0.60255 val_time = 1.05
INFO:  profit_min_percent_10 = 0.40336 profit_min_percent_20 = 0.43842 profit_min_percent_30 = 0.45620
INFO:  --------------------------------------------------
INFO:  TRAIN:epoch = 38/6000 loss = 89.82607 profit_loss = 1.41923 late_loss = 7.56291 train_time = 7.07
INFO:  profit = 0.00000 on_time = 0.00000 mi_loss = 89.82138 ma_loss = 0.00441
INFO:  ----------
INFO:  avg_profit = 0.52746 on_time_ratio = 0.07767 overall = 0.60513 val_time = 0.94
INFO:  profit_min_percent_10 = 0.40336 profit_min_percent_20 = 0.43842 profit_min_percent_30 = 0.45620
INFO:  --------------------------------------------------
INFO:  TRAIN:epoch = 39/6000 loss = 89.88799 profit_loss = 1.41762 late_loss = 7.57016 train_time = 7.07
INFO:  profit = 0.00000 on_time = 0.00000 mi_loss = 89.87786 ma_loss = 0.01003
INFO:  ----------
INFO:  avg_profit = 0.52729 on_time_ratio = 0.07568 overall = 0.60297 val_time = 0.94
INFO:  profit_min_percent_10 = 0.40336 profit_min_percent_20 = 0.43842 profit_min_percent_30 = 0.45620
INFO:  --------------------------------------------------
INFO:  TRAIN:epoch = 40/6000 loss = 89.91446 profit_loss = 1.41663 late_loss = 7.57409 train_time = 7.03
INFO:  profit = 0.00000 on_time = 0.00000 mi_loss = 89.90729 ma_loss = 0.00661
INFO:  ----------
INFO:  avg_profit = 0.52751 on_time_ratio = 0.07332 overall = 0.60083 val_time = 1.05
INFO:  profit_min_percent_10 = 0.40336 profit_min_percent_20 = 0.43842 profit_min_percent_30 = 0.45616
INFO:  --------------------------------------------------
INFO:  TRAIN:epoch = 41/6000 loss = 89.84010 profit_loss = 1.41501 late_loss = 7.56834 train_time = 7.00
INFO:  profit = 0.00000 on_time = 0.00000 mi_loss = 89.83347 ma_loss = 0.00587
INFO:  ----------
INFO:  avg_profit = 0.52673 on_time_ratio = 0.07779 overall = 0.60452 val_time = 1.05
INFO:  profit_min_percent_10 = 0.40336 profit_min_percent_20 = 0.43842 profit_min_percent_30 = 0.45710
INFO:  --------------------------------------------------
INFO:  TRAIN:epoch = 42/6000 loss = 89.88862 profit_loss = 1.41602 late_loss = 7.57236 train_time = 7.07
INFO:  profit = 0.00000 on_time = 0.00000 mi_loss = 89.88377 ma_loss = 0.00428
INFO:  ----------
INFO:  avg_profit = 0.52757 on_time_ratio = 0.07417 overall = 0.60174 val_time = 0.94
INFO:  profit_min_percent_10 = 0.40336 profit_min_percent_20 = 0.43886 profit_min_percent_30 = 0.45642
INFO:  --------------------------------------------------
INFO:  TRAIN:epoch = 43/6000 loss = 89.83524 profit_loss = 1.41528 late_loss = 7.56800 train_time = 7.07
INFO:  profit = 0.00000 on_time = 0.00000 mi_loss = 89.83282 ma_loss = 0.00278
INFO:  ----------
INFO:  avg_profit = 0.52799 on_time_ratio = 0.07634 overall = 0.60433 val_time = 0.93
INFO:  profit_min_percent_10 = 0.40664 profit_min_percent_20 = 0.43886 profit_min_percent_30 = 0.45685
INFO:  --------------------------------------------------
INFO:  TRAIN:epoch = 44/6000 loss = 89.73610 profit_loss = 1.41749 late_loss = 7.55536 train_time = 7.07
INFO:  profit = 0.00000 on_time = 0.00000 mi_loss = 89.72849 ma_loss = 0.00803
INFO:  ----------
INFO:  avg_profit = 0.52716 on_time_ratio = 0.07695 overall = 0.60411 val_time = 1.05
INFO:  profit_min_percent_10 = 0.40336 profit_min_percent_20 = 0.43842 profit_min_percent_30 = 0.45620
INFO:  --------------------------------------------------
INFO:  TRAIN:epoch = 45/6000 loss = 89.83736 profit_loss = 1.41683 late_loss = 7.56609 train_time = 6.93
INFO:  profit = 0.00000 on_time = 0.00000 mi_loss = 89.82914 ma_loss = 0.00851
INFO:  ----------
INFO:  avg_profit = 0.52722 on_time_ratio = 0.07441 overall = 0.60163 val_time = 1.05
INFO:  profit_min_percent_10 = 0.40336 profit_min_percent_20 = 0.43842 profit_min_percent_30 = 0.45616
INFO:  --------------------------------------------------
INFO:  TRAIN:epoch = 46/6000 loss = 89.68905 profit_loss = 1.41594 late_loss = 7.55160 train_time = 7.05
INFO:  profit = 0.00000 on_time = 0.00000 mi_loss = 89.67536 ma_loss = 0.01439
INFO:  ----------
INFO:  avg_profit = 0.52766 on_time_ratio = 0.07695 overall = 0.60460 val_time = 0.94
INFO:  profit_min_percent_10 = 0.40336 profit_min_percent_20 = 0.43842 profit_min_percent_30 = 0.45620
INFO:  --------------------------------------------------
INFO:  TRAIN:epoch = 47/6000 loss = 89.94321 profit_loss = 1.41317 late_loss = 7.58054 train_time = 7.06
INFO:  profit = 0.00000 on_time = 0.00000 mi_loss = 89.93719 ma_loss = 0.00594
INFO:  ----------
INFO:  avg_profit = 0.52745 on_time_ratio = 0.07562 overall = 0.60307 val_time = 0.94
INFO:  profit_min_percent_10 = 0.40336 profit_min_percent_20 = 0.43842 profit_min_percent_30 = 0.45620
INFO:  --------------------------------------------------
INFO:  TRAIN:epoch = 48/6000 loss = 89.85098 profit_loss = 1.41724 late_loss = 7.56738 train_time = 7.09
INFO:  profit = 0.00000 on_time = 0.00000 mi_loss = 89.84625 ma_loss = 0.00512
INFO:  ----------
INFO:  avg_profit = 0.52756 on_time_ratio = 0.07610 overall = 0.60366 val_time = 0.94
INFO:  profit_min_percent_10 = 0.40325 profit_min_percent_20 = 0.43842 profit_min_percent_30 = 0.45620
INFO:  --------------------------------------------------
INFO:  TRAIN:epoch = 49/6000 loss = 89.79128 profit_loss = 1.41999 late_loss = 7.55828 train_time = 7.03
INFO:  profit = 0.00000 on_time = 0.00000 mi_loss = 89.78263 ma_loss = 0.00901
INFO:  ----------
INFO:  avg_profit = 0.52718 on_time_ratio = 0.07701 overall = 0.60419 val_time = 1.05
INFO:  profit_min_percent_10 = 0.40410 profit_min_percent_20 = 0.43842 profit_min_percent_30 = 0.45620
INFO:  --------------------------------------------------
INFO:  TRAIN:epoch = 50/6000 loss = 89.76886 profit_loss = 1.41502 late_loss = 7.56090 train_time = 7.04
INFO:  profit = 0.00000 on_time = 0.00000 mi_loss = 89.75921 ma_loss = 0.00952
INFO:  ----------
INFO:  avg_profit = 0.52741 on_time_ratio = 0.07404 overall = 0.60146 val_time = 0.94
INFO:  profit_min_percent_10 = 0.40336 profit_min_percent_20 = 0.43842 profit_min_percent_30 = 0.45620
INFO:  --------------------------------------------------
INFO:  TRAIN:epoch = 51/6000 loss = 89.89720 profit_loss = 1.41559 late_loss = 7.57339 train_time = 7.10
INFO:  profit = 0.00000 on_time = 0.00000 mi_loss = 89.88977 ma_loss = 0.00624
INFO:  ----------
INFO:  avg_profit = 0.52739 on_time_ratio = 0.07701 overall = 0.60440 val_time = 0.94
INFO:  profit_min_percent_10 = 0.40410 profit_min_percent_20 = 0.43842 profit_min_percent_30 = 0.45620
INFO:  decision_maker training stage cost time: 644.9792404174805
INFO:  best_dm_accuracy 0.657411515712738
INFO:  best_profit 0.5273945927619934
INFO:  best_on_time 0.1300169245647969
INFO:  best_pmp_1 0.40923836827278137
INFO:  best_pmp_2 0.4597035050392151
INFO:  best_pmp_3 0.4597035050392151
[1;34mwandb[0m: 
[1;34mwandb[0m: 🚀 View run [33mhappy-moon-86[0m at: [34m[0m
[1;34mwandb[0m: Find logs at: [1;35mwandb/run-20251104_191145-shjjsq20/logs[0m
