INFO:  --------------------------------Een Init----------------------------------
INFO:  Code will run in cuda:0
INFO:  --------------------------------Dataset Init------------------------------
INFO:  --------------------------------Model Init--------------------------------
INFO:  --------------------------------Session Init------------------------------
INFO:  Initialized LLMValueNetwork: google/gemma-3-1b-it (batch=64)
INFO:  Initialized value network from provided instance.
INFO:  ------------------------------------ Main --------------------------------
INFO:  --------------------------------------------------
INFO:  TRAIN:epoch = 0/6000 classification_loss = 0.00000 train_time = 12.44
INFO:  ----------
INFO:  Late_delivery_risk Accuracy: 70.19% val_time = 0.61
INFO:  Days for shipping (real) Accuracy: 34.09% val_time = 0.61
INFO:  on_time Accuracy: 81.61% val_time = 0.61
INFO:  ----------
INFO:  best_overall_accuracy: 61.96% 
INFO:  --------------------------------------------------
INFO:  TRAIN:epoch = 1/6000 classification_loss = 0.00000 train_time = 11.82
INFO:  ----------
INFO:  Late_delivery_risk Accuracy: 70.13% val_time = 0.59
INFO:  Days for shipping (real) Accuracy: 33.95% val_time = 0.59
INFO:  on_time Accuracy: 81.55% val_time = 0.59
INFO:  --------------------------------------------------
INFO:  TRAIN:epoch = 2/6000 classification_loss = 0.00000 train_time = 11.44
INFO:  ----------
INFO:  Late_delivery_risk Accuracy: 70.19% val_time = 0.59
INFO:  Days for shipping (real) Accuracy: 34.39% val_time = 0.59
INFO:  on_time Accuracy: 81.61% val_time = 0.59
INFO:  ----------
INFO:  best_overall_accuracy: 62.06% 
INFO:  --------------------------------------------------
INFO:  TRAIN:epoch = 3/6000 classification_loss = 0.00000 train_time = 11.45
INFO:  ----------
INFO:  Late_delivery_risk Accuracy: 70.11% val_time = 0.60
INFO:  Days for shipping (real) Accuracy: 34.41% val_time = 0.60
INFO:  on_time Accuracy: 81.55% val_time = 0.60
INFO:  --------------------------------------------------
INFO:  TRAIN:epoch = 4/6000 classification_loss = 0.00000 train_time = 11.45
INFO:  ----------
INFO:  Late_delivery_risk Accuracy: 70.19% val_time = 0.59
INFO:  Days for shipping (real) Accuracy: 34.30% val_time = 0.59
INFO:  on_time Accuracy: 81.61% val_time = 0.59
INFO:  --------------------------------------------------
INFO:  TRAIN:epoch = 5/6000 classification_loss = 0.00000 train_time = 11.45
INFO:  ----------
INFO:  Late_delivery_risk Accuracy: 70.19% val_time = 0.60
INFO:  Days for shipping (real) Accuracy: 34.03% val_time = 0.60
INFO:  on_time Accuracy: 81.61% val_time = 0.60
INFO:  --------------------------------------------------
INFO:  TRAIN:epoch = 6/6000 classification_loss = 0.00000 train_time = 12.49
INFO:  ----------
INFO:  Late_delivery_risk Accuracy: 70.19% val_time = 0.60
INFO:  Days for shipping (real) Accuracy: 33.51% val_time = 0.60
INFO:  on_time Accuracy: 81.61% val_time = 0.60
INFO:  --------------------------------------------------
INFO:  TRAIN:epoch = 7/6000 classification_loss = 0.00000 train_time = 11.52
INFO:  ----------
INFO:  Late_delivery_risk Accuracy: 70.19% val_time = 0.62
INFO:  Days for shipping (real) Accuracy: 33.95% val_time = 0.62
INFO:  on_time Accuracy: 81.61% val_time = 0.62
INFO:  --------------------------------------------------
INFO:  TRAIN:epoch = 8/6000 classification_loss = 0.00000 train_time = 11.29
INFO:  ----------
INFO:  Late_delivery_risk Accuracy: 70.19% val_time = 0.62
INFO:  Days for shipping (real) Accuracy: 34.39% val_time = 0.62
INFO:  on_time Accuracy: 81.61% val_time = 0.62
INFO:  --------------------------------------------------
INFO:  TRAIN:epoch = 9/6000 classification_loss = 0.00000 train_time = 11.29
INFO:  ----------
INFO:  Late_delivery_risk Accuracy: 70.19% val_time = 0.62
INFO:  Days for shipping (real) Accuracy: 34.26% val_time = 0.62
INFO:  on_time Accuracy: 81.61% val_time = 0.62
INFO:  --------------------------------------------------
INFO:  TRAIN:epoch = 10/6000 classification_loss = 0.00000 train_time = 11.28
INFO:  ----------
INFO:  Late_delivery_risk Accuracy: 70.19% val_time = 0.61
INFO:  Days for shipping (real) Accuracy: 34.33% val_time = 0.61
INFO:  on_time Accuracy: 81.55% val_time = 0.61
INFO:  --------------------------------------------------
INFO:  TRAIN:epoch = 11/6000 classification_loss = 0.00000 train_time = 11.50
INFO:  ----------
INFO:  Late_delivery_risk Accuracy: 70.13% val_time = 0.62
INFO:  Days for shipping (real) Accuracy: 34.08% val_time = 0.62
INFO:  on_time Accuracy: 81.55% val_time = 0.62
INFO:  --------------------------------------------------
INFO:  TRAIN:epoch = 12/6000 classification_loss = 0.00000 train_time = 11.28
INFO:  ----------
INFO:  Late_delivery_risk Accuracy: 70.19% val_time = 0.61
INFO:  Days for shipping (real) Accuracy: 33.51% val_time = 0.61
INFO:  on_time Accuracy: 81.61% val_time = 0.61
INFO:  --------------------------------------------------
INFO:  TRAIN:epoch = 13/6000 classification_loss = 0.00000 train_time = 11.27
INFO:  ----------
INFO:  Late_delivery_risk Accuracy: 70.19% val_time = 0.62
INFO:  Days for shipping (real) Accuracy: 34.09% val_time = 0.62
INFO:  on_time Accuracy: 81.61% val_time = 0.62
INFO:  --------------------------------------------------
INFO:  TRAIN:epoch = 14/6000 classification_loss = 0.00000 train_time = 11.28
INFO:  ----------
INFO:  Late_delivery_risk Accuracy: 70.19% val_time = 0.63
INFO:  Days for shipping (real) Accuracy: 33.95% val_time = 0.63
INFO:  on_time Accuracy: 81.55% val_time = 0.63
INFO:  --------------------------------------------------
INFO:  TRAIN:epoch = 15/6000 classification_loss = 0.00000 train_time = 11.40
INFO:  ----------
INFO:  Late_delivery_risk Accuracy: 70.19% val_time = 0.62
INFO:  Days for shipping (real) Accuracy: 34.39% val_time = 0.62
INFO:  on_time Accuracy: 81.61% val_time = 0.62
INFO:  --------------------------------------------------
INFO:  TRAIN:epoch = 16/6000 classification_loss = 0.00000 train_time = 11.27
INFO:  ----------
INFO:  Late_delivery_risk Accuracy: 70.19% val_time = 0.61
INFO:  Days for shipping (real) Accuracy: 34.08% val_time = 0.61
INFO:  on_time Accuracy: 81.61% val_time = 0.61
INFO:  --------------------------------------------------
INFO:  TRAIN:epoch = 17/6000 classification_loss = 0.00000 train_time = 11.26
INFO:  ----------
INFO:  Late_delivery_risk Accuracy: 70.19% val_time = 0.61
INFO:  Days for shipping (real) Accuracy: 33.98% val_time = 0.61
INFO:  on_time Accuracy: 81.61% val_time = 0.61
INFO:  --------------------------------------------------
INFO:  TRAIN:epoch = 18/6000 classification_loss = 0.00000 train_time = 11.33
INFO:  ----------
INFO:  Late_delivery_risk Accuracy: 70.19% val_time = 0.64
INFO:  Days for shipping (real) Accuracy: 33.82% val_time = 0.64
INFO:  on_time Accuracy: 81.55% val_time = 0.64
INFO:  --------------------------------------------------
INFO:  TRAIN:epoch = 19/6000 classification_loss = 0.00000 train_time = 11.35
INFO:  ----------
INFO:  Late_delivery_risk Accuracy: 70.20% val_time = 0.62
INFO:  Days for shipping (real) Accuracy: 34.26% val_time = 0.62
INFO:  on_time Accuracy: 81.61% val_time = 0.62
INFO:  --------------------------------------------------
INFO:  TRAIN:epoch = 20/6000 classification_loss = 0.00000 train_time = 12.39
INFO:  ----------
INFO:  Late_delivery_risk Accuracy: 70.19% val_time = 0.60
INFO:  Days for shipping (real) Accuracy: 34.09% val_time = 0.60
INFO:  on_time Accuracy: 81.61% val_time = 0.60
INFO:  --------------------------------------------------
INFO:  TRAIN:epoch = 21/6000 classification_loss = 0.00000 train_time = 12.73
INFO:  ----------
INFO:  Late_delivery_risk Accuracy: 70.19% val_time = 0.62
INFO:  Days for shipping (real) Accuracy: 34.33% val_time = 0.62
INFO:  on_time Accuracy: 81.55% val_time = 0.62
INFO:  --------------------------------------------------
INFO:  TRAIN:epoch = 22/6000 classification_loss = 0.00000 train_time = 13.06
INFO:  ----------
INFO:  Late_delivery_risk Accuracy: 70.19% val_time = 0.59
INFO:  Days for shipping (real) Accuracy: 33.99% val_time = 0.59
INFO:  on_time Accuracy: 81.55% val_time = 0.59
INFO:  --------------------------------------------------
INFO:  TRAIN:epoch = 23/6000 classification_loss = 0.00000 train_time = 12.83
INFO:  ----------
INFO:  Late_delivery_risk Accuracy: 70.19% val_time = 0.59
INFO:  Days for shipping (real) Accuracy: 34.03% val_time = 0.59
INFO:  on_time Accuracy: 81.64% val_time = 0.59
INFO:  --------------------------------------------------
INFO:  TRAIN:epoch = 24/6000 classification_loss = 0.00000 train_time = 11.43
INFO:  ----------
INFO:  Late_delivery_risk Accuracy: 70.19% val_time = 0.61
INFO:  Days for shipping (real) Accuracy: 34.00% val_time = 0.61
INFO:  on_time Accuracy: 81.61% val_time = 0.61
INFO:  --------------------------------------------------
INFO:  TRAIN:epoch = 25/6000 classification_loss = 0.00000 train_time = 11.30
INFO:  ----------
INFO:  Late_delivery_risk Accuracy: 70.19% val_time = 0.63
INFO:  Days for shipping (real) Accuracy: 33.53% val_time = 0.63
INFO:  on_time Accuracy: 81.61% val_time = 0.63
INFO:  --------------------------------------------------
INFO:  TRAIN:epoch = 26/6000 classification_loss = 0.00000 train_time = 11.46
INFO:  ----------
INFO:  Late_delivery_risk Accuracy: 70.19% val_time = 0.61
INFO:  Days for shipping (real) Accuracy: 34.33% val_time = 0.61
INFO:  on_time Accuracy: 81.55% val_time = 0.61
INFO:  --------------------------------------------------
INFO:  TRAIN:epoch = 27/6000 classification_loss = 0.00000 train_time = 11.29
INFO:  ----------
INFO:  Late_delivery_risk Accuracy: 70.19% val_time = 0.61
INFO:  Days for shipping (real) Accuracy: 33.95% val_time = 0.61
INFO:  on_time Accuracy: 81.61% val_time = 0.61
INFO:  --------------------------------------------------
INFO:  TRAIN:epoch = 28/6000 classification_loss = 0.00000 train_time = 12.07
INFO:  ----------
INFO:  Late_delivery_risk Accuracy: 57.79% val_time = 0.61
INFO:  Days for shipping (real) Accuracy: 33.89% val_time = 0.61
INFO:  on_time Accuracy: 81.55% val_time = 0.61
INFO:  --------------------------------------------------
INFO:  TRAIN:epoch = 29/6000 classification_loss = 0.00000 train_time = 11.31
INFO:  ----------
INFO:  Late_delivery_risk Accuracy: 70.19% val_time = 0.61
INFO:  Days for shipping (real) Accuracy: 34.39% val_time = 0.61
INFO:  on_time Accuracy: 81.61% val_time = 0.61
INFO:  --------------------------------------------------
INFO:  TRAIN:epoch = 30/6000 classification_loss = 0.00000 train_time = 11.31
INFO:  ----------
INFO:  Late_delivery_risk Accuracy: 70.19% val_time = 0.62
INFO:  Days for shipping (real) Accuracy: 33.96% val_time = 0.62
INFO:  on_time Accuracy: 81.61% val_time = 0.62
INFO:  --------------------------------------------------
INFO:  TRAIN:epoch = 31/6000 classification_loss = 0.00000 train_time = 11.29
INFO:  ----------
INFO:  Late_delivery_risk Accuracy: 70.19% val_time = 0.62
INFO:  Days for shipping (real) Accuracy: 34.10% val_time = 0.62
INFO:  on_time Accuracy: 81.61% val_time = 0.62
INFO:  --------------------------------------------------
INFO:  TRAIN:epoch = 32/6000 classification_loss = 0.00000 train_time = 11.29
INFO:  ----------
INFO:  Late_delivery_risk Accuracy: 70.19% val_time = 0.62
INFO:  Days for shipping (real) Accuracy: 34.09% val_time = 0.62
INFO:  on_time Accuracy: 81.61% val_time = 0.62
INFO:  --------------------------------------------------
INFO:  TRAIN:epoch = 33/6000 classification_loss = 0.00000 train_time = 11.29
INFO:  ----------
INFO:  Late_delivery_risk Accuracy: 70.19% val_time = 0.62
INFO:  Days for shipping (real) Accuracy: 34.26% val_time = 0.62
INFO:  on_time Accuracy: 81.61% val_time = 0.62
INFO:  --------------------------------------------------
INFO:  TRAIN:epoch = 34/6000 classification_loss = 0.00000 train_time = 11.28
INFO:  ----------
INFO:  Late_delivery_risk Accuracy: 70.19% val_time = 0.62
INFO:  Days for shipping (real) Accuracy: 33.95% val_time = 0.62
INFO:  on_time Accuracy: 81.61% val_time = 0.62
INFO:  --------------------------------------------------
INFO:  TRAIN:epoch = 35/6000 classification_loss = 0.00000 train_time = 11.30
INFO:  ----------
INFO:  Late_delivery_risk Accuracy: 70.19% val_time = 0.61
INFO:  Days for shipping (real) Accuracy: 34.12% val_time = 0.61
INFO:  on_time Accuracy: 81.61% val_time = 0.61
INFO:  --------------------------------------------------
INFO:  TRAIN:epoch = 36/6000 classification_loss = 0.00000 train_time = 11.30
INFO:  ----------
INFO:  Late_delivery_risk Accuracy: 70.22% val_time = 0.61
INFO:  Days for shipping (real) Accuracy: 33.45% val_time = 0.61
INFO:  on_time Accuracy: 81.55% val_time = 0.61
INFO:  --------------------------------------------------
INFO:  TRAIN:epoch = 37/6000 classification_loss = 0.00000 train_time = 11.27
INFO:  ----------
INFO:  Late_delivery_risk Accuracy: 70.19% val_time = 0.62
INFO:  Days for shipping (real) Accuracy: 34.27% val_time = 0.62
INFO:  on_time Accuracy: 81.61% val_time = 0.62
INFO:  --------------------------------------------------
INFO:  TRAIN:epoch = 38/6000 classification_loss = 0.00000 train_time = 11.30
INFO:  ----------
INFO:  Late_delivery_risk Accuracy: 70.19% val_time = 0.61
INFO:  Days for shipping (real) Accuracy: 34.39% val_time = 0.61
INFO:  on_time Accuracy: 81.61% val_time = 0.61
INFO:  --------------------------------------------------
INFO:  TRAIN:epoch = 39/6000 classification_loss = 0.00000 train_time = 11.29
INFO:  ----------
INFO:  Late_delivery_risk Accuracy: 70.19% val_time = 0.62
INFO:  Days for shipping (real) Accuracy: 34.26% val_time = 0.62
INFO:  on_time Accuracy: 81.61% val_time = 0.62
INFO:  --------------------------------------------------
INFO:  TRAIN:epoch = 40/6000 classification_loss = 0.00000 train_time = 11.29
INFO:  ----------
INFO:  Late_delivery_risk Accuracy: 70.19% val_time = 0.61
INFO:  Days for shipping (real) Accuracy: 33.95% val_time = 0.61
INFO:  on_time Accuracy: 81.61% val_time = 0.61
INFO:  --------------------------------------------------
INFO:  TRAIN:epoch = 41/6000 classification_loss = 0.00000 train_time = 11.28
INFO:  ----------
INFO:  Late_delivery_risk Accuracy: 70.19% val_time = 0.61
INFO:  Days for shipping (real) Accuracy: 34.03% val_time = 0.61
INFO:  on_time Accuracy: 81.61% val_time = 0.61
INFO:  --------------------------------------------------
INFO:  TRAIN:epoch = 42/6000 classification_loss = 0.00000 train_time = 11.28
INFO:  ----------
INFO:  Late_delivery_risk Accuracy: 70.13% val_time = 0.61
INFO:  Days for shipping (real) Accuracy: 33.95% val_time = 0.61
INFO:  on_time Accuracy: 81.55% val_time = 0.61
INFO:  --------------------------------------------------
INFO:  TRAIN:epoch = 43/6000 classification_loss = 0.00000 train_time = 11.32
INFO:  ----------
INFO:  Late_delivery_risk Accuracy: 70.16% val_time = 0.60
INFO:  Days for shipping (real) Accuracy: 33.89% val_time = 0.60
INFO:  on_time Accuracy: 81.55% val_time = 0.60
INFO:  --------------------------------------------------
INFO:  TRAIN:epoch = 44/6000 classification_loss = 0.00000 train_time = 11.30
INFO:  ----------
INFO:  Late_delivery_risk Accuracy: 70.19% val_time = 0.62
INFO:  Days for shipping (real) Accuracy: 33.96% val_time = 0.62
INFO:  on_time Accuracy: 81.55% val_time = 0.62
INFO:  --------------------------------------------------
INFO:  TRAIN:epoch = 45/6000 classification_loss = 0.00000 train_time = 11.29
INFO:  ----------
INFO:  Late_delivery_risk Accuracy: 70.13% val_time = 0.61
INFO:  Days for shipping (real) Accuracy: 33.57% val_time = 0.61
INFO:  on_time Accuracy: 81.61% val_time = 0.61
INFO:  --------------------------------------------------
INFO:  TRAIN:epoch = 46/6000 classification_loss = 0.00000 train_time = 11.28
INFO:  ----------
INFO:  Late_delivery_risk Accuracy: 70.19% val_time = 0.61
INFO:  Days for shipping (real) Accuracy: 34.26% val_time = 0.61
INFO:  on_time Accuracy: 81.61% val_time = 0.61
INFO:  --------------------------------------------------
INFO:  TRAIN:epoch = 47/6000 classification_loss = 0.00000 train_time = 11.28
INFO:  ----------
INFO:  Late_delivery_risk Accuracy: 70.19% val_time = 0.61
INFO:  Days for shipping (real) Accuracy: 34.09% val_time = 0.61
INFO:  on_time Accuracy: 81.61% val_time = 0.61
INFO:  --------------------------------------------------
INFO:  TRAIN:epoch = 48/6000 classification_loss = 0.00000 train_time = 11.28
INFO:  ----------
INFO:  Late_delivery_risk Accuracy: 70.19% val_time = 0.61
INFO:  Days for shipping (real) Accuracy: 34.23% val_time = 0.61
INFO:  on_time Accuracy: 81.61% val_time = 0.61
INFO:  --------------------------------------------------
INFO:  TRAIN:epoch = 49/6000 classification_loss = 0.00000 train_time = 11.28
INFO:  ----------
INFO:  Late_delivery_risk Accuracy: 70.19% val_time = 0.61
INFO:  Days for shipping (real) Accuracy: 34.19% val_time = 0.61
INFO:  on_time Accuracy: 81.55% val_time = 0.61
INFO:  --------------------------------------------------
INFO:  TRAIN:epoch = 50/6000 classification_loss = 0.00000 train_time = 12.77
INFO:  ----------
INFO:  Late_delivery_risk Accuracy: 70.19% val_time = 0.59
INFO:  Days for shipping (real) Accuracy: 34.26% val_time = 0.59
INFO:  on_time Accuracy: 81.61% val_time = 0.59
INFO:  --------------------------------------------------
INFO:  TRAIN:epoch = 51/6000 classification_loss = 0.00000 train_time = 12.34
INFO:  ----------
INFO:  Late_delivery_risk Accuracy: 70.19% val_time = 0.60
INFO:  Days for shipping (real) Accuracy: 34.39% val_time = 0.60
INFO:  on_time Accuracy: 81.61% val_time = 0.60
INFO:  ----------
INFO:  best_overall_accuracy: 62.06% 
INFO:  --------------------------------------------------
INFO:  TRAIN:epoch = 52/6000 classification_loss = 0.00000 train_time = 12.75
INFO:  ----------
INFO:  Late_delivery_risk Accuracy: 70.13% val_time = 0.59
INFO:  Days for shipping (real) Accuracy: 33.90% val_time = 0.59
INFO:  on_time Accuracy: 81.55% val_time = 0.59
INFO:  --------------------------------------------------
INFO:  TRAIN:epoch = 53/6000 classification_loss = 0.00000 train_time = 12.74
INFO:  ----------
INFO:  Late_delivery_risk Accuracy: 70.19% val_time = 0.59
INFO:  Days for shipping (real) Accuracy: 34.09% val_time = 0.59
INFO:  on_time Accuracy: 81.61% val_time = 0.59
INFO:  --------------------------------------------------
INFO:  TRAIN:epoch = 54/6000 classification_loss = 0.00000 train_time = 12.31
INFO:  ----------
INFO:  Late_delivery_risk Accuracy: 70.19% val_time = 0.61
INFO:  Days for shipping (real) Accuracy: 34.03% val_time = 0.61
INFO:  on_time Accuracy: 81.61% val_time = 0.61
INFO:  --------------------------------------------------
INFO:  TRAIN:epoch = 55/6000 classification_loss = 0.00000 train_time = 11.27
INFO:  ----------
INFO:  Late_delivery_risk Accuracy: 70.19% val_time = 0.61
INFO:  Days for shipping (real) Accuracy: 33.51% val_time = 0.61
INFO:  on_time Accuracy: 81.61% val_time = 0.61
INFO:  --------------------------------------------------
INFO:  TRAIN:epoch = 56/6000 classification_loss = 0.00000 train_time = 11.41
INFO:  ----------
INFO:  Late_delivery_risk Accuracy: 70.19% val_time = 0.63
INFO:  Days for shipping (real) Accuracy: 34.30% val_time = 0.63
INFO:  on_time Accuracy: 81.61% val_time = 0.63
INFO:  --------------------------------------------------
INFO:  TRAIN:epoch = 57/6000 classification_loss = 0.00000 train_time = 11.50
INFO:  ----------
INFO:  Late_delivery_risk Accuracy: 70.12% val_time = 0.61
INFO:  Days for shipping (real) Accuracy: 33.89% val_time = 0.61
INFO:  on_time Accuracy: 81.55% val_time = 0.61
INFO:  --------------------------------------------------
INFO:  TRAIN:epoch = 58/6000 classification_loss = 0.00000 train_time = 11.24
INFO:  ----------
INFO:  Late_delivery_risk Accuracy: 70.16% val_time = 0.61
INFO:  Days for shipping (real) Accuracy: 34.27% val_time = 0.61
INFO:  on_time Accuracy: 81.55% val_time = 0.61
INFO:  --------------------------------------------------
INFO:  TRAIN:epoch = 59/6000 classification_loss = 0.00000 train_time = 11.24
INFO:  ----------
INFO:  Late_delivery_risk Accuracy: 70.19% val_time = 0.61
INFO:  Days for shipping (real) Accuracy: 34.26% val_time = 0.61
INFO:  on_time Accuracy: 81.55% val_time = 0.61
INFO:  --------------------------------------------------
INFO:  TRAIN:epoch = 60/6000 classification_loss = 0.00000 train_time = 11.25
INFO:  ----------
INFO:  Late_delivery_risk Accuracy: 70.19% val_time = 0.61
INFO:  Days for shipping (real) Accuracy: 34.39% val_time = 0.61
INFO:  on_time Accuracy: 81.61% val_time = 0.61
INFO:  --------------------------------------------------
INFO:  TRAIN:epoch = 61/6000 classification_loss = 0.00000 train_time = 11.68
INFO:  ----------
INFO:  Late_delivery_risk Accuracy: 70.13% val_time = 0.61
INFO:  Days for shipping (real) Accuracy: 33.90% val_time = 0.61
INFO:  on_time Accuracy: 81.55% val_time = 0.61
INFO:  --------------------------------------------------
INFO:  TRAIN:epoch = 62/6000 classification_loss = 0.00000 train_time = 11.25
INFO:  ----------
INFO:  Late_delivery_risk Accuracy: 70.18% val_time = 0.61
INFO:  Days for shipping (real) Accuracy: 34.33% val_time = 0.61
INFO:  on_time Accuracy: 81.55% val_time = 0.61
INFO:  --------------------------------------------------
INFO:  TRAIN:epoch = 63/6000 classification_loss = 0.00000 train_time = 11.25
INFO:  ----------
INFO:  Late_delivery_risk Accuracy: 70.19% val_time = 0.62
INFO:  Days for shipping (real) Accuracy: 33.96% val_time = 0.62
INFO:  on_time Accuracy: 81.61% val_time = 0.62
INFO:  --------------------------------------------------
INFO:  TRAIN:epoch = 64/6000 classification_loss = 0.00000 train_time = 11.31
INFO:  ----------
INFO:  Late_delivery_risk Accuracy: 70.13% val_time = 0.61
INFO:  Days for shipping (real) Accuracy: 33.89% val_time = 0.61
INFO:  on_time Accuracy: 81.55% val_time = 0.61
INFO:  --------------------------------------------------
INFO:  TRAIN:epoch = 65/6000 classification_loss = 0.00000 train_time = 11.26
INFO:  ----------
INFO:  Late_delivery_risk Accuracy: 70.19% val_time = 0.61
INFO:  Days for shipping (real) Accuracy: 33.96% val_time = 0.61
INFO:  on_time Accuracy: 81.61% val_time = 0.61
INFO:  --------------------------------------------------
INFO:  TRAIN:epoch = 66/6000 classification_loss = 0.00000 train_time = 11.25
INFO:  ----------
INFO:  Late_delivery_risk Accuracy: 70.19% val_time = 0.61
INFO:  Days for shipping (real) Accuracy: 33.95% val_time = 0.61
INFO:  on_time Accuracy: 81.61% val_time = 0.61
INFO:  --------------------------------------------------
INFO:  TRAIN:epoch = 67/6000 classification_loss = 0.00000 train_time = 11.47
INFO:  ----------
INFO:  Late_delivery_risk Accuracy: 70.19% val_time = 0.62
INFO:  Days for shipping (real) Accuracy: 34.09% val_time = 0.62
INFO:  on_time Accuracy: 81.61% val_time = 0.62
INFO:  --------------------------------------------------
INFO:  TRAIN:epoch = 68/6000 classification_loss = 0.00000 train_time = 11.51
INFO:  ----------
INFO:  Late_delivery_risk Accuracy: 70.16% val_time = 0.61
INFO:  Days for shipping (real) Accuracy: 34.38% val_time = 0.61
INFO:  on_time Accuracy: 81.55% val_time = 0.61
INFO:  --------------------------------------------------
INFO:  TRAIN:epoch = 69/6000 classification_loss = 0.00000 train_time = 11.36
INFO:  ----------
INFO:  Late_delivery_risk Accuracy: 70.19% val_time = 0.61
INFO:  Days for shipping (real) Accuracy: 33.47% val_time = 0.61
INFO:  on_time Accuracy: 81.55% val_time = 0.61
INFO:  --------------------------------------------------
INFO:  TRAIN:epoch = 70/6000 classification_loss = 0.00000 train_time = 11.47
INFO:  ----------
INFO:  Late_delivery_risk Accuracy: 70.19% val_time = 0.62
INFO:  Days for shipping (real) Accuracy: 34.39% val_time = 0.62
INFO:  on_time Accuracy: 81.61% val_time = 0.62
INFO:  --------------------------------------------------
INFO:  TRAIN:epoch = 71/6000 classification_loss = 0.00000 train_time = 11.48
INFO:  ----------
INFO:  Late_delivery_risk Accuracy: 70.19% val_time = 0.61
INFO:  Days for shipping (real) Accuracy: 33.95% val_time = 0.61
INFO:  on_time Accuracy: 81.61% val_time = 0.61
INFO:  --------------------------------------------------
INFO:  TRAIN:epoch = 72/6000 classification_loss = 0.00000 train_time = 11.43
INFO:  ----------
INFO:  Late_delivery_risk Accuracy: 70.19% val_time = 0.63
INFO:  Days for shipping (real) Accuracy: 34.33% val_time = 0.63
INFO:  on_time Accuracy: 81.57% val_time = 0.63
INFO:  --------------------------------------------------
INFO:  TRAIN:epoch = 73/6000 classification_loss = 0.00000 train_time = 11.66
INFO:  ----------
INFO:  Late_delivery_risk Accuracy: 70.03% val_time = 0.61
INFO:  Days for shipping (real) Accuracy: 33.95% val_time = 0.61
INFO:  on_time Accuracy: 81.61% val_time = 0.61
INFO:  --------------------------------------------------
INFO:  TRAIN:epoch = 74/6000 classification_loss = 0.00000 train_time = 11.52
INFO:  ----------
INFO:  Late_delivery_risk Accuracy: 70.19% val_time = 0.61
INFO:  Days for shipping (real) Accuracy: 34.08% val_time = 0.61
INFO:  on_time Accuracy: 81.61% val_time = 0.61
INFO:  --------------------------------------------------
INFO:  TRAIN:epoch = 75/6000 classification_loss = 0.00000 train_time = 11.58
INFO:  ----------
INFO:  Late_delivery_risk Accuracy: 70.13% val_time = 0.63
INFO:  Days for shipping (real) Accuracy: 33.90% val_time = 0.63
INFO:  on_time Accuracy: 81.55% val_time = 0.63
INFO:  --------------------------------------------------
INFO:  TRAIN:epoch = 76/6000 classification_loss = 0.00000 train_time = 11.98
INFO:  ----------
INFO:  Late_delivery_risk Accuracy: 70.19% val_time = 0.61
INFO:  Days for shipping (real) Accuracy: 33.51% val_time = 0.61
INFO:  on_time Accuracy: 81.61% val_time = 0.61
INFO:  --------------------------------------------------
INFO:  TRAIN:epoch = 77/6000 classification_loss = 0.00000 train_time = 13.09
INFO:  ----------
INFO:  Late_delivery_risk Accuracy: 70.10% val_time = 0.60
INFO:  Days for shipping (real) Accuracy: 33.51% val_time = 0.60
INFO:  on_time Accuracy: 81.61% val_time = 0.60
INFO:  --------------------------------------------------
INFO:  TRAIN:epoch = 78/6000 classification_loss = 0.00000 train_time = 12.20
INFO:  ----------
INFO:  Late_delivery_risk Accuracy: 70.19% val_time = 0.60
INFO:  Days for shipping (real) Accuracy: 34.26% val_time = 0.60
INFO:  on_time Accuracy: 81.61% val_time = 0.60
INFO:  --------------------------------------------------
INFO:  TRAIN:epoch = 79/6000 classification_loss = 0.00000 train_time = 11.45
INFO:  ----------
INFO:  Late_delivery_risk Accuracy: 70.19% val_time = 0.59
INFO:  Days for shipping (real) Accuracy: 33.95% val_time = 0.59
INFO:  on_time Accuracy: 81.61% val_time = 0.59
INFO:  --------------------------------------------------
INFO:  TRAIN:epoch = 80/6000 classification_loss = 0.00000 train_time = 11.48
INFO:  ----------
INFO:  Late_delivery_risk Accuracy: 70.19% val_time = 0.60
INFO:  Days for shipping (real) Accuracy: 33.95% val_time = 0.60
INFO:  on_time Accuracy: 81.61% val_time = 0.60
INFO:  --------------------------------------------------
INFO:  TRAIN:epoch = 81/6000 classification_loss = 0.00000 train_time = 11.47
INFO:  ----------
INFO:  Late_delivery_risk Accuracy: 70.19% val_time = 0.59
INFO:  Days for shipping (real) Accuracy: 34.39% val_time = 0.59
INFO:  on_time Accuracy: 81.61% val_time = 0.59
INFO:  --------------------------------------------------
INFO:  TRAIN:epoch = 82/6000 classification_loss = 0.00000 train_time = 11.43
INFO:  ----------
INFO:  Late_delivery_risk Accuracy: 70.13% val_time = 0.59
INFO:  Days for shipping (real) Accuracy: 33.95% val_time = 0.59
INFO:  on_time Accuracy: 81.56% val_time = 0.59
INFO:  --------------------------------------------------
INFO:  TRAIN:epoch = 83/6000 classification_loss = 0.00000 train_time = 11.45
INFO:  ----------
INFO:  Late_delivery_risk Accuracy: 70.19% val_time = 0.60
INFO:  Days for shipping (real) Accuracy: 34.09% val_time = 0.60
INFO:  on_time Accuracy: 81.61% val_time = 0.60
INFO:  --------------------------------------------------
INFO:  TRAIN:epoch = 84/6000 classification_loss = 0.00000 train_time = 11.47
INFO:  ----------
INFO:  Late_delivery_risk Accuracy: 70.19% val_time = 0.59
INFO:  Days for shipping (real) Accuracy: 33.51% val_time = 0.59
INFO:  on_time Accuracy: 81.61% val_time = 0.59
INFO:  --------------------------------------------------
INFO:  TRAIN:epoch = 85/6000 classification_loss = 0.00000 train_time = 11.47
INFO:  ----------
INFO:  Late_delivery_risk Accuracy: 70.19% val_time = 0.59
INFO:  Days for shipping (real) Accuracy: 33.86% val_time = 0.59
INFO:  on_time Accuracy: 81.55% val_time = 0.59
INFO:  --------------------------------------------------
INFO:  TRAIN:epoch = 86/6000 classification_loss = 0.00000 train_time = 11.48
INFO:  ----------
INFO:  Late_delivery_risk Accuracy: 70.19% val_time = 0.60
INFO:  Days for shipping (real) Accuracy: 34.09% val_time = 0.60
INFO:  on_time Accuracy: 81.61% val_time = 0.60
INFO:  --------------------------------------------------
INFO:  TRAIN:epoch = 87/6000 classification_loss = 0.00000 train_time = 11.46
INFO:  ----------
INFO:  Late_delivery_risk Accuracy: 70.19% val_time = 0.59
INFO:  Days for shipping (real) Accuracy: 34.26% val_time = 0.59
INFO:  on_time Accuracy: 81.61% val_time = 0.59
INFO:  --------------------------------------------------
INFO:  TRAIN:epoch = 88/6000 classification_loss = 0.00000 train_time = 11.47
INFO:  ----------
INFO:  Late_delivery_risk Accuracy: 70.29% val_time = 0.59
INFO:  Days for shipping (real) Accuracy: 34.03% val_time = 0.59
INFO:  on_time Accuracy: 81.55% val_time = 0.59
INFO:  --------------------------------------------------
INFO:  TRAIN:epoch = 89/6000 classification_loss = 0.00000 train_time = 11.48
INFO:  ----------
INFO:  Late_delivery_risk Accuracy: 70.19% val_time = 0.59
INFO:  Days for shipping (real) Accuracy: 34.03% val_time = 0.59
INFO:  on_time Accuracy: 81.55% val_time = 0.59
INFO:  --------------------------------------------------
INFO:  TRAIN:epoch = 90/6000 classification_loss = 0.00000 train_time = 11.44
INFO:  ----------
INFO:  Late_delivery_risk Accuracy: 70.19% val_time = 0.59
INFO:  Days for shipping (real) Accuracy: 34.39% val_time = 0.59
INFO:  on_time Accuracy: 81.61% val_time = 0.59
INFO:  --------------------------------------------------
INFO:  TRAIN:epoch = 91/6000 classification_loss = 0.00000 train_time = 11.45
INFO:  ----------
INFO:  Late_delivery_risk Accuracy: 70.13% val_time = 0.59
INFO:  Days for shipping (real) Accuracy: 33.89% val_time = 0.59
INFO:  on_time Accuracy: 81.55% val_time = 0.59
INFO:  --------------------------------------------------
INFO:  TRAIN:epoch = 92/6000 classification_loss = 0.00000 train_time = 11.45
INFO:  ----------
INFO:  Late_delivery_risk Accuracy: 70.19% val_time = 0.59
INFO:  Days for shipping (real) Accuracy: 34.33% val_time = 0.59
INFO:  on_time Accuracy: 81.61% val_time = 0.59
INFO:  --------------------------------------------------
INFO:  TRAIN:epoch = 93/6000 classification_loss = 0.00000 train_time = 11.43
INFO:  ----------
INFO:  Late_delivery_risk Accuracy: 70.19% val_time = 0.59
INFO:  Days for shipping (real) Accuracy: 34.09% val_time = 0.59
INFO:  on_time Accuracy: 81.61% val_time = 0.59
INFO:  --------------------------------------------------
INFO:  TRAIN:epoch = 94/6000 classification_loss = 0.00000 train_time = 11.44
INFO:  ----------
INFO:  Late_delivery_risk Accuracy: 70.19% val_time = 0.59
INFO:  Days for shipping (real) Accuracy: 34.39% val_time = 0.59
INFO:  on_time Accuracy: 81.61% val_time = 0.59
INFO:  --------------------------------------------------
INFO:  TRAIN:epoch = 95/6000 classification_loss = 0.00000 train_time = 11.44
INFO:  ----------
INFO:  Late_delivery_risk Accuracy: 70.19% val_time = 0.59
INFO:  Days for shipping (real) Accuracy: 34.25% val_time = 0.59
INFO:  on_time Accuracy: 81.61% val_time = 0.59
INFO:  --------------------------------------------------
INFO:  TRAIN:epoch = 96/6000 classification_loss = 0.00000 train_time = 11.44
INFO:  ----------
INFO:  Late_delivery_risk Accuracy: 70.13% val_time = 0.59
INFO:  Days for shipping (real) Accuracy: 34.20% val_time = 0.59
INFO:  on_time Accuracy: 81.55% val_time = 0.59
INFO:  --------------------------------------------------
INFO:  TRAIN:epoch = 97/6000 classification_loss = 0.00000 train_time = 11.43
INFO:  ----------
INFO:  Late_delivery_risk Accuracy: 70.19% val_time = 0.59
INFO:  Days for shipping (real) Accuracy: 33.53% val_time = 0.59
INFO:  on_time Accuracy: 81.52% val_time = 0.59
INFO:  --------------------------------------------------
INFO:  TRAIN:epoch = 98/6000 classification_loss = 0.00000 train_time = 11.44
INFO:  ----------
INFO:  Late_delivery_risk Accuracy: 70.19% val_time = 0.59
INFO:  Days for shipping (real) Accuracy: 33.95% val_time = 0.59
INFO:  on_time Accuracy: 81.61% val_time = 0.59
INFO:  --------------------------------------------------
INFO:  TRAIN:epoch = 99/6000 classification_loss = 0.00000 train_time = 11.47
INFO:  ----------
INFO:  Late_delivery_risk Accuracy: 70.19% val_time = 0.59
INFO:  Days for shipping (real) Accuracy: 33.95% val_time = 0.59
INFO:  on_time Accuracy: 81.61% val_time = 0.59
INFO:  --------------------------------------------------
INFO:  TRAIN:epoch = 100/6000 classification_loss = 0.00000 train_time = 11.54
INFO:  ----------
INFO:  Late_delivery_risk Accuracy: 70.19% val_time = 0.59
INFO:  Days for shipping (real) Accuracy: 34.09% val_time = 0.59
INFO:  on_time Accuracy: 81.61% val_time = 0.59
INFO:  --------------------------------------------------
INFO:  TRAIN:epoch = 101/6000 classification_loss = 0.00000 train_time = 13.07
INFO:  ----------
INFO:  Late_delivery_risk Accuracy: 70.19% val_time = 0.64
INFO:  Days for shipping (real) Accuracy: 34.39% val_time = 0.64
INFO:  on_time Accuracy: 81.60% val_time = 0.64
INFO:  --------------------------------------------------
INFO:  TRAIN:epoch = 102/6000 classification_loss = 0.00000 train_time = 11.57
INFO:  ----------
INFO:  Late_delivery_risk Accuracy: 70.19% val_time = 0.63
INFO:  Days for shipping (real) Accuracy: 33.51% val_time = 0.63
INFO:  on_time Accuracy: 81.61% val_time = 0.63
INFO:  simulator training stage cost time: 1317.6892898082733
INFO:  best_acc1 0.7018858800773694
INFO:  best_acc2 0.343931334622824
INFO:  best_acc3 0.8161266924564797
INFO:  best_overall_accuracy 0.6206479690522243
INFO:  [DM] epoch 0/6000 reward=0.7922 profit=0.5578 on_time=0.2344 loss=-0.0024
INFO:  [DM] epoch 1/6000 reward=1.0151 profit=0.5151 on_time=0.5000 loss=-0.1959
INFO:  [DM] epoch 2/6000 reward=1.0997 profit=0.4903 on_time=0.6094 loss=-0.2512
INFO:  [DM] epoch 3/6000 reward=1.4166 profit=0.5104 on_time=0.9062 loss=-0.1378
INFO:  [DM] epoch 4/6000 reward=1.4643 profit=0.5112 on_time=0.9531 loss=-0.1164
INFO:  [DM] epoch 5/6000 reward=1.4659 profit=0.4971 on_time=0.9688 loss=-0.1068
INFO:  [DM] epoch 6/6000 reward=1.4726 profit=0.4883 on_time=0.9844 loss=-0.0392
INFO:  [DM] epoch 7/6000 reward=1.5454 profit=0.5454 on_time=1.0000 loss=0.0002
INFO:  [DM] epoch 8/6000 reward=1.5225 profit=0.5382 on_time=0.9844 loss=-0.0018
INFO:  [DM] epoch 9/6000 reward=1.5248 profit=0.5248 on_time=1.0000 loss=-0.0001
INFO:  [DM] epoch 10/6000 reward=1.5318 profit=0.5318 on_time=1.0000 loss=0.0006
INFO:  [DM] epoch 11/6000 reward=1.5207 profit=0.5207 on_time=1.0000 loss=-0.0055
INFO:  [DM] epoch 12/6000 reward=1.5039 profit=0.5195 on_time=0.9844 loss=-0.0108
INFO:  [DM] epoch 13/6000 reward=1.4874 profit=0.5030 on_time=0.9844 loss=-0.0007
INFO:  [DM] epoch 14/6000 reward=1.4501 profit=0.4814 on_time=0.9688 loss=-0.0083
INFO:  [DM] epoch 15/6000 reward=1.4941 profit=0.5097 on_time=0.9844 loss=-0.0073
INFO:  [DM] epoch 16/6000 reward=1.4984 profit=0.4984 on_time=1.0000 loss=0.0000
INFO:  [DM] epoch 17/6000 reward=1.4344 profit=0.4657 on_time=0.9688 loss=-0.0309
INFO:  [DM] epoch 18/6000 reward=1.5195 profit=0.5351 on_time=0.9844 loss=-0.0183
INFO:  [DM] epoch 19/6000 reward=1.5452 profit=0.5452 on_time=1.0000 loss=-0.0000
INFO:  [DM] epoch 20/6000 reward=1.5446 profit=0.5446 on_time=1.0000 loss=0.0000
INFO:  [DM] epoch 21/6000 reward=1.5125 profit=0.5125 on_time=1.0000 loss=0.0001
INFO:  [DM] epoch 22/6000 reward=1.5059 profit=0.5059 on_time=1.0000 loss=-0.0000
INFO:  [DM] epoch 23/6000 reward=1.5264 profit=0.5264 on_time=1.0000 loss=-0.0000
INFO:  [DM] epoch 24/6000 reward=1.5186 profit=0.5186 on_time=1.0000 loss=-0.0003
INFO:  [DM] epoch 25/6000 reward=1.5147 profit=0.5147 on_time=1.0000 loss=-0.0009
INFO:  [DM] epoch 26/6000 reward=1.5016 profit=0.5328 on_time=0.9688 loss=-0.0224
INFO:  [DM] epoch 27/6000 reward=1.5257 profit=0.5257 on_time=1.0000 loss=-0.0000
INFO:  [DM] epoch 28/6000 reward=1.4706 profit=0.4706 on_time=1.0000 loss=0.0013
INFO:  [DM] epoch 29/6000 reward=1.5377 profit=0.5377 on_time=1.0000 loss=0.0000
INFO:  [DM] epoch 30/6000 reward=1.5568 profit=0.5568 on_time=1.0000 loss=-0.0002
INFO:  [DM] epoch 31/6000 reward=1.5145 profit=0.5145 on_time=1.0000 loss=0.0002
INFO:  [DM] epoch 32/6000 reward=1.5077 profit=0.5077 on_time=1.0000 loss=-0.0004
INFO:  [DM] epoch 33/6000 reward=1.5118 profit=0.5274 on_time=0.9844 loss=-0.0087
INFO:  [DM] epoch 34/6000 reward=1.5293 profit=0.5293 on_time=1.0000 loss=-0.0000
INFO:  [DM] epoch 35/6000 reward=1.5540 profit=0.5540 on_time=1.0000 loss=-0.0000
INFO:  [DM] epoch 36/6000 reward=1.5075 profit=0.5075 on_time=1.0000 loss=-0.0000
INFO:  [DM] epoch 37/6000 reward=1.5077 profit=0.5077 on_time=1.0000 loss=-0.0000
INFO:  [DM] epoch 38/6000 reward=1.5233 profit=0.5233 on_time=1.0000 loss=-0.0000
INFO:  [DM] epoch 39/6000 reward=1.5203 profit=0.5203 on_time=1.0000 loss=-0.0000
INFO:  [DM] epoch 40/6000 reward=1.4879 profit=0.4879 on_time=1.0000 loss=-0.0001
INFO:  [DM] epoch 41/6000 reward=1.5035 profit=0.5035 on_time=1.0000 loss=0.0000
INFO:  [DM] epoch 42/6000 reward=1.4961 profit=0.4961 on_time=1.0000 loss=-0.0000
INFO:  [DM] epoch 43/6000 reward=1.4921 profit=0.4921 on_time=1.0000 loss=-0.0000
INFO:  [DM] epoch 44/6000 reward=1.5430 profit=0.5430 on_time=1.0000 loss=-0.0001
INFO:  [DM] epoch 45/6000 reward=1.5574 profit=0.5574 on_time=1.0000 loss=0.0001
INFO:  [DM] epoch 46/6000 reward=1.5171 profit=0.5171 on_time=1.0000 loss=-0.0000
INFO:  [DM] epoch 47/6000 reward=1.4981 profit=0.5137 on_time=0.9844 loss=-0.0296
INFO:  [DM] epoch 48/6000 reward=1.4977 profit=0.4977 on_time=1.0000 loss=-0.0003
INFO:  [DM] epoch 49/6000 reward=1.5059 profit=0.5059 on_time=1.0000 loss=-0.0002
INFO:  [DM] epoch 50/6000 reward=1.5500 profit=0.5500 on_time=1.0000 loss=-0.0017
INFO:  [DM] epoch 51/6000 reward=1.4872 profit=0.5185 on_time=0.9688 loss=-0.0016
INFO:  [DM] epoch 52/6000 reward=1.5435 profit=0.5435 on_time=1.0000 loss=0.0000
INFO:  [DM] epoch 53/6000 reward=1.5541 profit=0.5541 on_time=1.0000 loss=-0.0004
INFO:  [DM] epoch 54/6000 reward=1.4994 profit=0.4994 on_time=1.0000 loss=-0.0008
INFO:  [DM] epoch 55/6000 reward=1.5104 profit=0.5104 on_time=1.0000 loss=-0.0001
INFO:  [DM] epoch 56/6000 reward=1.5051 profit=0.5207 on_time=0.9844 loss=-0.0113
INFO:  [DM] epoch 57/6000 reward=1.5112 profit=0.5269 on_time=0.9844 loss=-0.0003
INFO:  [DM] epoch 58/6000 reward=1.5403 profit=0.5403 on_time=1.0000 loss=-0.0000
INFO:  [DM] epoch 59/6000 reward=1.4740 profit=0.5052 on_time=0.9688 loss=-0.0184
INFO:  [DM] epoch 60/6000 reward=1.5341 profit=0.5497 on_time=0.9844 loss=-0.0070
INFO:  [DM] epoch 61/6000 reward=1.4819 profit=0.4975 on_time=0.9844 loss=-0.0583
INFO:  [DM] epoch 62/6000 reward=1.6028 profit=0.6028 on_time=1.0000 loss=-0.0009
INFO:  [DM] epoch 63/6000 reward=1.4903 profit=0.4903 on_time=1.0000 loss=0.0000
INFO:  [DM] epoch 64/6000 reward=1.4899 profit=0.4899 on_time=1.0000 loss=-0.0000
INFO:  [DM] epoch 65/6000 reward=1.5297 profit=0.5297 on_time=1.0000 loss=-0.0000
INFO:  [DM] epoch 66/6000 reward=1.5006 profit=0.5006 on_time=1.0000 loss=-0.0000
INFO:  [DM] epoch 67/6000 reward=1.5076 profit=0.5076 on_time=1.0000 loss=-0.0000
INFO:  [DM] epoch 68/6000 reward=1.5476 profit=0.5476 on_time=1.0000 loss=-0.0000
INFO:  [DM] epoch 69/6000 reward=1.5469 profit=0.5469 on_time=1.0000 loss=-0.0000
INFO:  [DM] epoch 70/6000 reward=1.4858 profit=0.4858 on_time=1.0000 loss=-0.0000
INFO:  [DM] epoch 71/6000 reward=1.4972 profit=0.4972 on_time=1.0000 loss=0.0000
INFO:  [DM] epoch 72/6000 reward=1.5053 profit=0.5053 on_time=1.0000 loss=0.0001
INFO:  [DM] epoch 73/6000 reward=1.5158 profit=0.5158 on_time=1.0000 loss=0.0000
INFO:  [DM] epoch 74/6000 reward=1.5143 profit=0.5299 on_time=0.9844 loss=-0.0040
INFO:  [DM] epoch 75/6000 reward=1.4826 profit=0.4826 on_time=1.0000 loss=-0.0000
INFO:  [DM] epoch 76/6000 reward=1.4869 profit=0.5025 on_time=0.9844 loss=-0.0198
INFO:  [DM] epoch 77/6000 reward=1.5094 profit=0.5094 on_time=1.0000 loss=0.0080
INFO:  [DM] epoch 78/6000 reward=1.5175 profit=0.5175 on_time=1.0000 loss=-0.0002
INFO:  [DM] epoch 79/6000 reward=1.4737 profit=0.4737 on_time=1.0000 loss=-0.0000
INFO:  [DM] epoch 80/6000 reward=1.5247 profit=0.5247 on_time=1.0000 loss=-0.0002
INFO:  [DM] epoch 81/6000 reward=1.5049 profit=0.5049 on_time=1.0000 loss=-0.0000
INFO:  [DM] epoch 82/6000 reward=1.5779 profit=0.5779 on_time=1.0000 loss=-0.0000
INFO:  [DM] epoch 83/6000 reward=1.5122 profit=0.5122 on_time=1.0000 loss=-0.0000
INFO:  [DM] epoch 84/6000 reward=1.4737 profit=0.4737 on_time=1.0000 loss=-0.0000
INFO:  [DM] epoch 85/6000 reward=1.4969 profit=0.4969 on_time=1.0000 loss=0.0000
INFO:  [DM] epoch 86/6000 reward=1.5197 profit=0.5353 on_time=0.9844 loss=-0.0521
INFO:  [DM] epoch 87/6000 reward=1.5091 profit=0.5091 on_time=1.0000 loss=-0.0000
INFO:  [DM] epoch 88/6000 reward=1.4716 profit=0.4716 on_time=1.0000 loss=0.0000
INFO:  [DM] epoch 89/6000 reward=1.5039 profit=0.5039 on_time=1.0000 loss=-0.0000
INFO:  [DM] epoch 90/6000 reward=1.4915 profit=0.4915 on_time=1.0000 loss=0.0000
INFO:  [DM] epoch 91/6000 reward=1.4983 profit=0.4983 on_time=1.0000 loss=0.0000
INFO:  [DM] epoch 92/6000 reward=1.5410 profit=0.5410 on_time=1.0000 loss=-0.0000
INFO:  [DM] epoch 93/6000 reward=1.5402 profit=0.5402 on_time=1.0000 loss=-0.0000
INFO:  [DM] epoch 94/6000 reward=1.5191 profit=0.5191 on_time=1.0000 loss=0.0000
INFO:  [DM] epoch 95/6000 reward=1.5014 profit=0.5014 on_time=1.0000 loss=-0.0000
INFO:  [DM] epoch 96/6000 reward=1.5466 profit=0.5466 on_time=1.0000 loss=-0.0000
INFO:  [DM] epoch 97/6000 reward=1.5109 profit=0.5109 on_time=1.0000 loss=-0.0000
INFO:  [DM] epoch 98/6000 reward=1.5179 profit=0.5179 on_time=1.0000 loss=-0.0000
INFO:  [DM] epoch 99/6000 reward=1.5277 profit=0.5277 on_time=1.0000 loss=0.0000
INFO:  [DM] epoch 100/6000 reward=1.5551 profit=0.5551 on_time=1.0000 loss=0.0000
INFO:  [DM] epoch 101/6000 reward=1.5243 profit=0.5243 on_time=1.0000 loss=-0.0000
INFO:  [DM] epoch 102/6000 reward=1.5353 profit=0.5353 on_time=1.0000 loss=-0.0000
INFO:  [DM] epoch 103/6000 reward=1.5225 profit=0.5225 on_time=1.0000 loss=-0.0000
INFO:  [DM] epoch 104/6000 reward=1.5173 profit=0.5173 on_time=1.0000 loss=-0.0000
INFO:  [DM] epoch 105/6000 reward=1.5615 profit=0.5615 on_time=1.0000 loss=-0.0000
INFO:  [DM] epoch 106/6000 reward=1.5195 profit=0.5195 on_time=1.0000 loss=-0.0000
INFO:  [DM] epoch 107/6000 reward=1.5371 profit=0.5371 on_time=1.0000 loss=0.0000
INFO:  [DM] epoch 108/6000 reward=1.4963 profit=0.4963 on_time=1.0000 loss=0.0000
INFO:  [DM] epoch 109/6000 reward=1.5078 profit=0.5078 on_time=1.0000 loss=-0.0000
INFO:  [DM] epoch 110/6000 reward=1.5240 profit=0.5240 on_time=1.0000 loss=-0.0000
INFO:  [DM] epoch 111/6000 reward=1.5185 profit=0.5185 on_time=1.0000 loss=-0.0000
INFO:  [DM] epoch 112/6000 reward=1.4658 profit=0.4658 on_time=1.0000 loss=-0.0000
INFO:  [DM] epoch 113/6000 reward=1.4461 profit=0.4461 on_time=1.0000 loss=0.0000
INFO:  [DM] epoch 114/6000 reward=1.5069 profit=0.5069 on_time=1.0000 loss=0.0000
INFO:  [DM] epoch 115/6000 reward=1.5503 profit=0.5503 on_time=1.0000 loss=-0.0000
INFO:  [DM] epoch 116/6000 reward=1.5180 profit=0.5180 on_time=1.0000 loss=0.0000
INFO:  [DM] epoch 117/6000 reward=1.5445 profit=0.5445 on_time=1.0000 loss=0.0000
INFO:  [DM] epoch 118/6000 reward=1.4896 profit=0.4896 on_time=1.0000 loss=-0.0000
INFO:  [DM] epoch 119/6000 reward=1.5157 profit=0.5157 on_time=1.0000 loss=0.0000
INFO:  [DM] epoch 120/6000 reward=1.5737 profit=0.5737 on_time=1.0000 loss=-0.0000
INFO:  [DM] epoch 121/6000 reward=1.5292 profit=0.5292 on_time=1.0000 loss=-0.0000
INFO:  [DM] epoch 122/6000 reward=1.5098 profit=0.5098 on_time=1.0000 loss=0.0000
INFO:  [DM] epoch 123/6000 reward=1.5397 profit=0.5397 on_time=1.0000 loss=0.0000
INFO:  [DM] epoch 124/6000 reward=1.5215 profit=0.5215 on_time=1.0000 loss=0.0000
INFO:  [DM] epoch 125/6000 reward=1.5460 profit=0.5460 on_time=1.0000 loss=-0.0000
INFO:  [DM] epoch 126/6000 reward=1.5050 profit=0.5050 on_time=1.0000 loss=0.0000
INFO:  [DM] epoch 127/6000 reward=1.5158 profit=0.5158 on_time=1.0000 loss=0.0000
INFO:  [DM] epoch 128/6000 reward=1.5087 profit=0.5087 on_time=1.0000 loss=0.0000
INFO:  [DM] epoch 129/6000 reward=1.4955 profit=0.4955 on_time=1.0000 loss=-0.0000
INFO:  [DM] epoch 130/6000 reward=1.4778 profit=0.4778 on_time=1.0000 loss=0.0000
INFO:  [DM] epoch 131/6000 reward=1.4950 profit=0.4950 on_time=1.0000 loss=0.0000
INFO:  [DM] epoch 132/6000 reward=1.4677 profit=0.4677 on_time=1.0000 loss=0.0000
INFO:  [DM] epoch 133/6000 reward=1.5399 profit=0.5399 on_time=1.0000 loss=-0.0000
INFO:  [DM] epoch 134/6000 reward=1.5368 profit=0.5368 on_time=1.0000 loss=-0.0000
INFO:  [DM] epoch 135/6000 reward=1.5119 profit=0.5119 on_time=1.0000 loss=-0.0000
INFO:  [DM] epoch 136/6000 reward=1.4983 profit=0.4983 on_time=1.0000 loss=0.0000
INFO:  [DM] epoch 137/6000 reward=1.5187 profit=0.5187 on_time=1.0000 loss=-0.0000
INFO:  [DM] epoch 138/6000 reward=1.5009 profit=0.5009 on_time=1.0000 loss=-0.0000
INFO:  [DM] epoch 139/6000 reward=1.5387 profit=0.5387 on_time=1.0000 loss=-0.0000
INFO:  [DM] epoch 140/6000 reward=1.5141 profit=0.5141 on_time=1.0000 loss=0.0000
INFO:  [DM] epoch 141/6000 reward=1.4955 profit=0.4955 on_time=1.0000 loss=-0.0000
INFO:  [DM] epoch 142/6000 reward=1.5369 profit=0.5369 on_time=1.0000 loss=-0.0000
INFO:  [DM] epoch 143/6000 reward=1.5375 profit=0.5375 on_time=1.0000 loss=0.0000
INFO:  [DM] epoch 144/6000 reward=1.5291 profit=0.5291 on_time=1.0000 loss=0.0000
INFO:  [DM] epoch 145/6000 reward=1.5018 profit=0.5018 on_time=1.0000 loss=0.0000
INFO:  [DM] epoch 146/6000 reward=1.5077 profit=0.5077 on_time=1.0000 loss=-0.0000
INFO:  [DM] epoch 147/6000 reward=1.4858 profit=0.4858 on_time=1.0000 loss=-0.0000
INFO:  [DM] epoch 148/6000 reward=1.5195 profit=0.5195 on_time=1.0000 loss=-0.0000
INFO:  [DM] epoch 149/6000 reward=1.4698 profit=0.4698 on_time=1.0000 loss=-0.0000
INFO:  [DM] epoch 150/6000 reward=1.5086 profit=0.5086 on_time=1.0000 loss=0.0000
INFO:  [DM] epoch 151/6000 reward=1.5165 profit=0.5165 on_time=1.0000 loss=-0.0000
INFO:  [DM] epoch 152/6000 reward=1.5523 profit=0.5523 on_time=1.0000 loss=0.0001
INFO:  [DM] epoch 153/6000 reward=1.5296 profit=0.5296 on_time=1.0000 loss=0.0000
INFO:  [DM] epoch 154/6000 reward=1.5157 profit=0.5157 on_time=1.0000 loss=-0.0000
INFO:  [DM] epoch 155/6000 reward=1.4803 profit=0.4803 on_time=1.0000 loss=-0.0001
INFO:  [DM] epoch 156/6000 reward=1.5680 profit=0.5680 on_time=1.0000 loss=0.0000
INFO:  [DM] epoch 157/6000 reward=1.5022 profit=0.5022 on_time=1.0000 loss=0.0001
INFO:  [DM] epoch 158/6000 reward=1.5068 profit=0.5068 on_time=1.0000 loss=0.0000
INFO:  [DM] epoch 159/6000 reward=1.4851 profit=0.4851 on_time=1.0000 loss=0.0000
INFO:  [DM] epoch 160/6000 reward=1.5122 profit=0.5122 on_time=1.0000 loss=-0.0000
INFO:  [DM] epoch 161/6000 reward=1.5303 profit=0.5303 on_time=1.0000 loss=0.0000
INFO:  [DM] epoch 162/6000 reward=1.5299 profit=0.5299 on_time=1.0000 loss=-0.0000
INFO:  [DM] epoch 163/6000 reward=1.5294 profit=0.5294 on_time=1.0000 loss=-0.0000
INFO:  [DM] epoch 164/6000 reward=1.5065 profit=0.5065 on_time=1.0000 loss=-0.0000
INFO:  [DM] epoch 165/6000 reward=1.5074 profit=0.5074 on_time=1.0000 loss=-0.0000
INFO:  [DM] epoch 166/6000 reward=1.4939 profit=0.4939 on_time=1.0000 loss=-0.0000
INFO:  [DM] epoch 167/6000 reward=1.4912 profit=0.4912 on_time=1.0000 loss=-0.0000
INFO:  [DM] epoch 168/6000 reward=1.5389 profit=0.5389 on_time=1.0000 loss=0.0000
INFO:  [DM] epoch 169/6000 reward=1.5487 profit=0.5487 on_time=1.0000 loss=-0.0000
INFO:  [DM] epoch 170/6000 reward=1.5254 profit=0.5254 on_time=1.0000 loss=-0.0000
INFO:  [DM] epoch 171/6000 reward=1.4951 profit=0.4951 on_time=1.0000 loss=0.0000
INFO:  [DM] epoch 172/6000 reward=1.5022 profit=0.5022 on_time=1.0000 loss=0.0000
INFO:  [DM] epoch 173/6000 reward=1.5072 profit=0.5072 on_time=1.0000 loss=-0.0000
INFO:  [DM] epoch 174/6000 reward=1.4883 profit=0.4883 on_time=1.0000 loss=-0.0000
INFO:  [DM] epoch 175/6000 reward=1.4812 profit=0.4812 on_time=1.0000 loss=-0.0000
INFO:  [DM] epoch 176/6000 reward=1.5523 profit=0.5523 on_time=1.0000 loss=-0.0000
INFO:  [DM] epoch 177/6000 reward=1.5171 profit=0.5171 on_time=1.0000 loss=0.0000
INFO:  [DM] epoch 178/6000 reward=1.5403 profit=0.5403 on_time=1.0000 loss=0.0000
INFO:  [DM] epoch 179/6000 reward=1.4903 profit=0.4903 on_time=1.0000 loss=-0.0000
INFO:  [DM] epoch 180/6000 reward=1.4896 profit=0.4896 on_time=1.0000 loss=-0.0001
INFO:  [DM] epoch 181/6000 reward=1.5585 profit=0.5585 on_time=1.0000 loss=-0.0000
INFO:  [DM] epoch 182/6000 reward=1.5213 profit=0.5213 on_time=1.0000 loss=0.0000
INFO:  [DM] epoch 183/6000 reward=1.4718 profit=0.4718 on_time=1.0000 loss=0.0000
INFO:  [DM] epoch 184/6000 reward=1.5166 profit=0.5166 on_time=1.0000 loss=-0.0000
INFO:  [DM] epoch 185/6000 reward=1.5424 profit=0.5424 on_time=1.0000 loss=-0.0000
INFO:  [DM] epoch 186/6000 reward=1.5210 profit=0.5210 on_time=1.0000 loss=0.0000
INFO:  [DM] epoch 187/6000 reward=1.5286 profit=0.5286 on_time=1.0000 loss=-0.0000
INFO:  [DM] epoch 188/6000 reward=1.5098 profit=0.5098 on_time=1.0000 loss=-0.0000
INFO:  [DM] epoch 189/6000 reward=1.5282 profit=0.5282 on_time=1.0000 loss=-0.0000
INFO:  [DM] epoch 190/6000 reward=1.5270 profit=0.5270 on_time=1.0000 loss=-0.0000
INFO:  [DM] epoch 191/6000 reward=1.5160 profit=0.5160 on_time=1.0000 loss=-0.0000
INFO:  [DM] epoch 192/6000 reward=1.5260 profit=0.5260 on_time=1.0000 loss=-0.0000
INFO:  [DM] epoch 193/6000 reward=1.5246 profit=0.5246 on_time=1.0000 loss=-0.0000
INFO:  [DM] epoch 194/6000 reward=1.4855 profit=0.4855 on_time=1.0000 loss=-0.0000
INFO:  [DM] epoch 195/6000 reward=1.5524 profit=0.5524 on_time=1.0000 loss=0.0000
INFO:  [DM] epoch 196/6000 reward=1.5213 profit=0.5213 on_time=1.0000 loss=-0.0000
INFO:  [DM] epoch 197/6000 reward=1.5391 profit=0.5391 on_time=1.0000 loss=0.0000
INFO:  [DM] epoch 198/6000 reward=1.5109 profit=0.5109 on_time=1.0000 loss=0.0000
INFO:  [DM] epoch 199/6000 reward=1.5107 profit=0.5107 on_time=1.0000 loss=-0.0000
INFO:  [DM] epoch 200/6000 reward=1.5366 profit=0.5366 on_time=1.0000 loss=0.0000
INFO:  [DM] epoch 201/6000 reward=1.5380 profit=0.5380 on_time=1.0000 loss=-0.0000
INFO:  [DM] epoch 202/6000 reward=1.5186 profit=0.5186 on_time=1.0000 loss=-0.0000
INFO:  [DM] epoch 203/6000 reward=1.5642 profit=0.5642 on_time=1.0000 loss=-0.0000
INFO:  [DM] epoch 204/6000 reward=1.5495 profit=0.5495 on_time=1.0000 loss=-0.0000
INFO:  [DM] epoch 205/6000 reward=1.5004 profit=0.5004 on_time=1.0000 loss=-0.0000
INFO:  [DM] epoch 206/6000 reward=1.5004 profit=0.5004 on_time=1.0000 loss=-0.0000
INFO:  [DM] epoch 207/6000 reward=1.4763 profit=0.4920 on_time=0.9844 loss=-0.0239
INFO:  [DM] epoch 208/6000 reward=1.5258 profit=0.5258 on_time=1.0000 loss=-0.0000
INFO:  [DM] epoch 209/6000 reward=1.5298 profit=0.5298 on_time=1.0000 loss=-0.0000
INFO:  [DM] epoch 210/6000 reward=1.5528 profit=0.5528 on_time=1.0000 loss=-0.0000
INFO:  [DM] epoch 211/6000 reward=1.5214 profit=0.5214 on_time=1.0000 loss=-0.0000
INFO:  [DM] epoch 212/6000 reward=1.5088 profit=0.5088 on_time=1.0000 loss=0.0000
INFO:  [DM] epoch 213/6000 reward=1.5182 profit=0.5182 on_time=1.0000 loss=0.0000
INFO:  [DM] epoch 214/6000 reward=1.5198 profit=0.5198 on_time=1.0000 loss=0.0000
INFO:  [DM] epoch 215/6000 reward=1.5176 profit=0.5176 on_time=1.0000 loss=0.0001
INFO:  [DM] epoch 216/6000 reward=1.5191 profit=0.5191 on_time=1.0000 loss=-0.0000
INFO:  [DM] epoch 217/6000 reward=1.4957 profit=0.4957 on_time=1.0000 loss=-0.0000
INFO:  [DM] epoch 218/6000 reward=1.5355 profit=0.5355 on_time=1.0000 loss=0.0000
INFO:  [DM] epoch 219/6000 reward=1.5181 profit=0.5181 on_time=1.0000 loss=-0.0000
INFO:  [DM] epoch 220/6000 reward=1.5103 profit=0.5103 on_time=1.0000 loss=-0.0000
INFO:  [DM] epoch 221/6000 reward=1.5182 profit=0.5182 on_time=1.0000 loss=0.0002
INFO:  [DM] epoch 222/6000 reward=1.5652 profit=0.5652 on_time=1.0000 loss=0.0012
INFO:  [DM] epoch 223/6000 reward=1.5177 profit=0.5177 on_time=1.0000 loss=0.0010
INFO:  [DM] epoch 224/6000 reward=1.4800 profit=0.4800 on_time=1.0000 loss=-0.0000
INFO:  [DM] epoch 225/6000 reward=1.5180 profit=0.5180 on_time=1.0000 loss=-0.0001
INFO:  [DM] epoch 226/6000 reward=1.4669 profit=0.4981 on_time=0.9688 loss=-0.0710
INFO:  [DM] epoch 227/6000 reward=1.5044 profit=0.5200 on_time=0.9844 loss=-0.0045
INFO:  [DM] epoch 228/6000 reward=1.4933 profit=0.4933 on_time=1.0000 loss=0.0007
INFO:  [DM] epoch 229/6000 reward=1.4984 profit=0.5296 on_time=0.9688 loss=-0.0014
INFO:  [DM] epoch 230/6000 reward=1.5395 profit=0.5395 on_time=1.0000 loss=-0.0002
INFO:  [DM] epoch 231/6000 reward=1.4424 profit=0.4893 on_time=0.9531 loss=-0.0082
INFO:  [DM] epoch 232/6000 reward=1.4933 profit=0.5402 on_time=0.9531 loss=-0.0356
INFO:  [DM] epoch 233/6000 reward=1.4972 profit=0.4972 on_time=1.0000 loss=-0.0000
INFO:  [DM] epoch 234/6000 reward=1.5409 profit=0.5409 on_time=1.0000 loss=-0.0005
INFO:  [DM] epoch 235/6000 reward=1.5037 profit=0.5037 on_time=1.0000 loss=0.0016
INFO:  [DM] epoch 236/6000 reward=1.5088 profit=0.5088 on_time=1.0000 loss=-0.0000
INFO:  [DM] epoch 237/6000 reward=1.5062 profit=0.5218 on_time=0.9844 loss=-0.0076
INFO:  [DM] epoch 238/6000 reward=1.5506 profit=0.5506 on_time=1.0000 loss=-0.0002
INFO:  [DM] epoch 239/6000 reward=1.4664 profit=0.4820 on_time=0.9844 loss=-0.0106
INFO:  [DM] epoch 240/6000 reward=1.5217 profit=0.5217 on_time=1.0000 loss=-0.0000
INFO:  [DM] epoch 241/6000 reward=1.4998 profit=0.4998 on_time=1.0000 loss=-0.0000
INFO:  [DM] epoch 242/6000 reward=1.5313 profit=0.5313 on_time=1.0000 loss=0.0000
INFO:  [DM] epoch 243/6000 reward=1.5079 profit=0.5079 on_time=1.0000 loss=0.0000
INFO:  [DM] epoch 244/6000 reward=1.5109 profit=0.5109 on_time=1.0000 loss=-0.0004
INFO:  [DM] epoch 245/6000 reward=1.5369 profit=0.5526 on_time=0.9844 loss=-0.0107
INFO:  [DM] epoch 246/6000 reward=1.5701 profit=0.5701 on_time=1.0000 loss=0.0000
INFO:  [DM] epoch 247/6000 reward=1.5311 profit=0.5311 on_time=1.0000 loss=0.0011
INFO:  [DM] epoch 248/6000 reward=1.5176 profit=0.5176 on_time=1.0000 loss=-0.0000
INFO:  [DM] epoch 249/6000 reward=1.5119 profit=0.5119 on_time=1.0000 loss=0.0001
INFO:  [DM] epoch 250/6000 reward=1.5560 profit=0.5560 on_time=1.0000 loss=-0.0000
INFO:  [DM] epoch 251/6000 reward=1.5552 profit=0.5708 on_time=0.9844 loss=-0.0187
INFO:  [DM] epoch 252/6000 reward=1.5331 profit=0.5331 on_time=1.0000 loss=-0.0000
INFO:  [DM] epoch 253/6000 reward=1.5177 profit=0.5177 on_time=1.0000 loss=-0.0001
INFO:  [DM] epoch 254/6000 reward=1.5266 profit=0.5266 on_time=1.0000 loss=0.0000
INFO:  [DM] epoch 255/6000 reward=1.5297 profit=0.5297 on_time=1.0000 loss=-0.0000
INFO:  [DM] epoch 256/6000 reward=1.5756 profit=0.5756 on_time=1.0000 loss=-0.0006
INFO:  [DM] epoch 257/6000 reward=1.5121 profit=0.5121 on_time=1.0000 loss=-0.0001
INFO:  [DM] epoch 258/6000 reward=1.5336 profit=0.5336 on_time=1.0000 loss=-0.0084
INFO:  [DM] epoch 259/6000 reward=1.5029 profit=0.5186 on_time=0.9844 loss=-0.0035
INFO:  [DM] epoch 260/6000 reward=1.4978 profit=0.4978 on_time=1.0000 loss=-0.0001
INFO:  [DM] epoch 261/6000 reward=1.4513 profit=0.4826 on_time=0.9688 loss=-0.0098
INFO:  [DM] epoch 262/6000 reward=1.5241 profit=0.5397 on_time=0.9844 loss=-0.0157
INFO:  [DM] epoch 263/6000 reward=1.4486 profit=0.5111 on_time=0.9375 loss=-0.0014
INFO:  [DM] epoch 264/6000 reward=1.5247 profit=0.5247 on_time=1.0000 loss=-0.0000
INFO:  [DM] epoch 265/6000 reward=1.5272 profit=0.5272 on_time=1.0000 loss=-0.0000
INFO:  [DM] epoch 266/6000 reward=1.4676 profit=0.4676 on_time=1.0000 loss=0.0001
INFO:  [DM] epoch 267/6000 reward=1.5066 profit=0.5222 on_time=0.9844 loss=-0.0161
INFO:  [DM] epoch 268/6000 reward=1.5034 profit=0.5034 on_time=1.0000 loss=0.0000
INFO:  [DM] epoch 269/6000 reward=1.4727 profit=0.4727 on_time=1.0000 loss=0.0000
INFO:  [DM] epoch 270/6000 reward=1.5622 profit=0.5622 on_time=1.0000 loss=-0.0000
INFO:  [DM] epoch 271/6000 reward=1.5131 profit=0.5131 on_time=1.0000 loss=-0.0000
INFO:  [DM] epoch 272/6000 reward=1.4941 profit=0.4941 on_time=1.0000 loss=0.0000
INFO:  [DM] epoch 273/6000 reward=1.5242 profit=0.5242 on_time=1.0000 loss=0.0000
INFO:  [DM] epoch 274/6000 reward=1.5533 profit=0.5533 on_time=1.0000 loss=0.0000
INFO:  [DM] epoch 275/6000 reward=1.5061 profit=0.5061 on_time=1.0000 loss=-0.0000
INFO:  [DM] epoch 276/6000 reward=1.5274 profit=0.5274 on_time=1.0000 loss=0.0000
INFO:  [DM] epoch 277/6000 reward=1.4961 profit=0.4961 on_time=1.0000 loss=-0.0001
INFO:  [DM] epoch 278/6000 reward=1.5338 profit=0.5338 on_time=1.0000 loss=0.0000
INFO:  [DM] epoch 279/6000 reward=1.4573 profit=0.4885 on_time=0.9688 loss=-0.0160
INFO:  [DM] epoch 280/6000 reward=1.4927 profit=0.4927 on_time=1.0000 loss=-0.0001
INFO:  [DM] epoch 281/6000 reward=1.5566 profit=0.5566 on_time=1.0000 loss=-0.0000
INFO:  [DM] epoch 282/6000 reward=1.5607 profit=0.5607 on_time=1.0000 loss=-0.0000
INFO:  [DM] epoch 283/6000 reward=1.5475 profit=0.5475 on_time=1.0000 loss=-0.0000
INFO:  [DM] epoch 284/6000 reward=1.5568 profit=0.5568 on_time=1.0000 loss=-0.0000
INFO:  [DM] epoch 285/6000 reward=1.5160 profit=0.5160 on_time=1.0000 loss=-0.0000
INFO:  [DM] epoch 286/6000 reward=1.5124 profit=0.5124 on_time=1.0000 loss=0.0000
INFO:  [DM] epoch 287/6000 reward=1.5343 profit=0.5343 on_time=1.0000 loss=0.0000
INFO:  [DM] epoch 288/6000 reward=1.5354 profit=0.5354 on_time=1.0000 loss=-0.0000
INFO:  [DM] epoch 289/6000 reward=1.5286 profit=0.5286 on_time=1.0000 loss=0.0000
INFO:  [DM] epoch 290/6000 reward=1.5311 profit=0.5467 on_time=0.9844 loss=-0.0214
INFO:  [DM] epoch 291/6000 reward=1.5280 profit=0.5280 on_time=1.0000 loss=-0.0000
INFO:  [DM] epoch 292/6000 reward=1.5342 profit=0.5342 on_time=1.0000 loss=-0.0000
INFO:  [DM] epoch 293/6000 reward=1.5238 profit=0.5238 on_time=1.0000 loss=-0.0000
INFO:  [DM] epoch 294/6000 reward=1.5065 profit=0.5065 on_time=1.0000 loss=-0.0000
INFO:  [DM] epoch 295/6000 reward=1.5349 profit=0.5349 on_time=1.0000 loss=0.0000
INFO:  [DM] epoch 296/6000 reward=1.4881 profit=0.4881 on_time=1.0000 loss=0.0000
INFO:  [DM] epoch 297/6000 reward=1.5013 profit=0.5013 on_time=1.0000 loss=-0.0000
INFO:  [DM] epoch 298/6000 reward=1.5104 profit=0.5261 on_time=0.9844 loss=-0.0003
INFO:  [DM] epoch 299/6000 reward=1.5019 profit=0.5019 on_time=1.0000 loss=0.0000
INFO:  [DM] epoch 300/6000 reward=1.5758 profit=0.5758 on_time=1.0000 loss=-0.0002
INFO:  [DM] epoch 301/6000 reward=1.4961 profit=0.5117 on_time=0.9844 loss=-0.0003
INFO:  [DM] epoch 302/6000 reward=1.5779 profit=0.5779 on_time=1.0000 loss=-0.0007
INFO:  [DM] epoch 303/6000 reward=1.4960 profit=0.4960 on_time=1.0000 loss=-0.0000
INFO:  [DM] epoch 304/6000 reward=1.5356 profit=0.5356 on_time=1.0000 loss=0.0000
INFO:  [DM] epoch 305/6000 reward=1.5431 profit=0.5587 on_time=0.9844 loss=-0.0040
INFO:  [DM] epoch 306/6000 reward=1.5454 profit=0.5454 on_time=1.0000 loss=0.0001
INFO:  [DM] epoch 307/6000 reward=1.5127 profit=0.5127 on_time=1.0000 loss=-0.0001
INFO:  [DM] epoch 308/6000 reward=1.4764 profit=0.4764 on_time=1.0000 loss=0.0000
INFO:  [DM] epoch 309/6000 reward=1.4588 profit=0.4900 on_time=0.9688 loss=-0.0034
INFO:  [DM] epoch 310/6000 reward=1.4984 profit=0.4984 on_time=1.0000 loss=0.0000
INFO:  [DM] epoch 311/6000 reward=1.5080 profit=0.5080 on_time=1.0000 loss=-0.0002
INFO:  [DM] epoch 312/6000 reward=1.4539 profit=0.4852 on_time=0.9688 loss=-0.0078
INFO:  [DM] epoch 313/6000 reward=1.5109 profit=0.5421 on_time=0.9688 loss=-0.0116
INFO:  [DM] epoch 314/6000 reward=1.5012 profit=0.5012 on_time=1.0000 loss=0.0000
INFO:  [DM] epoch 315/6000 reward=1.5065 profit=0.5065 on_time=1.0000 loss=0.0000
INFO:  [DM] epoch 316/6000 reward=1.4783 profit=0.4939 on_time=0.9844 loss=-0.0147
INFO:  [DM] epoch 317/6000 reward=1.5356 profit=0.5356 on_time=1.0000 loss=0.0000
INFO:  [DM] epoch 318/6000 reward=1.4778 profit=0.4778 on_time=1.0000 loss=-0.0000
INFO:  [DM] epoch 319/6000 reward=1.4711 profit=0.4711 on_time=1.0000 loss=-0.0000
INFO:  [DM] epoch 320/6000 reward=1.5330 profit=0.5330 on_time=1.0000 loss=-0.0000
INFO:  [DM] epoch 321/6000 reward=1.5394 profit=0.5394 on_time=1.0000 loss=0.0000
INFO:  [DM] epoch 322/6000 reward=1.5418 profit=0.5418 on_time=1.0000 loss=-0.0000
INFO:  [DM] epoch 323/6000 reward=1.5086 profit=0.5086 on_time=1.0000 loss=-0.0000
INFO:  [DM] epoch 324/6000 reward=1.5069 profit=0.5069 on_time=1.0000 loss=-0.0000
INFO:  [DM] epoch 325/6000 reward=1.5237 profit=0.5237 on_time=1.0000 loss=0.0000
INFO:  [DM] epoch 326/6000 reward=1.5058 profit=0.5058 on_time=1.0000 loss=-0.0000
INFO:  [DM] epoch 327/6000 reward=1.5525 profit=0.5681 on_time=0.9844 loss=0.0035
INFO:  [DM] epoch 328/6000 reward=1.5623 profit=0.5623 on_time=1.0000 loss=-0.0000
INFO:  [DM] epoch 329/6000 reward=1.5129 profit=0.5129 on_time=1.0000 loss=-0.0001
INFO:  [DM] epoch 330/6000 reward=1.5301 profit=0.5301 on_time=1.0000 loss=0.0000
INFO:  [DM] epoch 331/6000 reward=1.5565 profit=0.5565 on_time=1.0000 loss=0.0000
INFO:  [DM] epoch 332/6000 reward=1.4837 profit=0.4837 on_time=1.0000 loss=-0.0000
INFO:  [DM] epoch 333/6000 reward=1.5138 profit=0.5138 on_time=1.0000 loss=-0.0000
INFO:  [DM] epoch 334/6000 reward=1.4914 profit=0.5070 on_time=0.9844 loss=-0.0005
INFO:  [DM] epoch 335/6000 reward=1.4854 profit=0.4854 on_time=1.0000 loss=-0.0000
INFO:  [DM] epoch 336/6000 reward=1.5044 profit=0.5044 on_time=1.0000 loss=0.0000
INFO:  [DM] epoch 337/6000 reward=1.5383 profit=0.5383 on_time=1.0000 loss=0.0000
INFO:  [DM] epoch 338/6000 reward=1.5402 profit=0.5402 on_time=1.0000 loss=-0.0000
INFO:  [DM] epoch 339/6000 reward=1.5126 profit=0.5438 on_time=0.9688 loss=-0.0032
INFO:  [DM] epoch 340/6000 reward=1.4997 profit=0.4997 on_time=1.0000 loss=0.0001
INFO:  [DM] epoch 341/6000 reward=1.5408 profit=0.5408 on_time=1.0000 loss=0.0009
INFO:  [DM] epoch 342/6000 reward=1.5225 profit=0.5225 on_time=1.0000 loss=-0.0000
INFO:  [DM] epoch 343/6000 reward=1.5249 profit=0.5249 on_time=1.0000 loss=-0.0000
INFO:  [DM] epoch 344/6000 reward=1.5220 profit=0.5220 on_time=1.0000 loss=0.0000
INFO:  [DM] epoch 345/6000 reward=1.5350 profit=0.5350 on_time=1.0000 loss=-0.0000
INFO:  [DM] epoch 346/6000 reward=1.4843 profit=0.4843 on_time=1.0000 loss=0.0000
INFO:  [DM] epoch 347/6000 reward=1.5048 profit=0.5048 on_time=1.0000 loss=0.0001
INFO:  [DM] epoch 348/6000 reward=1.5309 profit=0.5309 on_time=1.0000 loss=-0.0000
INFO:  [DM] epoch 349/6000 reward=1.5163 profit=0.5163 on_time=1.0000 loss=-0.0000
INFO:  [DM] epoch 350/6000 reward=1.5397 profit=0.5397 on_time=1.0000 loss=-0.0000
INFO:  [DM] epoch 351/6000 reward=1.5244 profit=0.5244 on_time=1.0000 loss=-0.0000
INFO:  [DM] epoch 352/6000 reward=1.4859 profit=0.4859 on_time=1.0000 loss=-0.0000
INFO:  [DM] epoch 353/6000 reward=1.5255 profit=0.5255 on_time=1.0000 loss=-0.0000
INFO:  [DM] epoch 354/6000 reward=1.5644 profit=0.5644 on_time=1.0000 loss=-0.0002
INFO:  [DM] epoch 355/6000 reward=1.4904 profit=0.4904 on_time=1.0000 loss=-0.0000
INFO:  [DM] epoch 356/6000 reward=1.5039 profit=0.5039 on_time=1.0000 loss=0.0000
INFO:  [DM] epoch 357/6000 reward=1.5189 profit=0.5189 on_time=1.0000 loss=-0.0000
INFO:  [DM] epoch 358/6000 reward=1.5146 profit=0.5146 on_time=1.0000 loss=-0.0000
INFO:  [DM] epoch 359/6000 reward=1.5616 profit=0.5616 on_time=1.0000 loss=-0.0000
INFO:  [DM] epoch 360/6000 reward=1.5586 profit=0.5586 on_time=1.0000 loss=-0.0000
INFO:  [DM] epoch 361/6000 reward=1.4814 profit=0.4814 on_time=1.0000 loss=-0.0000
INFO:  [DM] epoch 362/6000 reward=1.5366 profit=0.5366 on_time=1.0000 loss=-0.0000
INFO:  [DM] epoch 363/6000 reward=1.4939 profit=0.4939 on_time=1.0000 loss=-0.0000
INFO:  [DM] epoch 364/6000 reward=1.5353 profit=0.5353 on_time=1.0000 loss=-0.0000
INFO:  [DM] epoch 365/6000 reward=1.4860 profit=0.4860 on_time=1.0000 loss=-0.0000
INFO:  [DM] epoch 366/6000 reward=1.5283 profit=0.5283 on_time=1.0000 loss=-0.0001
INFO:  [DM] epoch 367/6000 reward=1.4761 profit=0.4761 on_time=1.0000 loss=0.0000
INFO:  [DM] epoch 368/6000 reward=1.5003 profit=0.5003 on_time=1.0000 loss=0.0000
INFO:  [DM] epoch 369/6000 reward=1.5479 profit=0.5479 on_time=1.0000 loss=0.0003
INFO:  [DM] epoch 370/6000 reward=1.4957 profit=0.4957 on_time=1.0000 loss=0.0000
INFO:  [DM] epoch 371/6000 reward=1.4801 profit=0.4801 on_time=1.0000 loss=0.0000
INFO:  [DM] epoch 372/6000 reward=1.5553 profit=0.5553 on_time=1.0000 loss=0.0000
INFO:  [DM] epoch 373/6000 reward=1.4869 profit=0.4869 on_time=1.0000 loss=0.0000
INFO:  [DM] epoch 374/6000 reward=1.5341 profit=0.5341 on_time=1.0000 loss=-0.0000
INFO:  [DM] epoch 375/6000 reward=1.5473 profit=0.5473 on_time=1.0000 loss=-0.0000
INFO:  [DM] epoch 376/6000 reward=1.5100 profit=0.5100 on_time=1.0000 loss=-0.0000
INFO:  [DM] epoch 377/6000 reward=1.5254 profit=0.5254 on_time=1.0000 loss=-0.0000
INFO:  [DM] epoch 378/6000 reward=1.5076 profit=0.5076 on_time=1.0000 loss=-0.0000
INFO:  [DM] epoch 379/6000 reward=1.5455 profit=0.5455 on_time=1.0000 loss=-0.0000
INFO:  [DM] epoch 380/6000 reward=1.5607 profit=0.5607 on_time=1.0000 loss=0.0000
INFO:  [DM] epoch 381/6000 reward=1.5469 profit=0.5469 on_time=1.0000 loss=0.0000
INFO:  [DM] epoch 382/6000 reward=1.5197 profit=0.5197 on_time=1.0000 loss=0.0000
INFO:  [DM] epoch 383/6000 reward=1.5191 profit=0.5191 on_time=1.0000 loss=-0.0000
INFO:  [DM] epoch 384/6000 reward=1.5266 profit=0.5266 on_time=1.0000 loss=-0.0000
INFO:  [DM] epoch 385/6000 reward=1.5244 profit=0.5244 on_time=1.0000 loss=-0.0000
INFO:  [DM] epoch 386/6000 reward=1.5158 profit=0.5158 on_time=1.0000 loss=-0.0001
INFO:  [DM] epoch 387/6000 reward=1.5043 profit=0.5043 on_time=1.0000 loss=-0.0000
INFO:  [DM] epoch 388/6000 reward=1.5411 profit=0.5411 on_time=1.0000 loss=-0.0000
INFO:  [DM] epoch 389/6000 reward=1.5276 profit=0.5276 on_time=1.0000 loss=-0.0000
INFO:  [DM] epoch 390/6000 reward=1.4705 profit=0.4705 on_time=1.0000 loss=-0.0007
INFO:  [DM] epoch 391/6000 reward=1.5221 profit=0.5221 on_time=1.0000 loss=-0.0000
INFO:  [DM] epoch 392/6000 reward=1.5201 profit=0.5201 on_time=1.0000 loss=-0.0000
INFO:  [DM] epoch 393/6000 reward=1.5015 profit=0.5015 on_time=1.0000 loss=-0.0000
INFO:  [DM] epoch 394/6000 reward=1.5294 profit=0.5294 on_time=1.0000 loss=-0.0000
INFO:  [DM] epoch 395/6000 reward=1.5465 profit=0.5465 on_time=1.0000 loss=-0.0000
INFO:  [DM] epoch 396/6000 reward=1.4892 profit=0.4892 on_time=1.0000 loss=-0.0000
INFO:  [DM] epoch 397/6000 reward=1.5689 profit=0.5689 on_time=1.0000 loss=-0.0000
INFO:  [DM] epoch 398/6000 reward=1.5213 profit=0.5213 on_time=1.0000 loss=-0.0000
INFO:  [DM] epoch 399/6000 reward=1.5247 profit=0.5403 on_time=0.9844 loss=-0.0005
INFO:  [DM] epoch 400/6000 reward=1.5539 profit=0.5539 on_time=1.0000 loss=-0.0002
INFO:  [DM] epoch 401/6000 reward=1.4885 profit=0.5041 on_time=0.9844 loss=-0.0100
INFO:  [DM] epoch 402/6000 reward=1.5080 profit=0.5080 on_time=1.0000 loss=0.0000
INFO:  [DM] epoch 403/6000 reward=1.5483 profit=0.5483 on_time=1.0000 loss=0.0002
INFO:  [DM] epoch 404/6000 reward=1.5222 profit=0.5222 on_time=1.0000 loss=-0.0000
INFO:  [DM] epoch 405/6000 reward=1.4831 profit=0.4831 on_time=1.0000 loss=-0.0000
INFO:  [DM] epoch 406/6000 reward=1.4767 profit=0.4767 on_time=1.0000 loss=0.0000
INFO:  [DM] epoch 407/6000 reward=1.4887 profit=0.4887 on_time=1.0000 loss=-0.0000
INFO:  [DM] epoch 408/6000 reward=1.5184 profit=0.5341 on_time=0.9844 loss=-0.0080
INFO:  [DM] epoch 409/6000 reward=1.4794 profit=0.4794 on_time=1.0000 loss=-0.0000
INFO:  [DM] epoch 410/6000 reward=1.5388 profit=0.5388 on_time=1.0000 loss=0.0000
INFO:  [DM] epoch 411/6000 reward=1.5111 profit=0.5111 on_time=1.0000 loss=-0.0000
INFO:  [DM] epoch 412/6000 reward=1.4698 profit=0.4855 on_time=0.9844 loss=-0.0514
INFO:  [DM] epoch 413/6000 reward=1.5327 profit=0.5327 on_time=1.0000 loss=-0.0000
INFO:  [DM] epoch 414/6000 reward=1.5510 profit=0.5510 on_time=1.0000 loss=-0.0000
INFO:  [DM] epoch 415/6000 reward=1.5234 profit=0.5234 on_time=1.0000 loss=-0.0000
INFO:  [DM] epoch 416/6000 reward=1.5260 profit=0.5260 on_time=1.0000 loss=-0.0000
INFO:  [DM] epoch 417/6000 reward=1.5366 profit=0.5366 on_time=1.0000 loss=-0.0000
INFO:  [DM] epoch 418/6000 reward=1.5342 profit=0.5342 on_time=1.0000 loss=-0.0000
INFO:  [DM] epoch 419/6000 reward=1.5615 profit=0.5615 on_time=1.0000 loss=-0.0000
INFO:  [DM] epoch 420/6000 reward=1.5341 profit=0.5341 on_time=1.0000 loss=0.0003
INFO:  [DM] epoch 421/6000 reward=1.4813 profit=0.4813 on_time=1.0000 loss=-0.0000
INFO:  [DM] epoch 422/6000 reward=1.5185 profit=0.5185 on_time=1.0000 loss=-0.0000
INFO:  [DM] epoch 423/6000 reward=1.5252 profit=0.5252 on_time=1.0000 loss=0.0000
INFO:  [DM] epoch 424/6000 reward=1.5064 profit=0.5376 on_time=0.9688 loss=-0.0077
INFO:  [DM] epoch 425/6000 reward=1.4883 profit=0.5039 on_time=0.9844 loss=-0.0006
INFO:  [DM] epoch 426/6000 reward=1.4946 profit=0.4946 on_time=1.0000 loss=0.0002
INFO:  [DM] epoch 427/6000 reward=1.4949 profit=0.4949 on_time=1.0000 loss=0.0000
INFO:  [DM] epoch 428/6000 reward=1.5119 profit=0.5119 on_time=1.0000 loss=0.0000
INFO:  [DM] epoch 429/6000 reward=1.5184 profit=0.5184 on_time=1.0000 loss=0.0000
INFO:  [DM] epoch 430/6000 reward=1.5315 profit=0.5315 on_time=1.0000 loss=0.0010
INFO:  [DM] epoch 431/6000 reward=1.5116 profit=0.5116 on_time=1.0000 loss=0.0001
INFO:  [DM] epoch 432/6000 reward=1.4828 profit=0.4828 on_time=1.0000 loss=-0.0002
INFO:  [DM] epoch 433/6000 reward=1.4862 profit=0.4862 on_time=1.0000 loss=-0.0000
INFO:  [DM] epoch 434/6000 reward=1.5263 profit=0.5263 on_time=1.0000 loss=0.0000
INFO:  [DM] epoch 435/6000 reward=1.5213 profit=0.5213 on_time=1.0000 loss=-0.0000
INFO:  [DM] epoch 436/6000 reward=1.5601 profit=0.5601 on_time=1.0000 loss=0.0000
INFO:  [DM] epoch 437/6000 reward=1.5247 profit=0.5247 on_time=1.0000 loss=-0.0000
INFO:  [DM] epoch 438/6000 reward=1.4827 profit=0.4983 on_time=0.9844 loss=-0.0021
INFO:  [DM] epoch 439/6000 reward=1.5288 profit=0.5288 on_time=1.0000 loss=-0.0000
INFO:  [DM] epoch 440/6000 reward=1.5498 profit=0.5498 on_time=1.0000 loss=-0.0000
INFO:  [DM] epoch 441/6000 reward=1.5195 profit=0.5195 on_time=1.0000 loss=-0.0000
INFO:  [DM] epoch 442/6000 reward=1.4946 profit=0.4946 on_time=1.0000 loss=-0.0000
INFO:  [DM] epoch 443/6000 reward=1.5200 profit=0.5200 on_time=1.0000 loss=-0.0000
INFO:  [DM] epoch 444/6000 reward=1.4892 profit=0.4892 on_time=1.0000 loss=-0.0000
INFO:  [DM] epoch 445/6000 reward=1.4694 profit=0.4694 on_time=1.0000 loss=0.0000
INFO:  [DM] epoch 446/6000 reward=1.5228 profit=0.5228 on_time=1.0000 loss=-0.0003
INFO:  [DM] epoch 447/6000 reward=1.5212 profit=0.5212 on_time=1.0000 loss=0.0000
INFO:  [DM] epoch 448/6000 reward=1.5395 profit=0.5395 on_time=1.0000 loss=0.0000
INFO:  [DM] epoch 449/6000 reward=1.5153 profit=0.5153 on_time=1.0000 loss=0.0000
INFO:  [DM] epoch 450/6000 reward=1.5066 profit=0.5066 on_time=1.0000 loss=-0.0000
INFO:  [DM] epoch 451/6000 reward=1.5405 profit=0.5405 on_time=1.0000 loss=0.0000
INFO:  [DM] epoch 452/6000 reward=1.5185 profit=0.5185 on_time=1.0000 loss=-0.0001
INFO:  [DM] epoch 453/6000 reward=1.5500 profit=0.5500 on_time=1.0000 loss=-0.0000
INFO:  [DM] epoch 454/6000 reward=1.5469 profit=0.5469 on_time=1.0000 loss=0.0000
INFO:  [DM] epoch 455/6000 reward=1.5491 profit=0.5491 on_time=1.0000 loss=-0.0000
INFO:  [DM] epoch 456/6000 reward=1.5085 profit=0.5085 on_time=1.0000 loss=0.0000
INFO:  [DM] epoch 457/6000 reward=1.5533 profit=0.5533 on_time=1.0000 loss=-0.0000
INFO:  [DM] epoch 458/6000 reward=1.5403 profit=0.5560 on_time=0.9844 loss=-0.0000
INFO:  [DM] epoch 459/6000 reward=1.5195 profit=0.5195 on_time=1.0000 loss=0.0000
INFO:  [DM] epoch 460/6000 reward=1.4887 profit=0.4887 on_time=1.0000 loss=-0.0003
INFO:  [DM] epoch 461/6000 reward=1.4734 profit=0.4890 on_time=0.9844 loss=-0.0325
INFO:  [DM] epoch 462/6000 reward=1.4997 profit=0.5154 on_time=0.9844 loss=-0.0000
INFO:  [DM] epoch 463/6000 reward=1.5187 profit=0.5187 on_time=1.0000 loss=-0.0000
INFO:  [DM] epoch 464/6000 reward=1.4850 profit=0.5006 on_time=0.9844 loss=-0.0000
INFO:  [DM] epoch 465/6000 reward=1.5159 profit=0.5316 on_time=0.9844 loss=-0.0038
INFO:  [DM] epoch 466/6000 reward=1.5240 profit=0.5240 on_time=1.0000 loss=-0.0000
INFO:  [DM] epoch 467/6000 reward=1.4934 profit=0.4934 on_time=1.0000 loss=0.0000
INFO:  [DM] epoch 468/6000 reward=1.5205 profit=0.5205 on_time=1.0000 loss=-0.0000
INFO:  [DM] epoch 469/6000 reward=1.5127 profit=0.5127 on_time=1.0000 loss=0.0000
INFO:  [DM] epoch 470/6000 reward=1.5447 profit=0.5447 on_time=1.0000 loss=-0.0000
INFO:  [DM] epoch 471/6000 reward=1.4706 profit=0.4706 on_time=1.0000 loss=0.0000
INFO:  [DM] epoch 472/6000 reward=1.5886 profit=0.5886 on_time=1.0000 loss=-0.0000
INFO:  [DM] epoch 473/6000 reward=1.5210 profit=0.5210 on_time=1.0000 loss=-0.0000
INFO:  [DM] epoch 474/6000 reward=1.5105 profit=0.5261 on_time=0.9844 loss=-0.0249
INFO:  [DM] epoch 475/6000 reward=1.5672 profit=0.5672 on_time=1.0000 loss=-0.0000
INFO:  [DM] epoch 476/6000 reward=1.5194 profit=0.5194 on_time=1.0000 loss=0.0000
INFO:  [DM] epoch 477/6000 reward=1.5109 profit=0.5109 on_time=1.0000 loss=-0.0001
INFO:  [DM] epoch 478/6000 reward=1.5487 profit=0.5487 on_time=1.0000 loss=-0.0001
INFO:  [DM] epoch 479/6000 reward=1.4785 profit=0.5098 on_time=0.9688 loss=-0.0030
INFO:  [DM] epoch 480/6000 reward=1.4917 profit=0.5074 on_time=0.9844 loss=-0.0007
INFO:  [DM] epoch 481/6000 reward=1.4748 profit=0.4904 on_time=0.9844 loss=-0.0007
INFO:  [DM] epoch 482/6000 reward=1.4717 profit=0.5186 on_time=0.9531 loss=-0.0109
INFO:  [DM] epoch 483/6000 reward=1.4684 profit=0.5153 on_time=0.9531 loss=-0.0003
INFO:  [DM] epoch 484/6000 reward=1.4608 profit=0.5076 on_time=0.9531 loss=0.0003
INFO:  [DM] epoch 485/6000 reward=1.4452 profit=0.5077 on_time=0.9375 loss=-0.0046
INFO:  [DM] epoch 486/6000 reward=1.4770 profit=0.5239 on_time=0.9531 loss=-0.0038
INFO:  [DM] epoch 487/6000 reward=1.5105 profit=0.5417 on_time=0.9688 loss=-0.0023
INFO:  [DM] epoch 488/6000 reward=1.4507 profit=0.4819 on_time=0.9688 loss=-0.0203
INFO:  [DM] epoch 489/6000 reward=1.4765 profit=0.4765 on_time=1.0000 loss=0.0000
INFO:  [DM] epoch 490/6000 reward=1.5405 profit=0.5405 on_time=1.0000 loss=-0.0001
INFO:  [DM] epoch 491/6000 reward=1.5180 profit=0.5180 on_time=1.0000 loss=0.0003
INFO:  [DM] epoch 492/6000 reward=1.4894 profit=0.4894 on_time=1.0000 loss=-0.0000
INFO:  [DM] epoch 493/6000 reward=1.5115 profit=0.5272 on_time=0.9844 loss=-0.0065
INFO:  [DM] epoch 494/6000 reward=1.5442 profit=0.5442 on_time=1.0000 loss=0.0000
INFO:  [DM] epoch 495/6000 reward=1.5125 profit=0.5125 on_time=1.0000 loss=0.0000
INFO:  [DM] epoch 496/6000 reward=1.5326 profit=0.5326 on_time=1.0000 loss=-0.0000
INFO:  [DM] epoch 497/6000 reward=1.5058 profit=0.5058 on_time=1.0000 loss=0.0005
INFO:  [DM] epoch 498/6000 reward=1.5142 profit=0.5298 on_time=0.9844 loss=-0.0055
INFO:  [DM] epoch 499/6000 reward=1.5089 profit=0.5089 on_time=1.0000 loss=0.0000
INFO:  [DM] epoch 500/6000 reward=1.5041 profit=0.5041 on_time=1.0000 loss=-0.0000
INFO:  [DM] epoch 501/6000 reward=1.5011 profit=0.5168 on_time=0.9844 loss=-0.0003
INFO:  [DM] epoch 502/6000 reward=1.5294 profit=0.5294 on_time=1.0000 loss=-0.0001
INFO:  [DM] epoch 503/6000 reward=1.5401 profit=0.5401 on_time=1.0000 loss=-0.0000
INFO:  [DM] epoch 504/6000 reward=1.4864 profit=0.4864 on_time=1.0000 loss=-0.0000
INFO:  [DM] epoch 505/6000 reward=1.5506 profit=0.5506 on_time=1.0000 loss=-0.0000
INFO:  [DM] epoch 506/6000 reward=1.4861 profit=0.4861 on_time=1.0000 loss=-0.0000
INFO:  [DM] epoch 507/6000 reward=1.5283 profit=0.5439 on_time=0.9844 loss=-0.0048
INFO:  [DM] epoch 508/6000 reward=1.5013 profit=0.5013 on_time=1.0000 loss=0.0000
INFO:  [DM] epoch 509/6000 reward=1.5139 profit=0.5139 on_time=1.0000 loss=-0.0000
INFO:  [DM] epoch 510/6000 reward=1.4996 profit=0.4996 on_time=1.0000 loss=-0.0000
INFO:  [DM] epoch 511/6000 reward=1.4898 profit=0.4898 on_time=1.0000 loss=-0.0000
INFO:  [DM] epoch 512/6000 reward=1.5034 profit=0.5034 on_time=1.0000 loss=-0.0000
INFO:  [DM] epoch 513/6000 reward=1.5330 profit=0.5330 on_time=1.0000 loss=-0.0000
INFO:  [DM] epoch 514/6000 reward=1.5087 profit=0.5087 on_time=1.0000 loss=-0.0000
INFO:  [DM] epoch 515/6000 reward=1.5093 profit=0.5093 on_time=1.0000 loss=-0.0000
INFO:  [DM] epoch 516/6000 reward=1.5364 profit=0.5364 on_time=1.0000 loss=-0.0000
INFO:  [DM] epoch 517/6000 reward=1.5415 profit=0.5415 on_time=1.0000 loss=-0.0000
INFO:  [DM] epoch 518/6000 reward=1.5387 profit=0.5387 on_time=1.0000 loss=-0.0000
INFO:  [DM] epoch 519/6000 reward=1.4960 profit=0.4960 on_time=1.0000 loss=-0.0000
INFO:  [DM] epoch 520/6000 reward=1.5307 profit=0.5307 on_time=1.0000 loss=-0.0000
INFO:  [DM] epoch 521/6000 reward=1.5299 profit=0.5299 on_time=1.0000 loss=-0.0000
INFO:  [DM] epoch 522/6000 reward=1.4982 profit=0.4982 on_time=1.0000 loss=-0.0000
INFO:  [DM] epoch 523/6000 reward=1.5179 profit=0.5179 on_time=1.0000 loss=-0.0000
INFO:  [DM] epoch 524/6000 reward=1.5406 profit=0.5406 on_time=1.0000 loss=-0.0000
INFO:  [DM] epoch 525/6000 reward=1.4877 profit=0.4877 on_time=1.0000 loss=-0.0000
INFO:  [DM] epoch 526/6000 reward=1.4949 profit=0.4949 on_time=1.0000 loss=-0.0000
INFO:  [DM] epoch 527/6000 reward=1.5673 profit=0.5673 on_time=1.0000 loss=-0.0000
INFO:  [DM] epoch 528/6000 reward=1.5283 profit=0.5283 on_time=1.0000 loss=-0.0000
INFO:  [DM] epoch 529/6000 reward=1.4808 profit=0.4808 on_time=1.0000 loss=-0.0000
INFO:  [DM] epoch 530/6000 reward=1.5089 profit=0.5089 on_time=1.0000 loss=-0.0000
INFO:  [DM] epoch 531/6000 reward=1.4987 profit=0.4987 on_time=1.0000 loss=-0.0000
INFO:  [DM] epoch 532/6000 reward=1.5294 profit=0.5294 on_time=1.0000 loss=-0.0000
INFO:  [DM] epoch 533/6000 reward=1.4859 profit=0.4859 on_time=1.0000 loss=-0.0000
INFO:  [DM] epoch 534/6000 reward=1.4945 profit=0.4945 on_time=1.0000 loss=-0.0000
INFO:  [DM] epoch 535/6000 reward=1.5386 profit=0.5386 on_time=1.0000 loss=0.0000
INFO:  [DM] epoch 536/6000 reward=1.5365 profit=0.5365 on_time=1.0000 loss=-0.0000
INFO:  [DM] epoch 537/6000 reward=1.5097 profit=0.5097 on_time=1.0000 loss=-0.0000
INFO:  [DM] epoch 538/6000 reward=1.5068 profit=0.5068 on_time=1.0000 loss=-0.0000
INFO:  [DM] epoch 539/6000 reward=1.5089 profit=0.5089 on_time=1.0000 loss=-0.0000
INFO:  [DM] epoch 540/6000 reward=1.5014 profit=0.5014 on_time=1.0000 loss=-0.0000
INFO:  [DM] epoch 541/6000 reward=1.5398 profit=0.5398 on_time=1.0000 loss=-0.0000
INFO:  [DM] epoch 542/6000 reward=1.5243 profit=0.5243 on_time=1.0000 loss=-0.0000
INFO:  [DM] epoch 543/6000 reward=1.4891 profit=0.4891 on_time=1.0000 loss=-0.0000
INFO:  [DM] epoch 544/6000 reward=1.5188 profit=0.5188 on_time=1.0000 loss=-0.0002
INFO:  [DM] epoch 545/6000 reward=1.5365 profit=0.5365 on_time=1.0000 loss=-0.0000
INFO:  [DM] epoch 546/6000 reward=1.5147 profit=0.5147 on_time=1.0000 loss=-0.0000
INFO:  [DM] epoch 547/6000 reward=1.4656 profit=0.4656 on_time=1.0000 loss=-0.0000
INFO:  [DM] epoch 548/6000 reward=1.5336 profit=0.5336 on_time=1.0000 loss=-0.0000
INFO:  [DM] epoch 549/6000 reward=1.5200 profit=0.5200 on_time=1.0000 loss=-0.0000
INFO:  [DM] epoch 550/6000 reward=1.5256 profit=0.5256 on_time=1.0000 loss=-0.0000
INFO:  [DM] epoch 551/6000 reward=1.5224 profit=0.5224 on_time=1.0000 loss=-0.0000
INFO:  [DM] epoch 552/6000 reward=1.5171 profit=0.5171 on_time=1.0000 loss=0.0000
INFO:  [DM] epoch 553/6000 reward=1.5501 profit=0.5501 on_time=1.0000 loss=-0.0000
INFO:  [DM] epoch 554/6000 reward=1.5320 profit=0.5320 on_time=1.0000 loss=-0.0000
INFO:  [DM] epoch 555/6000 reward=1.4978 profit=0.4978 on_time=1.0000 loss=-0.0000
INFO:  [DM] epoch 556/6000 reward=1.5684 profit=0.5684 on_time=1.0000 loss=-0.0002
INFO:  [DM] epoch 557/6000 reward=1.5394 profit=0.5394 on_time=1.0000 loss=-0.0000
INFO:  [DM] epoch 558/6000 reward=1.4852 profit=0.4852 on_time=1.0000 loss=0.0000
INFO:  [DM] epoch 559/6000 reward=1.4840 profit=0.4840 on_time=1.0000 loss=0.0000
INFO:  [DM] epoch 560/6000 reward=1.4761 profit=0.4761 on_time=1.0000 loss=-0.0000
INFO:  [DM] epoch 561/6000 reward=1.5376 profit=0.5533 on_time=0.9844 loss=-0.0000
INFO:  [DM] epoch 562/6000 reward=1.5369 profit=0.5369 on_time=1.0000 loss=-0.0000
INFO:  [DM] epoch 563/6000 reward=1.5307 profit=0.5307 on_time=1.0000 loss=-0.0000
INFO:  [DM] epoch 564/6000 reward=1.5384 profit=0.5384 on_time=1.0000 loss=-0.0000
INFO:  [DM] epoch 565/6000 reward=1.5121 profit=0.5121 on_time=1.0000 loss=0.0000
INFO:  [DM] epoch 566/6000 reward=1.5464 profit=0.5464 on_time=1.0000 loss=-0.0000
INFO:  [DM] epoch 567/6000 reward=1.5414 profit=0.5414 on_time=1.0000 loss=-0.0000
INFO:  [DM] epoch 568/6000 reward=1.5154 profit=0.5154 on_time=1.0000 loss=-0.0000
INFO:  [DM] epoch 569/6000 reward=1.5043 profit=0.5043 on_time=1.0000 loss=-0.0001
INFO:  [DM] epoch 570/6000 reward=1.4914 profit=0.4914 on_time=1.0000 loss=-0.0000
INFO:  [DM] epoch 571/6000 reward=1.5462 profit=0.5462 on_time=1.0000 loss=-0.0000
INFO:  [DM] epoch 572/6000 reward=1.5076 profit=0.5076 on_time=1.0000 loss=-0.0000
INFO:  [DM] epoch 573/6000 reward=1.5202 profit=0.5202 on_time=1.0000 loss=-0.0000
INFO:  [DM] epoch 574/6000 reward=1.5339 profit=0.5495 on_time=0.9844 loss=-0.0146
INFO:  [DM] epoch 575/6000 reward=1.4932 profit=0.4932 on_time=1.0000 loss=-0.0000
INFO:  [DM] epoch 576/6000 reward=1.5012 profit=0.5012 on_time=1.0000 loss=-0.0000
INFO:  [DM] epoch 577/6000 reward=1.5198 profit=0.5198 on_time=1.0000 loss=0.0000
INFO:  [DM] epoch 578/6000 reward=1.5395 profit=0.5395 on_time=1.0000 loss=-0.0000
INFO:  [DM] epoch 579/6000 reward=1.5257 profit=0.5257 on_time=1.0000 loss=-0.0000
INFO:  [DM] epoch 580/6000 reward=1.5592 profit=0.5592 on_time=1.0000 loss=-0.0000
INFO:  [DM] epoch 581/6000 reward=1.4993 profit=0.5150 on_time=0.9844 loss=-0.0228
INFO:  [DM] epoch 582/6000 reward=1.4853 profit=0.5166 on_time=0.9688 loss=-0.0074
INFO:  [DM] epoch 583/6000 reward=1.5309 profit=0.5309 on_time=1.0000 loss=0.0000
INFO:  [DM] epoch 584/6000 reward=1.5250 profit=0.5250 on_time=1.0000 loss=-0.0000
INFO:  [DM] epoch 585/6000 reward=1.5223 profit=0.5223 on_time=1.0000 loss=-0.0000
INFO:  [DM] epoch 586/6000 reward=1.5052 profit=0.5208 on_time=0.9844 loss=-0.0008
INFO:  [DM] epoch 587/6000 reward=1.4925 profit=0.5081 on_time=0.9844 loss=-0.0004
INFO:  [DM] epoch 588/6000 reward=1.5607 profit=0.5607 on_time=1.0000 loss=-0.0000
INFO:  [DM] epoch 589/6000 reward=1.5110 profit=0.5110 on_time=1.0000 loss=-0.0000
INFO:  [DM] epoch 590/6000 reward=1.5035 profit=0.5035 on_time=1.0000 loss=-0.0000
INFO:  [DM] epoch 591/6000 reward=1.5316 profit=0.5316 on_time=1.0000 loss=-0.0001
INFO:  [DM] epoch 592/6000 reward=1.4841 profit=0.4841 on_time=1.0000 loss=-0.0000
INFO:  [DM] epoch 593/6000 reward=1.5094 profit=0.5094 on_time=1.0000 loss=0.0003
INFO:  [DM] epoch 594/6000 reward=1.4956 profit=0.4956 on_time=1.0000 loss=0.0001
INFO:  [DM] epoch 595/6000 reward=1.4841 profit=0.4841 on_time=1.0000 loss=-0.0000
INFO:  [DM] epoch 596/6000 reward=1.5112 profit=0.5112 on_time=1.0000 loss=0.0004
INFO:  [DM] epoch 597/6000 reward=1.5544 profit=0.5544 on_time=1.0000 loss=-0.0000
INFO:  [DM] epoch 598/6000 reward=1.5390 profit=0.5390 on_time=1.0000 loss=0.0000
INFO:  [DM] epoch 599/6000 reward=1.4860 profit=0.5016 on_time=0.9844 loss=-0.0001
INFO:  [DM] epoch 600/6000 reward=1.5355 profit=0.5355 on_time=1.0000 loss=0.0009
INFO:  [DM] epoch 601/6000 reward=1.5122 profit=0.5278 on_time=0.9844 loss=-0.0012
INFO:  [DM] epoch 602/6000 reward=1.5092 profit=0.5092 on_time=1.0000 loss=-0.0000
INFO:  [DM] epoch 603/6000 reward=1.4909 profit=0.4909 on_time=1.0000 loss=-0.0000
INFO:  [DM] epoch 604/6000 reward=1.5555 profit=0.5555 on_time=1.0000 loss=-0.0000
INFO:  [DM] epoch 605/6000 reward=1.4835 profit=0.4835 on_time=1.0000 loss=0.0000
INFO:  [DM] epoch 606/6000 reward=1.5018 profit=0.5018 on_time=1.0000 loss=-0.0000
INFO:  [DM] epoch 607/6000 reward=1.4977 profit=0.5134 on_time=0.9844 loss=-0.0000
INFO:  [DM] epoch 608/6000 reward=1.5335 profit=0.5335 on_time=1.0000 loss=-0.0000
INFO:  [DM] epoch 609/6000 reward=1.5506 profit=0.5662 on_time=0.9844 loss=-0.0243
INFO:  [DM] epoch 610/6000 reward=1.5088 profit=0.5088 on_time=1.0000 loss=0.0000
INFO:  [DM] epoch 611/6000 reward=1.5298 profit=0.5298 on_time=1.0000 loss=-0.0000
INFO:  [DM] epoch 612/6000 reward=1.5284 profit=0.5284 on_time=1.0000 loss=-0.0000
INFO:  [DM] epoch 613/6000 reward=1.5304 profit=0.5304 on_time=1.0000 loss=-0.0000
INFO:  [DM] epoch 614/6000 reward=1.4931 profit=0.4931 on_time=1.0000 loss=-0.0000
INFO:  [DM] epoch 615/6000 reward=1.5323 profit=0.5323 on_time=1.0000 loss=-0.0000
INFO:  [DM] epoch 616/6000 reward=1.5399 profit=0.5399 on_time=1.0000 loss=-0.0000
INFO:  [DM] epoch 617/6000 reward=1.5255 profit=0.5255 on_time=1.0000 loss=-0.0000
INFO:  [DM] epoch 618/6000 reward=1.5184 profit=0.5184 on_time=1.0000 loss=0.0000
INFO:  [DM] epoch 619/6000 reward=1.4798 profit=0.5110 on_time=0.9688 loss=-0.0000
INFO:  [DM] epoch 620/6000 reward=1.5806 profit=0.5806 on_time=1.0000 loss=-0.0000
INFO:  [DM] epoch 621/6000 reward=1.5087 profit=0.5087 on_time=1.0000 loss=0.0000
INFO:  [DM] epoch 622/6000 reward=1.5495 profit=0.5495 on_time=1.0000 loss=-0.0000
INFO:  [DM] epoch 623/6000 reward=1.4982 profit=0.5138 on_time=0.9844 loss=-0.0093
INFO:  [DM] epoch 624/6000 reward=1.5446 profit=0.5446 on_time=1.0000 loss=0.0000
INFO:  [DM] epoch 625/6000 reward=1.5416 profit=0.5416 on_time=1.0000 loss=-0.0000
INFO:  [DM] epoch 626/6000 reward=1.5099 profit=0.5099 on_time=1.0000 loss=0.0000
INFO:  [DM] epoch 627/6000 reward=1.5307 profit=0.5307 on_time=1.0000 loss=-0.0009
INFO:  [DM] epoch 628/6000 reward=1.4983 profit=0.5139 on_time=0.9844 loss=-0.0000
INFO:  [DM] epoch 629/6000 reward=1.5021 profit=0.5021 on_time=1.0000 loss=-0.0002
INFO:  [DM] epoch 630/6000 reward=1.5078 profit=0.5078 on_time=1.0000 loss=-0.0000
INFO:  [DM] epoch 631/6000 reward=1.5159 profit=0.5159 on_time=1.0000 loss=-0.0000
INFO:  [DM] epoch 632/6000 reward=1.5551 profit=0.5551 on_time=1.0000 loss=-0.0000
INFO:  [DM] epoch 633/6000 reward=1.5199 profit=0.5199 on_time=1.0000 loss=-0.0000
INFO:  [DM] epoch 634/6000 reward=1.5536 profit=0.5536 on_time=1.0000 loss=-0.0000
INFO:  [DM] epoch 635/6000 reward=1.4749 profit=0.4905 on_time=0.9844 loss=-0.0002
INFO:  [DM] epoch 636/6000 reward=1.5002 profit=0.5002 on_time=1.0000 loss=-0.0000
INFO:  [DM] epoch 637/6000 reward=1.4915 profit=0.5071 on_time=0.9844 loss=-0.0006
INFO:  [DM] epoch 638/6000 reward=1.4658 profit=0.4814 on_time=0.9844 loss=-0.0531
INFO:  [DM] epoch 639/6000 reward=1.5051 profit=0.5051 on_time=1.0000 loss=-0.0000
INFO:  [DM] epoch 640/6000 reward=1.4730 profit=0.4886 on_time=0.9844 loss=0.0002
INFO:  [DM] epoch 641/6000 reward=1.5327 profit=0.5327 on_time=1.0000 loss=-0.0005
INFO:  [DM] epoch 642/6000 reward=1.5170 profit=0.5170 on_time=1.0000 loss=0.0000
INFO:  [DM] epoch 643/6000 reward=1.5178 profit=0.5178 on_time=1.0000 loss=0.0000
INFO:  [DM] epoch 644/6000 reward=1.5386 profit=0.5386 on_time=1.0000 loss=-0.0000
INFO:  [DM] epoch 645/6000 reward=1.5157 profit=0.5157 on_time=1.0000 loss=0.0000
INFO:  [DM] epoch 646/6000 reward=1.4944 profit=0.5256 on_time=0.9688 loss=-0.0131
INFO:  [DM] epoch 647/6000 reward=1.5502 profit=0.5502 on_time=1.0000 loss=0.0000
INFO:  [DM] epoch 648/6000 reward=1.5799 profit=0.5799 on_time=1.0000 loss=-0.0000
INFO:  [DM] epoch 649/6000 reward=1.5255 profit=0.5255 on_time=1.0000 loss=0.0001
INFO:  [DM] epoch 650/6000 reward=1.5319 profit=0.5319 on_time=1.0000 loss=0.0002
INFO:  [DM] epoch 651/6000 reward=1.5147 profit=0.5303 on_time=0.9844 loss=0.0000
INFO:  [DM] epoch 652/6000 reward=1.4838 profit=0.4838 on_time=1.0000 loss=-0.0012
INFO:  [DM] epoch 653/6000 reward=1.5006 profit=0.5006 on_time=1.0000 loss=-0.0007
INFO:  [DM] epoch 654/6000 reward=1.5235 profit=0.5235 on_time=1.0000 loss=0.0004
INFO:  [DM] epoch 655/6000 reward=1.5268 profit=0.5268 on_time=1.0000 loss=0.0000
INFO:  [DM] epoch 656/6000 reward=1.5023 profit=0.5335 on_time=0.9688 loss=-0.0149
INFO:  [DM] epoch 657/6000 reward=1.4848 profit=0.4848 on_time=1.0000 loss=0.0000
INFO:  [DM] epoch 658/6000 reward=1.5223 profit=0.5223 on_time=1.0000 loss=0.0000
INFO:  [DM] epoch 659/6000 reward=1.5254 profit=0.5254 on_time=1.0000 loss=0.0000
INFO:  [DM] epoch 660/6000 reward=1.5180 profit=0.5180 on_time=1.0000 loss=-0.0000
INFO:  [DM] epoch 661/6000 reward=1.4932 profit=0.5088 on_time=0.9844 loss=0.0002
INFO:  [DM] epoch 662/6000 reward=1.5397 profit=0.5397 on_time=1.0000 loss=0.0000
INFO:  [DM] epoch 663/6000 reward=1.5051 profit=0.5363 on_time=0.9688 loss=-0.0035
INFO:  [DM] epoch 664/6000 reward=1.4803 profit=0.4959 on_time=0.9844 loss=0.0019
INFO:  [DM] epoch 665/6000 reward=1.5340 profit=0.5340 on_time=1.0000 loss=0.0001
INFO:  [DM] epoch 666/6000 reward=1.5082 profit=0.5238 on_time=0.9844 loss=-0.0230
INFO:  [DM] epoch 667/6000 reward=1.5086 profit=0.5086 on_time=1.0000 loss=-0.0000
INFO:  [DM] epoch 668/6000 reward=1.4991 profit=0.4991 on_time=1.0000 loss=0.0000
INFO:  [DM] epoch 669/6000 reward=1.4886 profit=0.4886 on_time=1.0000 loss=-0.0000
INFO:  [DM] epoch 670/6000 reward=1.5557 profit=0.5557 on_time=1.0000 loss=-0.0000
INFO:  [DM] epoch 671/6000 reward=1.5217 profit=0.5217 on_time=1.0000 loss=-0.0000
INFO:  [DM] epoch 672/6000 reward=1.4700 profit=0.4700 on_time=1.0000 loss=-0.0000
INFO:  [DM] epoch 673/6000 reward=1.5166 profit=0.5166 on_time=1.0000 loss=-0.0000
INFO:  [DM] epoch 674/6000 reward=1.5129 profit=0.5129 on_time=1.0000 loss=-0.0000
INFO:  [DM] epoch 675/6000 reward=1.5830 profit=0.5830 on_time=1.0000 loss=-0.0000
INFO:  [DM] epoch 676/6000 reward=1.5273 profit=0.5429 on_time=0.9844 loss=-0.0000
INFO:  [DM] epoch 677/6000 reward=1.5333 profit=0.5333 on_time=1.0000 loss=0.0000
INFO:  [DM] epoch 678/6000 reward=1.5453 profit=0.5453 on_time=1.0000 loss=-0.0028
INFO:  [DM] epoch 679/6000 reward=1.4963 profit=0.5120 on_time=0.9844 loss=-0.0045
INFO:  [DM] epoch 680/6000 reward=1.5401 profit=0.5401 on_time=1.0000 loss=-0.0000
INFO:  [DM] epoch 681/6000 reward=1.5900 profit=0.5900 on_time=1.0000 loss=-0.0013
INFO:  [DM] epoch 682/6000 reward=1.5673 profit=0.5673 on_time=1.0000 loss=-0.0211
INFO:  [DM] epoch 683/6000 reward=1.5290 profit=0.5290 on_time=1.0000 loss=-0.0000
INFO:  [DM] epoch 684/6000 reward=1.4586 profit=0.5055 on_time=0.9531 loss=-0.0012
INFO:  [DM] epoch 685/6000 reward=1.4575 profit=0.5044 on_time=0.9531 loss=-0.0012
INFO:  [DM] epoch 686/6000 reward=1.5335 profit=0.5647 on_time=0.9688 loss=-0.0018
INFO:  [DM] epoch 687/6000 reward=1.4174 profit=0.4955 on_time=0.9219 loss=-0.0000
INFO:  [DM] epoch 688/6000 reward=1.4995 profit=0.5307 on_time=0.9688 loss=-0.0058
INFO:  [DM] epoch 689/6000 reward=1.5011 profit=0.5167 on_time=0.9844 loss=-0.0008
INFO:  [DM] epoch 690/6000 reward=1.4922 profit=0.5078 on_time=0.9844 loss=-0.0001
INFO:  [DM] epoch 691/6000 reward=1.4368 profit=0.4993 on_time=0.9375 loss=-0.0096
INFO:  [DM] epoch 692/6000 reward=1.5332 profit=0.5332 on_time=1.0000 loss=-0.0000
INFO:  [DM] epoch 693/6000 reward=1.4567 profit=0.4880 on_time=0.9688 loss=-0.0000
INFO:  [DM] epoch 694/6000 reward=1.5194 profit=0.5194 on_time=1.0000 loss=-0.0000
INFO:  [DM] epoch 695/6000 reward=1.4959 profit=0.5115 on_time=0.9844 loss=0.0000
INFO:  [DM] epoch 696/6000 reward=1.4570 profit=0.4882 on_time=0.9688 loss=-0.0000
INFO:  [DM] epoch 697/6000 reward=1.5247 profit=0.5247 on_time=1.0000 loss=-0.0001
INFO:  [DM] epoch 698/6000 reward=1.5414 profit=0.5414 on_time=1.0000 loss=-0.0000
INFO:  [DM] epoch 699/6000 reward=1.4725 profit=0.5038 on_time=0.9688 loss=-0.0017
INFO:  [DM] epoch 700/6000 reward=1.5010 profit=0.5010 on_time=1.0000 loss=0.0028
INFO:  [DM] epoch 701/6000 reward=1.4829 profit=0.4985 on_time=0.9844 loss=-0.0000
INFO:  [DM] epoch 702/6000 reward=1.5067 profit=0.5067 on_time=1.0000 loss=-0.0000
INFO:  [DM] epoch 703/6000 reward=1.5076 profit=0.5076 on_time=1.0000 loss=-0.0000
INFO:  [DM] epoch 704/6000 reward=1.4996 profit=0.4996 on_time=1.0000 loss=-0.0000
INFO:  [DM] epoch 705/6000 reward=1.5005 profit=0.5005 on_time=1.0000 loss=0.0000
INFO:  [DM] epoch 706/6000 reward=1.5190 profit=0.5190 on_time=1.0000 loss=-0.0000
INFO:  [DM] epoch 707/6000 reward=1.5198 profit=0.5198 on_time=1.0000 loss=-0.0000
INFO:  [DM] epoch 708/6000 reward=1.4966 profit=0.4966 on_time=1.0000 loss=0.0000
INFO:  [DM] epoch 709/6000 reward=1.4921 profit=0.5077 on_time=0.9844 loss=-0.0087
INFO:  [DM] epoch 710/6000 reward=1.5172 profit=0.5172 on_time=1.0000 loss=0.0000
INFO:  [DM] epoch 711/6000 reward=1.5230 profit=0.5230 on_time=1.0000 loss=-0.0000
INFO:  [DM] epoch 712/6000 reward=1.5456 profit=0.5612 on_time=0.9844 loss=-0.0088
INFO:  [DM] epoch 713/6000 reward=1.5023 profit=0.5023 on_time=1.0000 loss=-0.0000
INFO:  [DM] epoch 714/6000 reward=1.4790 profit=0.4790 on_time=1.0000 loss=-0.0000
INFO:  [DM] epoch 715/6000 reward=1.4897 profit=0.4897 on_time=1.0000 loss=0.0000
INFO:  [DM] epoch 716/6000 reward=1.5044 profit=0.5044 on_time=1.0000 loss=-0.0000
INFO:  [DM] epoch 717/6000 reward=1.4808 profit=0.4808 on_time=1.0000 loss=-0.0000
INFO:  [DM] epoch 718/6000 reward=1.5437 profit=0.5437 on_time=1.0000 loss=-0.0000
INFO:  [DM] epoch 719/6000 reward=1.5286 profit=0.5286 on_time=1.0000 loss=-0.0000
INFO:  [DM] epoch 720/6000 reward=1.5044 profit=0.5044 on_time=1.0000 loss=-0.0000
INFO:  [DM] epoch 721/6000 reward=1.5473 profit=0.5473 on_time=1.0000 loss=-0.0000
INFO:  [DM] epoch 722/6000 reward=1.5304 profit=0.5304 on_time=1.0000 loss=-0.0001
INFO:  [DM] epoch 723/6000 reward=1.5370 profit=0.5370 on_time=1.0000 loss=-0.0000
INFO:  [DM] epoch 724/6000 reward=1.4789 profit=0.4789 on_time=1.0000 loss=-0.0000
INFO:  [DM] epoch 725/6000 reward=1.5313 profit=0.5313 on_time=1.0000 loss=-0.0000
INFO:  [DM] epoch 726/6000 reward=1.5109 profit=0.5109 on_time=1.0000 loss=-0.0000
INFO:  [DM] epoch 727/6000 reward=1.5591 profit=0.5591 on_time=1.0000 loss=0.0000
INFO:  [DM] epoch 728/6000 reward=1.5433 profit=0.5433 on_time=1.0000 loss=-0.0000
INFO:  [DM] epoch 729/6000 reward=1.5340 profit=0.5340 on_time=1.0000 loss=-0.0000
INFO:  [DM] epoch 730/6000 reward=1.5452 profit=0.5452 on_time=1.0000 loss=-0.0005
INFO:  [DM] epoch 731/6000 reward=1.5098 profit=0.5098 on_time=1.0000 loss=-0.0000
INFO:  [DM] epoch 732/6000 reward=1.5505 profit=0.5505 on_time=1.0000 loss=-0.0000
INFO:  [DM] epoch 733/6000 reward=1.5686 profit=0.5686 on_time=1.0000 loss=-0.0000
INFO:  [DM] epoch 734/6000 reward=1.5102 profit=0.5102 on_time=1.0000 loss=-0.0000
INFO:  [DM] epoch 735/6000 reward=1.5572 profit=0.5572 on_time=1.0000 loss=-0.0013
INFO:  [DM] epoch 736/6000 reward=1.4964 profit=0.4964 on_time=1.0000 loss=0.0000
INFO:  [DM] epoch 737/6000 reward=1.5157 profit=0.5314 on_time=0.9844 loss=-0.0000
INFO:  [DM] epoch 738/6000 reward=1.4997 profit=0.5153 on_time=0.9844 loss=-0.0000
INFO:  [DM] epoch 739/6000 reward=1.4628 profit=0.4628 on_time=1.0000 loss=0.0000
INFO:  [DM] epoch 740/6000 reward=1.5359 profit=0.5359 on_time=1.0000 loss=0.0000
INFO:  [DM] epoch 741/6000 reward=1.5427 profit=0.5427 on_time=1.0000 loss=-0.0000
INFO:  [DM] epoch 742/6000 reward=1.5202 profit=0.5202 on_time=1.0000 loss=-0.0000
INFO:  [DM] epoch 743/6000 reward=1.5434 profit=0.5434 on_time=1.0000 loss=0.0000
INFO:  [DM] epoch 744/6000 reward=1.5365 profit=0.5365 on_time=1.0000 loss=-0.0000
INFO:  [DM] epoch 745/6000 reward=1.5423 profit=0.5423 on_time=1.0000 loss=0.0000
INFO:  [DM] epoch 746/6000 reward=1.4858 profit=0.5014 on_time=0.9844 loss=-0.0220
INFO:  [DM] epoch 747/6000 reward=1.4748 profit=0.4904 on_time=0.9844 loss=-0.0003
INFO:  [DM] epoch 748/6000 reward=1.5055 profit=0.5055 on_time=1.0000 loss=-0.0000
INFO:  [DM] epoch 749/6000 reward=1.5013 profit=0.5013 on_time=1.0000 loss=-0.0000
INFO:  [DM] epoch 750/6000 reward=1.4767 profit=0.4767 on_time=1.0000 loss=0.0000
INFO:  [DM] epoch 751/6000 reward=1.5025 profit=0.5337 on_time=0.9688 loss=-0.0089
INFO:  [DM] epoch 752/6000 reward=1.5452 profit=0.5608 on_time=0.9844 loss=-0.0011
INFO:  [DM] epoch 753/6000 reward=1.5021 profit=0.5178 on_time=0.9844 loss=-0.0447
INFO:  [DM] epoch 754/6000 reward=1.5073 profit=0.5229 on_time=0.9844 loss=-0.0049
INFO:  [DM] epoch 755/6000 reward=1.5398 profit=0.5398 on_time=1.0000 loss=0.0000
INFO:  [DM] epoch 756/6000 reward=1.5199 profit=0.5199 on_time=1.0000 loss=-0.0025
INFO:  [DM] epoch 757/6000 reward=1.5023 profit=0.5023 on_time=1.0000 loss=0.0000
INFO:  [DM] epoch 758/6000 reward=1.5211 profit=0.5367 on_time=0.9844 loss=-0.0004
INFO:  [DM] epoch 759/6000 reward=1.5065 profit=0.5065 on_time=1.0000 loss=-0.0000
INFO:  [DM] epoch 760/6000 reward=1.5427 profit=0.5583 on_time=0.9844 loss=-0.0239
INFO:  [DM] epoch 761/6000 reward=1.5061 profit=0.5061 on_time=1.0000 loss=0.0015
INFO:  [DM] epoch 762/6000 reward=1.4924 profit=0.4924 on_time=1.0000 loss=-0.0000
INFO:  [DM] epoch 763/6000 reward=1.5661 profit=0.5661 on_time=1.0000 loss=-0.0000
INFO:  [DM] epoch 764/6000 reward=1.4675 profit=0.4832 on_time=0.9844 loss=-0.0004
INFO:  [DM] epoch 765/6000 reward=1.5226 profit=0.5226 on_time=1.0000 loss=0.0000
INFO:  [DM] epoch 766/6000 reward=1.5734 profit=0.5734 on_time=1.0000 loss=-0.0000
INFO:  [DM] epoch 767/6000 reward=1.5311 profit=0.5311 on_time=1.0000 loss=-0.0000
INFO:  [DM] epoch 768/6000 reward=1.5177 profit=0.5177 on_time=1.0000 loss=-0.0006
INFO:  [DM] epoch 769/6000 reward=1.5035 profit=0.5035 on_time=1.0000 loss=-0.0008
INFO:  [DM] epoch 770/6000 reward=1.4897 profit=0.4897 on_time=1.0000 loss=0.0001
INFO:  [DM] epoch 771/6000 reward=1.5346 profit=0.5346 on_time=1.0000 loss=0.0000
INFO:  [DM] epoch 772/6000 reward=1.5122 profit=0.5278 on_time=0.9844 loss=-0.0000
INFO:  [DM] epoch 773/6000 reward=1.5060 profit=0.5373 on_time=0.9688 loss=-0.0045
INFO:  [DM] epoch 774/6000 reward=1.5496 profit=0.5496 on_time=1.0000 loss=-0.0012
INFO:  [DM] epoch 775/6000 reward=1.5406 profit=0.5406 on_time=1.0000 loss=-0.0000
INFO:  [DM] epoch 776/6000 reward=1.4693 profit=0.4693 on_time=1.0000 loss=0.0000
INFO:  [DM] epoch 777/6000 reward=1.5199 profit=0.5199 on_time=1.0000 loss=-0.0000
INFO:  [DM] epoch 778/6000 reward=1.5088 profit=0.5245 on_time=0.9844 loss=-0.0066
INFO:  [DM] epoch 779/6000 reward=1.5175 profit=0.5331 on_time=0.9844 loss=-0.0000
INFO:  [DM] epoch 780/6000 reward=1.5150 profit=0.5150 on_time=1.0000 loss=0.0000
INFO:  [DM] epoch 781/6000 reward=1.5354 profit=0.5354 on_time=1.0000 loss=-0.0000
INFO:  [DM] epoch 782/6000 reward=1.5484 profit=0.5484 on_time=1.0000 loss=-0.0000
INFO:  [DM] epoch 783/6000 reward=1.5587 profit=0.5587 on_time=1.0000 loss=-0.0000
INFO:  [DM] epoch 784/6000 reward=1.5245 profit=0.5245 on_time=1.0000 loss=-0.0000
INFO:  [DM] epoch 785/6000 reward=1.4867 profit=0.4867 on_time=1.0000 loss=-0.0000
INFO:  [DM] epoch 786/6000 reward=1.4724 profit=0.4724 on_time=1.0000 loss=0.0000
INFO:  [DM] epoch 787/6000 reward=1.5015 profit=0.5015 on_time=1.0000 loss=0.0000
INFO:  [DM] epoch 788/6000 reward=1.5177 profit=0.5177 on_time=1.0000 loss=-0.0000
INFO:  [DM] epoch 789/6000 reward=1.5260 profit=0.5416 on_time=0.9844 loss=-0.0467
INFO:  [DM] epoch 790/6000 reward=1.5179 profit=0.5179 on_time=1.0000 loss=0.0000
INFO:  [DM] epoch 791/6000 reward=1.4775 profit=0.4775 on_time=1.0000 loss=-0.0000
INFO:  [DM] epoch 792/6000 reward=1.5606 profit=0.5606 on_time=1.0000 loss=-0.0000
INFO:  [DM] epoch 793/6000 reward=1.5379 profit=0.5379 on_time=1.0000 loss=-0.0000
INFO:  [DM] epoch 794/6000 reward=1.5364 profit=0.5364 on_time=1.0000 loss=-0.0000
INFO:  [DM] epoch 795/6000 reward=1.4983 profit=0.4983 on_time=1.0000 loss=-0.0000
INFO:  [DM] epoch 796/6000 reward=1.4956 profit=0.4956 on_time=1.0000 loss=-0.0000
INFO:  [DM] epoch 797/6000 reward=1.5336 profit=0.5336 on_time=1.0000 loss=-0.0000
INFO:  [DM] epoch 798/6000 reward=1.5001 profit=0.5001 on_time=1.0000 loss=-0.0000
INFO:  [DM] epoch 799/6000 reward=1.4910 profit=0.4910 on_time=1.0000 loss=-0.0000
INFO:  [DM] epoch 800/6000 reward=1.5317 profit=0.5317 on_time=1.0000 loss=0.0000
INFO:  [DM] epoch 801/6000 reward=1.5005 profit=0.5005 on_time=1.0000 loss=0.0000
INFO:  [DM] epoch 802/6000 reward=1.5596 profit=0.5596 on_time=1.0000 loss=-0.0000
INFO:  [DM] epoch 803/6000 reward=1.5382 profit=0.5382 on_time=1.0000 loss=-0.0000
INFO:  [DM] epoch 804/6000 reward=1.4619 profit=0.4776 on_time=0.9844 loss=-0.0003
INFO:  [DM] epoch 805/6000 reward=1.5208 profit=0.5364 on_time=0.9844 loss=-0.0000
INFO:  [DM] epoch 806/6000 reward=1.5025 profit=0.5182 on_time=0.9844 loss=-0.0002
INFO:  [DM] epoch 807/6000 reward=1.5870 profit=0.5870 on_time=1.0000 loss=-0.0000
INFO:  [DM] epoch 808/6000 reward=1.5018 profit=0.5018 on_time=1.0000 loss=-0.0000
INFO:  [DM] epoch 809/6000 reward=1.5804 profit=0.5804 on_time=1.0000 loss=-0.0005
INFO:  [DM] epoch 810/6000 reward=1.4898 profit=0.4898 on_time=1.0000 loss=0.0000
INFO:  [DM] epoch 811/6000 reward=1.5257 profit=0.5257 on_time=1.0000 loss=-0.0000
INFO:  [DM] epoch 812/6000 reward=1.5266 profit=0.5423 on_time=0.9844 loss=-0.0042
INFO:  [DM] epoch 813/6000 reward=1.5316 profit=0.5316 on_time=1.0000 loss=-0.0005
INFO:  [DM] epoch 814/6000 reward=1.5103 profit=0.5260 on_time=0.9844 loss=-0.0018
INFO:  [DM] epoch 815/6000 reward=1.5388 profit=0.5544 on_time=0.9844 loss=-0.0166
INFO:  [DM] epoch 816/6000 reward=1.5061 profit=0.5061 on_time=1.0000 loss=-0.0000
INFO:  [DM] epoch 817/6000 reward=1.4956 profit=0.4956 on_time=1.0000 loss=-0.0000
INFO:  [DM] epoch 818/6000 reward=1.5330 profit=0.5330 on_time=1.0000 loss=-0.0000
INFO:  [DM] epoch 819/6000 reward=1.4814 profit=0.4814 on_time=1.0000 loss=-0.0000
INFO:  [DM] epoch 820/6000 reward=1.5452 profit=0.5452 on_time=1.0000 loss=-0.0000
INFO:  [DM] epoch 821/6000 reward=1.4798 profit=0.4798 on_time=1.0000 loss=-0.0000
INFO:  [DM] epoch 822/6000 reward=1.5183 profit=0.5183 on_time=1.0000 loss=0.0000
INFO:  [DM] epoch 823/6000 reward=1.5129 profit=0.5129 on_time=1.0000 loss=-0.0000
INFO:  [DM] epoch 824/6000 reward=1.5195 profit=0.5195 on_time=1.0000 loss=-0.0000
INFO:  [DM] epoch 825/6000 reward=1.5045 profit=0.5045 on_time=1.0000 loss=-0.0000
INFO:  [DM] epoch 826/6000 reward=1.5233 profit=0.5389 on_time=0.9844 loss=-0.0017
INFO:  [DM] epoch 827/6000 reward=1.5425 profit=0.5425 on_time=1.0000 loss=-0.0000
INFO:  [DM] epoch 828/6000 reward=1.5344 profit=0.5344 on_time=1.0000 loss=-0.0000
INFO:  [DM] epoch 829/6000 reward=1.5371 profit=0.5371 on_time=1.0000 loss=-0.0000
INFO:  [DM] epoch 830/6000 reward=1.5634 profit=0.5634 on_time=1.0000 loss=-0.0000
INFO:  [DM] epoch 831/6000 reward=1.5273 profit=0.5273 on_time=1.0000 loss=0.0000
INFO:  [DM] epoch 832/6000 reward=1.5309 profit=0.5309 on_time=1.0000 loss=-0.0000
INFO:  [DM] epoch 833/6000 reward=1.4951 profit=0.4951 on_time=1.0000 loss=-0.0000
INFO:  [DM] epoch 834/6000 reward=1.4730 profit=0.4730 on_time=1.0000 loss=-0.0000
INFO:  [DM] epoch 835/6000 reward=1.5318 profit=0.5318 on_time=1.0000 loss=-0.0000
INFO:  [DM] epoch 836/6000 reward=1.5296 profit=0.5296 on_time=1.0000 loss=-0.0000
INFO:  [DM] epoch 837/6000 reward=1.5368 profit=0.5368 on_time=1.0000 loss=-0.0001
INFO:  [DM] epoch 838/6000 reward=1.5199 profit=0.5199 on_time=1.0000 loss=-0.0000
INFO:  [DM] epoch 839/6000 reward=1.5496 profit=0.5652 on_time=0.9844 loss=-0.0053
INFO:  [DM] epoch 840/6000 reward=1.5161 profit=0.5161 on_time=1.0000 loss=-0.0000
INFO:  [DM] epoch 841/6000 reward=1.4956 profit=0.5112 on_time=0.9844 loss=-0.0006
INFO:  [DM] epoch 842/6000 reward=1.5077 profit=0.5077 on_time=1.0000 loss=-0.0000
INFO:  [DM] epoch 843/6000 reward=1.5058 profit=0.5058 on_time=1.0000 loss=-0.0000
INFO:  [DM] epoch 844/6000 reward=1.5369 profit=0.5369 on_time=1.0000 loss=-0.0002
INFO:  [DM] epoch 845/6000 reward=1.5431 profit=0.5431 on_time=1.0000 loss=-0.0000
INFO:  [DM] epoch 846/6000 reward=1.5398 profit=0.5398 on_time=1.0000 loss=-0.0000
INFO:  [DM] epoch 847/6000 reward=1.5177 profit=0.5177 on_time=1.0000 loss=-0.0000
INFO:  [DM] epoch 848/6000 reward=1.5193 profit=0.5193 on_time=1.0000 loss=-0.0000
INFO:  [DM] epoch 849/6000 reward=1.5311 profit=0.5311 on_time=1.0000 loss=-0.0000
INFO:  [DM] epoch 850/6000 reward=1.5325 profit=0.5325 on_time=1.0000 loss=-0.0000
INFO:  [DM] epoch 851/6000 reward=1.5440 profit=0.5440 on_time=1.0000 loss=-0.0000
INFO:  [DM] epoch 852/6000 reward=1.5332 profit=0.5332 on_time=1.0000 loss=-0.0000
INFO:  [DM] epoch 853/6000 reward=1.5602 profit=0.5602 on_time=1.0000 loss=0.0000
INFO:  [DM] epoch 854/6000 reward=1.5332 profit=0.5332 on_time=1.0000 loss=0.0000
INFO:  [DM] epoch 855/6000 reward=1.5109 profit=0.5109 on_time=1.0000 loss=-0.0000
INFO:  [DM] epoch 856/6000 reward=1.5304 profit=0.5304 on_time=1.0000 loss=-0.0000
INFO:  [DM] epoch 857/6000 reward=1.5352 profit=0.5352 on_time=1.0000 loss=-0.0000
INFO:  [DM] epoch 858/6000 reward=1.5555 profit=0.5555 on_time=1.0000 loss=-0.0000
INFO:  [DM] epoch 859/6000 reward=1.5223 profit=0.5223 on_time=1.0000 loss=-0.0000
INFO:  [DM] epoch 860/6000 reward=1.5681 profit=0.5681 on_time=1.0000 loss=0.0000
INFO:  [DM] epoch 861/6000 reward=1.5461 profit=0.5461 on_time=1.0000 loss=-0.0000
INFO:  [DM] epoch 862/6000 reward=1.4674 profit=0.4674 on_time=1.0000 loss=-0.0000
INFO:  [DM] epoch 863/6000 reward=1.5130 profit=0.5130 on_time=1.0000 loss=-0.0000
INFO:  [DM] epoch 864/6000 reward=1.5149 profit=0.5149 on_time=1.0000 loss=-0.0000
INFO:  [DM] epoch 865/6000 reward=1.5288 profit=0.5288 on_time=1.0000 loss=-0.0000
INFO:  [DM] epoch 866/6000 reward=1.5269 profit=0.5269 on_time=1.0000 loss=-0.0000
INFO:  [DM] epoch 867/6000 reward=1.5037 profit=0.5037 on_time=1.0000 loss=-0.0000
INFO:  [DM] epoch 868/6000 reward=1.5018 profit=0.5018 on_time=1.0000 loss=-0.0000
INFO:  [DM] epoch 869/6000 reward=1.5151 profit=0.5151 on_time=1.0000 loss=-0.0000
INFO:  [DM] epoch 870/6000 reward=1.4780 profit=0.4780 on_time=1.0000 loss=-0.0000
INFO:  [DM] epoch 871/6000 reward=1.5134 profit=0.5134 on_time=1.0000 loss=-0.0000
INFO:  [DM] epoch 872/6000 reward=1.4989 profit=0.4989 on_time=1.0000 loss=-0.0000
INFO:  [DM] epoch 873/6000 reward=1.5456 profit=0.5456 on_time=1.0000 loss=-0.0000
INFO:  [DM] epoch 874/6000 reward=1.5733 profit=0.5733 on_time=1.0000 loss=-0.0000
INFO:  [DM] epoch 875/6000 reward=1.5477 profit=0.5477 on_time=1.0000 loss=-0.0000
INFO:  [DM] epoch 876/6000 reward=1.5011 profit=0.5011 on_time=1.0000 loss=-0.0000
INFO:  [DM] epoch 877/6000 reward=1.5235 profit=0.5235 on_time=1.0000 loss=-0.0000
INFO:  [DM] epoch 878/6000 reward=1.5430 profit=0.5430 on_time=1.0000 loss=-0.0000
INFO:  [DM] epoch 879/6000 reward=1.4710 profit=0.4710 on_time=1.0000 loss=-0.0000
INFO:  [DM] epoch 880/6000 reward=1.5054 profit=0.5054 on_time=1.0000 loss=0.0000
INFO:  [DM] epoch 881/6000 reward=1.5391 profit=0.5391 on_time=1.0000 loss=-0.0000
INFO:  [DM] epoch 882/6000 reward=1.5105 profit=0.5105 on_time=1.0000 loss=-0.0000
INFO:  [DM] epoch 883/6000 reward=1.5453 profit=0.5453 on_time=1.0000 loss=0.0000
INFO:  [DM] epoch 884/6000 reward=1.4980 profit=0.4980 on_time=1.0000 loss=-0.0000
INFO:  [DM] epoch 885/6000 reward=1.5286 profit=0.5286 on_time=1.0000 loss=-0.0000
INFO:  [DM] epoch 886/6000 reward=1.5342 profit=0.5342 on_time=1.0000 loss=-0.0000
INFO:  [DM] epoch 887/6000 reward=1.4935 profit=0.4935 on_time=1.0000 loss=-0.0000
INFO:  [DM] epoch 888/6000 reward=1.5632 profit=0.5632 on_time=1.0000 loss=-0.0000
INFO:  [DM] epoch 889/6000 reward=1.5400 profit=0.5400 on_time=1.0000 loss=-0.0000
INFO:  [DM] epoch 890/6000 reward=1.4967 profit=0.4967 on_time=1.0000 loss=-0.0000
INFO:  [DM] epoch 891/6000 reward=1.5332 profit=0.5332 on_time=1.0000 loss=-0.0000
INFO:  [DM] epoch 892/6000 reward=1.5226 profit=0.5226 on_time=1.0000 loss=-0.0000
INFO:  [DM] epoch 893/6000 reward=1.4771 profit=0.4771 on_time=1.0000 loss=-0.0000
INFO:  [DM] epoch 894/6000 reward=1.5076 profit=0.5076 on_time=1.0000 loss=0.0000
INFO:  [DM] epoch 895/6000 reward=1.5211 profit=0.5211 on_time=1.0000 loss=-0.0000
INFO:  [DM] epoch 896/6000 reward=1.4895 profit=0.4895 on_time=1.0000 loss=-0.0000
INFO:  [DM] epoch 897/6000 reward=1.5289 profit=0.5289 on_time=1.0000 loss=-0.0000
INFO:  [DM] epoch 898/6000 reward=1.5217 profit=0.5217 on_time=1.0000 loss=-0.0000
INFO:  [DM] epoch 899/6000 reward=1.5168 profit=0.5168 on_time=1.0000 loss=-0.0001
INFO:  [DM] epoch 900/6000 reward=1.5499 profit=0.5499 on_time=1.0000 loss=-0.0000
INFO:  [DM] epoch 901/6000 reward=1.5088 profit=0.5088 on_time=1.0000 loss=-0.0000
INFO:  [DM] epoch 902/6000 reward=1.5392 profit=0.5392 on_time=1.0000 loss=-0.0000
INFO:  [DM] epoch 903/6000 reward=1.5541 profit=0.5541 on_time=1.0000 loss=-0.0000
INFO:  [DM] epoch 904/6000 reward=1.4873 profit=0.4873 on_time=1.0000 loss=-0.0000
INFO:  [DM] epoch 905/6000 reward=1.5385 profit=0.5385 on_time=1.0000 loss=-0.0000
INFO:  [DM] epoch 906/6000 reward=1.5341 profit=0.5341 on_time=1.0000 loss=-0.0000
INFO:  [DM] epoch 907/6000 reward=1.5325 profit=0.5325 on_time=1.0000 loss=-0.0000
INFO:  [DM] epoch 908/6000 reward=1.4926 profit=0.4926 on_time=1.0000 loss=-0.0000
INFO:  [DM] epoch 909/6000 reward=1.4983 profit=0.5139 on_time=0.9844 loss=-0.0001
INFO:  [DM] epoch 910/6000 reward=1.5854 profit=0.5854 on_time=1.0000 loss=-0.0000
INFO:  [DM] epoch 911/6000 reward=1.5632 profit=0.5632 on_time=1.0000 loss=0.0000
INFO:  [DM] epoch 912/6000 reward=1.5101 profit=0.5101 on_time=1.0000 loss=-0.0000
INFO:  [DM] epoch 913/6000 reward=1.5458 profit=0.5458 on_time=1.0000 loss=-0.0000
INFO:  [DM] epoch 914/6000 reward=1.5653 profit=0.5653 on_time=1.0000 loss=-0.0000
INFO:  [DM] epoch 915/6000 reward=1.4835 profit=0.4835 on_time=1.0000 loss=0.0000
INFO:  [DM] epoch 916/6000 reward=1.5362 profit=0.5362 on_time=1.0000 loss=-0.0000
INFO:  [DM] epoch 917/6000 reward=1.5878 profit=0.5878 on_time=1.0000 loss=-0.0000
INFO:  [DM] epoch 918/6000 reward=1.5204 profit=0.5204 on_time=1.0000 loss=-0.0000
INFO:  [DM] epoch 919/6000 reward=1.5209 profit=0.5209 on_time=1.0000 loss=0.0000
INFO:  [DM] epoch 920/6000 reward=1.5520 profit=0.5520 on_time=1.0000 loss=0.0000
INFO:  [DM] epoch 921/6000 reward=1.4956 profit=0.4956 on_time=1.0000 loss=-0.0000
INFO:  [DM] epoch 922/6000 reward=1.5050 profit=0.5206 on_time=0.9844 loss=-0.0041
INFO:  [DM] epoch 923/6000 reward=1.5290 profit=0.5290 on_time=1.0000 loss=-0.0000
INFO:  [DM] epoch 924/6000 reward=1.5254 profit=0.5254 on_time=1.0000 loss=0.0000
INFO:  [DM] epoch 925/6000 reward=1.5236 profit=0.5236 on_time=1.0000 loss=-0.0000
INFO:  [DM] epoch 926/6000 reward=1.5432 profit=0.5432 on_time=1.0000 loss=-0.0000
INFO:  [DM] epoch 927/6000 reward=1.5426 profit=0.5426 on_time=1.0000 loss=-0.0000
INFO:  [DM] epoch 928/6000 reward=1.4755 profit=0.4911 on_time=0.9844 loss=-0.0479
INFO:  [DM] epoch 929/6000 reward=1.5014 profit=0.5014 on_time=1.0000 loss=-0.0000
INFO:  [DM] epoch 930/6000 reward=1.5088 profit=0.5088 on_time=1.0000 loss=0.0001
INFO:  [DM] epoch 931/6000 reward=1.5288 profit=0.5288 on_time=1.0000 loss=0.0000
INFO:  [DM] epoch 932/6000 reward=1.5111 profit=0.5111 on_time=1.0000 loss=0.0000
INFO:  [DM] epoch 933/6000 reward=1.5076 profit=0.5076 on_time=1.0000 loss=0.0000
INFO:  [DM] epoch 934/6000 reward=1.5332 profit=0.5332 on_time=1.0000 loss=0.0001
INFO:  [DM] epoch 935/6000 reward=1.5015 profit=0.5328 on_time=0.9688 loss=-0.0080
INFO:  [DM] epoch 936/6000 reward=1.5160 profit=0.5160 on_time=1.0000 loss=-0.0000
INFO:  [DM] epoch 937/6000 reward=1.5006 profit=0.5006 on_time=1.0000 loss=0.0000
INFO:  [DM] epoch 938/6000 reward=1.5313 profit=0.5313 on_time=1.0000 loss=0.0000
INFO:  [DM] epoch 939/6000 reward=1.5077 profit=0.5077 on_time=1.0000 loss=-0.0000
INFO:  [DM] epoch 940/6000 reward=1.4719 profit=0.4719 on_time=1.0000 loss=0.0000
INFO:  [DM] epoch 941/6000 reward=1.5099 profit=0.5099 on_time=1.0000 loss=-0.0000
INFO:  [DM] epoch 942/6000 reward=1.5225 profit=0.5381 on_time=0.9844 loss=-0.0005
INFO:  [DM] epoch 943/6000 reward=1.5099 profit=0.5099 on_time=1.0000 loss=-0.0001
INFO:  [DM] epoch 944/6000 reward=1.5027 profit=0.5027 on_time=1.0000 loss=-0.0000
INFO:  [DM] epoch 945/6000 reward=1.5022 profit=0.5022 on_time=1.0000 loss=0.0000
INFO:  [DM] epoch 946/6000 reward=1.5100 profit=0.5412 on_time=0.9688 loss=-0.0358
INFO:  [DM] epoch 947/6000 reward=1.5297 profit=0.5454 on_time=0.9844 loss=-0.0001
INFO:  [DM] epoch 948/6000 reward=1.5258 profit=0.5258 on_time=1.0000 loss=0.0000
INFO:  [DM] epoch 949/6000 reward=1.5343 profit=0.5500 on_time=0.9844 loss=-0.0000
INFO:  [DM] epoch 950/6000 reward=1.5130 profit=0.5286 on_time=0.9844 loss=-0.0001
INFO:  [DM] epoch 951/6000 reward=1.4752 profit=0.4909 on_time=0.9844 loss=0.0051
INFO:  [DM] epoch 952/6000 reward=1.5073 profit=0.5229 on_time=0.9844 loss=-0.0045
INFO:  [DM] epoch 953/6000 reward=1.5252 profit=0.5408 on_time=0.9844 loss=-0.0002
INFO:  [DM] epoch 954/6000 reward=1.5032 profit=0.5032 on_time=1.0000 loss=0.0000
INFO:  [DM] epoch 955/6000 reward=1.4948 profit=0.4948 on_time=1.0000 loss=-0.0000
INFO:  [DM] epoch 956/6000 reward=1.5258 profit=0.5258 on_time=1.0000 loss=-0.0002
INFO:  [DM] epoch 957/6000 reward=1.5257 profit=0.5257 on_time=1.0000 loss=0.0000
INFO:  [DM] epoch 958/6000 reward=1.5540 profit=0.5540 on_time=1.0000 loss=-0.0000
INFO:  [DM] epoch 959/6000 reward=1.5378 profit=0.5378 on_time=1.0000 loss=0.0000
INFO:  [DM] epoch 960/6000 reward=1.5742 profit=0.5742 on_time=1.0000 loss=-0.0000
INFO:  [DM] epoch 961/6000 reward=1.4965 profit=0.4965 on_time=1.0000 loss=-0.0000
INFO:  [DM] epoch 962/6000 reward=1.5034 profit=0.5034 on_time=1.0000 loss=0.0000
INFO:  [DM] epoch 963/6000 reward=1.4991 profit=0.5147 on_time=0.9844 loss=-0.0003
INFO:  [DM] epoch 964/6000 reward=1.5033 profit=0.5033 on_time=1.0000 loss=0.0000
INFO:  [DM] epoch 965/6000 reward=1.4947 profit=0.4947 on_time=1.0000 loss=-0.0000
INFO:  [DM] epoch 966/6000 reward=1.5029 profit=0.5029 on_time=1.0000 loss=0.0001
INFO:  [DM] epoch 967/6000 reward=1.4900 profit=0.4900 on_time=1.0000 loss=0.0000
INFO:  [DM] epoch 968/6000 reward=1.5283 profit=0.5283 on_time=1.0000 loss=-0.0000
INFO:  [DM] epoch 969/6000 reward=1.5230 profit=0.5230 on_time=1.0000 loss=-0.0039
INFO:  [DM] epoch 970/6000 reward=1.5137 profit=0.5294 on_time=0.9844 loss=-0.0205
INFO:  [DM] epoch 971/6000 reward=1.5108 profit=0.5577 on_time=0.9531 loss=-0.0004
INFO:  [DM] epoch 972/6000 reward=1.5125 profit=0.5281 on_time=0.9844 loss=-0.0002
INFO:  [DM] epoch 973/6000 reward=1.4840 profit=0.4996 on_time=0.9844 loss=-0.0001
INFO:  [DM] epoch 974/6000 reward=1.4938 profit=0.5094 on_time=0.9844 loss=-0.0002
INFO:  [DM] epoch 975/6000 reward=1.5601 profit=0.5757 on_time=0.9844 loss=-0.0023
INFO:  [DM] epoch 976/6000 reward=1.4590 profit=0.5059 on_time=0.9531 loss=-0.0032
INFO:  [DM] epoch 977/6000 reward=1.4876 profit=0.4876 on_time=1.0000 loss=0.0000
INFO:  [DM] epoch 978/6000 reward=1.4923 profit=0.5392 on_time=0.9531 loss=-0.0264
INFO:  [DM] epoch 979/6000 reward=1.4593 profit=0.4750 on_time=0.9844 loss=-0.0001
INFO:  [DM] epoch 980/6000 reward=1.5432 profit=0.5432 on_time=1.0000 loss=0.0001
INFO:  [DM] epoch 981/6000 reward=1.4930 profit=0.4930 on_time=1.0000 loss=0.0001
INFO:  [DM] epoch 982/6000 reward=1.4818 profit=0.4818 on_time=1.0000 loss=0.0000
INFO:  [DM] epoch 983/6000 reward=1.5496 profit=0.5496 on_time=1.0000 loss=0.0000
INFO:  [DM] epoch 984/6000 reward=1.5273 profit=0.5273 on_time=1.0000 loss=0.0000
INFO:  [DM] epoch 985/6000 reward=1.5318 profit=0.5318 on_time=1.0000 loss=-0.0000
INFO:  [DM] epoch 986/6000 reward=1.5102 profit=0.5258 on_time=0.9844 loss=0.0000
INFO:  [DM] epoch 987/6000 reward=1.5120 profit=0.5276 on_time=0.9844 loss=-0.0022
INFO:  [DM] epoch 988/6000 reward=1.4766 profit=0.4766 on_time=1.0000 loss=-0.0000
INFO:  [DM] epoch 989/6000 reward=1.5084 profit=0.5240 on_time=0.9844 loss=-0.0000
INFO:  [DM] epoch 990/6000 reward=1.5172 profit=0.5172 on_time=1.0000 loss=-0.0044
INFO:  [DM] epoch 991/6000 reward=1.4517 profit=0.4673 on_time=0.9844 loss=-0.0570
INFO:  [DM] epoch 992/6000 reward=1.4687 profit=0.5000 on_time=0.9688 loss=0.0000
INFO:  [DM] epoch 993/6000 reward=1.5212 profit=0.5369 on_time=0.9844 loss=0.0000
INFO:  [DM] epoch 994/6000 reward=1.4844 profit=0.5156 on_time=0.9688 loss=-0.0023
INFO:  [DM] epoch 995/6000 reward=1.4566 profit=0.5034 on_time=0.9531 loss=-0.0000
INFO:  [DM] epoch 996/6000 reward=1.4974 profit=0.4974 on_time=1.0000 loss=0.0000
INFO:  [DM] epoch 997/6000 reward=1.4683 profit=0.5152 on_time=0.9531 loss=0.0002
INFO:  [DM] epoch 998/6000 reward=1.4888 profit=0.5669 on_time=0.9219 loss=-0.0096
INFO:  [DM] epoch 999/6000 reward=1.4745 profit=0.4901 on_time=0.9844 loss=-0.0043
INFO:  [DM] epoch 1000/6000 reward=1.5016 profit=0.5016 on_time=1.0000 loss=0.0000
INFO:  [DM] epoch 1001/6000 reward=1.5227 profit=0.5227 on_time=1.0000 loss=-0.0000
INFO:  [DM] epoch 1002/6000 reward=1.5200 profit=0.5200 on_time=1.0000 loss=-0.0000
INFO:  [DM] epoch 1003/6000 reward=1.5394 profit=0.5394 on_time=1.0000 loss=0.0001
INFO:  [DM] epoch 1004/6000 reward=1.5454 profit=0.5454 on_time=1.0000 loss=0.0000
INFO:  [DM] epoch 1005/6000 reward=1.5202 profit=0.5202 on_time=1.0000 loss=-0.0000
INFO:  [DM] epoch 1006/6000 reward=1.5313 profit=0.5313 on_time=1.0000 loss=-0.0000
INFO:  [DM] epoch 1007/6000 reward=1.5507 profit=0.5507 on_time=1.0000 loss=-0.0000
INFO:  [DM] epoch 1008/6000 reward=1.5035 profit=0.5035 on_time=1.0000 loss=-0.0000
INFO:  [DM] epoch 1009/6000 reward=1.5130 profit=0.5286 on_time=0.9844 loss=-0.0023
INFO:  [DM] epoch 1010/6000 reward=1.5371 profit=0.5371 on_time=1.0000 loss=-0.0001
INFO:  [DM] epoch 1011/6000 reward=1.5012 profit=0.5168 on_time=0.9844 loss=-0.0053
INFO:  [DM] epoch 1012/6000 reward=1.5475 profit=0.5475 on_time=1.0000 loss=-0.0000
INFO:  [DM] epoch 1013/6000 reward=1.5347 profit=0.5347 on_time=1.0000 loss=-0.0000
INFO:  [DM] epoch 1014/6000 reward=1.5087 profit=0.5087 on_time=1.0000 loss=-0.0000
INFO:  [DM] epoch 1015/6000 reward=1.5167 profit=0.5167 on_time=1.0000 loss=0.0000
INFO:  [DM] epoch 1016/6000 reward=1.5319 profit=0.5476 on_time=0.9844 loss=-0.0025
INFO:  [DM] epoch 1017/6000 reward=1.5267 profit=0.5267 on_time=1.0000 loss=-0.0003
INFO:  [DM] epoch 1018/6000 reward=1.5309 profit=0.5309 on_time=1.0000 loss=-0.0000
INFO:  [DM] epoch 1019/6000 reward=1.5456 profit=0.5456 on_time=1.0000 loss=-0.0000
INFO:  [DM] epoch 1020/6000 reward=1.4961 profit=0.4961 on_time=1.0000 loss=-0.0000
INFO:  [DM] epoch 1021/6000 reward=1.5584 profit=0.5584 on_time=1.0000 loss=-0.0000
INFO:  [DM] epoch 1022/6000 reward=1.5591 profit=0.5591 on_time=1.0000 loss=-0.0000
INFO:  [DM] epoch 1023/6000 reward=1.4787 profit=0.4787 on_time=1.0000 loss=-0.0000
INFO:  [DM] epoch 1024/6000 reward=1.5787 profit=0.5787 on_time=1.0000 loss=-0.0000
INFO:  [DM] epoch 1025/6000 reward=1.5283 profit=0.5283 on_time=1.0000 loss=-0.0000
INFO:  [DM] epoch 1026/6000 reward=1.5621 profit=0.5621 on_time=1.0000 loss=-0.0000
INFO:  [DM] epoch 1027/6000 reward=1.4835 profit=0.4835 on_time=1.0000 loss=-0.0000
INFO:  [DM] epoch 1028/6000 reward=1.5495 profit=0.5495 on_time=1.0000 loss=-0.0000
INFO:  [DM] epoch 1029/6000 reward=1.4992 profit=0.4992 on_time=1.0000 loss=-0.0000
INFO:  [DM] epoch 1030/6000 reward=1.5189 profit=0.5189 on_time=1.0000 loss=-0.0000
INFO:  [DM] epoch 1031/6000 reward=1.5554 profit=0.5554 on_time=1.0000 loss=-0.0000
INFO:  [DM] epoch 1032/6000 reward=1.5209 profit=0.5209 on_time=1.0000 loss=-0.0000
INFO:  [DM] epoch 1033/6000 reward=1.4787 profit=0.4943 on_time=0.9844 loss=-0.0083
INFO:  [DM] epoch 1034/6000 reward=1.5045 profit=0.5045 on_time=1.0000 loss=0.0000
INFO:  [DM] epoch 1035/6000 reward=1.4961 profit=0.4961 on_time=1.0000 loss=-0.0000
INFO:  [DM] epoch 1036/6000 reward=1.4997 profit=0.4997 on_time=1.0000 loss=-0.0000
INFO:  [DM] epoch 1037/6000 reward=1.5285 profit=0.5285 on_time=1.0000 loss=-0.0000
INFO:  [DM] epoch 1038/6000 reward=1.5000 profit=0.5000 on_time=1.0000 loss=0.0000
INFO:  [DM] epoch 1039/6000 reward=1.5095 profit=0.5095 on_time=1.0000 loss=-0.0000
INFO:  [DM] epoch 1040/6000 reward=1.5311 profit=0.5311 on_time=1.0000 loss=-0.0000
INFO:  [DM] epoch 1041/6000 reward=1.4701 profit=0.4857 on_time=0.9844 loss=-0.0039
INFO:  [DM] epoch 1042/6000 reward=1.4696 profit=0.4696 on_time=1.0000 loss=-0.0000
INFO:  [DM] epoch 1043/6000 reward=1.5110 profit=0.5110 on_time=1.0000 loss=-0.0000
INFO:  [DM] epoch 1044/6000 reward=1.5510 profit=0.5510 on_time=1.0000 loss=-0.0000
INFO:  [DM] epoch 1045/6000 reward=1.4834 profit=0.4834 on_time=1.0000 loss=0.0018
INFO:  [DM] epoch 1046/6000 reward=1.5049 profit=0.5049 on_time=1.0000 loss=-0.0000
INFO:  [DM] epoch 1047/6000 reward=1.5068 profit=0.5068 on_time=1.0000 loss=-0.0000
INFO:  [DM] epoch 1048/6000 reward=1.4929 profit=0.4929 on_time=1.0000 loss=-0.0000
INFO:  [DM] epoch 1049/6000 reward=1.5122 profit=0.5279 on_time=0.9844 loss=-0.0000
INFO:  [DM] epoch 1050/6000 reward=1.4835 profit=0.4835 on_time=1.0000 loss=0.0000
INFO:  [DM] epoch 1051/6000 reward=1.5363 profit=0.5363 on_time=1.0000 loss=0.0000
INFO:  [DM] epoch 1052/6000 reward=1.5097 profit=0.5097 on_time=1.0000 loss=-0.0000
INFO:  [DM] epoch 1053/6000 reward=1.5321 profit=0.5321 on_time=1.0000 loss=0.0002
INFO:  [DM] epoch 1054/6000 reward=1.5029 profit=0.5029 on_time=1.0000 loss=-0.0000
INFO:  [DM] epoch 1055/6000 reward=1.5457 profit=0.5613 on_time=0.9844 loss=-0.0012
INFO:  [DM] epoch 1056/6000 reward=1.5414 profit=0.5414 on_time=1.0000 loss=-0.0001
INFO:  [DM] epoch 1057/6000 reward=1.4662 profit=0.4818 on_time=0.9844 loss=-0.0022
INFO:  [DM] epoch 1058/6000 reward=1.4483 profit=0.4639 on_time=0.9844 loss=-0.0002
INFO:  [DM] epoch 1059/6000 reward=1.4957 profit=0.5113 on_time=0.9844 loss=-0.0231
INFO:  [DM] epoch 1060/6000 reward=1.4914 profit=0.4914 on_time=1.0000 loss=-0.0000
INFO:  [DM] epoch 1061/6000 reward=1.4824 profit=0.4824 on_time=1.0000 loss=-0.0000
INFO:  [DM] epoch 1062/6000 reward=1.5154 profit=0.5154 on_time=1.0000 loss=-0.0000
INFO:  [DM] epoch 1063/6000 reward=1.5331 profit=0.5331 on_time=1.0000 loss=-0.0000
INFO:  [DM] epoch 1064/6000 reward=1.5107 profit=0.5107 on_time=1.0000 loss=-0.0000
INFO:  [DM] epoch 1065/6000 reward=1.5314 profit=0.5314 on_time=1.0000 loss=-0.0000
INFO:  [DM] epoch 1066/6000 reward=1.5086 profit=0.5086 on_time=1.0000 loss=-0.0007
INFO:  [DM] epoch 1067/6000 reward=1.5181 profit=0.5181 on_time=1.0000 loss=-0.0000
INFO:  [DM] epoch 1068/6000 reward=1.4885 profit=0.4885 on_time=1.0000 loss=-0.0000
INFO:  [DM] epoch 1069/6000 reward=1.5221 profit=0.5221 on_time=1.0000 loss=-0.0000
INFO:  [DM] epoch 1070/6000 reward=1.5040 profit=0.5040 on_time=1.0000 loss=0.0000
INFO:  [DM] epoch 1071/6000 reward=1.5299 profit=0.5299 on_time=1.0000 loss=-0.0000
INFO:  [DM] epoch 1072/6000 reward=1.5218 profit=0.5218 on_time=1.0000 loss=-0.0000
INFO:  [DM] epoch 1073/6000 reward=1.5222 profit=0.5222 on_time=1.0000 loss=-0.0000
INFO:  [DM] epoch 1074/6000 reward=1.5040 profit=0.5040 on_time=1.0000 loss=-0.0000
INFO:  [DM] epoch 1075/6000 reward=1.5848 profit=0.5848 on_time=1.0000 loss=-0.0003
INFO:  [DM] epoch 1076/6000 reward=1.4746 profit=0.4902 on_time=0.9844 loss=-0.0183
INFO:  [DM] epoch 1077/6000 reward=1.5133 profit=0.5133 on_time=1.0000 loss=-0.0000
INFO:  [DM] epoch 1078/6000 reward=1.5321 profit=0.5321 on_time=1.0000 loss=-0.0000
INFO:  [DM] epoch 1079/6000 reward=1.5353 profit=0.5353 on_time=1.0000 loss=-0.0000
INFO:  [DM] epoch 1080/6000 reward=1.5279 profit=0.5279 on_time=1.0000 loss=-0.0000
INFO:  [DM] epoch 1081/6000 reward=1.5470 profit=0.5470 on_time=1.0000 loss=-0.0000
INFO:  [DM] epoch 1082/6000 reward=1.5084 profit=0.5084 on_time=1.0000 loss=-0.0000
INFO:  [DM] epoch 1083/6000 reward=1.4862 profit=0.4862 on_time=1.0000 loss=0.0007
INFO:  [DM] epoch 1084/6000 reward=1.5175 profit=0.5175 on_time=1.0000 loss=0.0000
INFO:  [DM] epoch 1085/6000 reward=1.5129 profit=0.5129 on_time=1.0000 loss=0.0000
INFO:  [DM] epoch 1086/6000 reward=1.5054 profit=0.5054 on_time=1.0000 loss=-0.0000
INFO:  [DM] epoch 1087/6000 reward=1.5191 profit=0.5191 on_time=1.0000 loss=-0.0000
INFO:  [DM] epoch 1088/6000 reward=1.5203 profit=0.5203 on_time=1.0000 loss=-0.0000
INFO:  [DM] epoch 1089/6000 reward=1.4977 profit=0.4977 on_time=1.0000 loss=-0.0000
INFO:  [DM] epoch 1090/6000 reward=1.4979 profit=0.5135 on_time=0.9844 loss=-0.0065
INFO:  [DM] epoch 1091/6000 reward=1.5143 profit=0.5143 on_time=1.0000 loss=0.0000
INFO:  [DM] epoch 1092/6000 reward=1.5274 profit=0.5274 on_time=1.0000 loss=-0.0000
INFO:  [DM] epoch 1093/6000 reward=1.5097 profit=0.5097 on_time=1.0000 loss=-0.0000
INFO:  [DM] epoch 1094/6000 reward=1.5159 profit=0.5159 on_time=1.0000 loss=0.0000
INFO:  [DM] epoch 1095/6000 reward=1.5532 profit=0.5532 on_time=1.0000 loss=-0.0000
INFO:  [DM] epoch 1096/6000 reward=1.5223 profit=0.5223 on_time=1.0000 loss=-0.0000
INFO:  [DM] epoch 1097/6000 reward=1.5113 profit=0.5113 on_time=1.0000 loss=0.0002
INFO:  [DM] epoch 1098/6000 reward=1.5181 profit=0.5181 on_time=1.0000 loss=-0.0000
INFO:  [DM] epoch 1099/6000 reward=1.5746 profit=0.5746 on_time=1.0000 loss=-0.0000
INFO:  [DM] epoch 1100/6000 reward=1.5078 profit=0.5078 on_time=1.0000 loss=-0.0000
INFO:  [DM] epoch 1101/6000 reward=1.4834 profit=0.4834 on_time=1.0000 loss=0.0000
INFO:  [DM] epoch 1102/6000 reward=1.4883 profit=0.4883 on_time=1.0000 loss=-0.0000
INFO:  [DM] epoch 1103/6000 reward=1.5392 profit=0.5392 on_time=1.0000 loss=0.0000
INFO:  [DM] epoch 1104/6000 reward=1.5004 profit=0.5316 on_time=0.9688 loss=-0.0069
INFO:  [DM] epoch 1105/6000 reward=1.5315 profit=0.5315 on_time=1.0000 loss=-0.0000
INFO:  [DM] epoch 1106/6000 reward=1.5154 profit=0.5310 on_time=0.9844 loss=-0.0005
INFO:  [DM] epoch 1107/6000 reward=1.5122 profit=0.5122 on_time=1.0000 loss=-0.0000
INFO:  [DM] epoch 1108/6000 reward=1.5757 profit=0.5757 on_time=1.0000 loss=0.0000
INFO:  [DM] epoch 1109/6000 reward=1.5089 profit=0.5089 on_time=1.0000 loss=-0.0000
INFO:  [DM] epoch 1110/6000 reward=1.5050 profit=0.5050 on_time=1.0000 loss=-0.0000
INFO:  [DM] epoch 1111/6000 reward=1.4965 profit=0.4965 on_time=1.0000 loss=0.0000
INFO:  [DM] epoch 1112/6000 reward=1.5330 profit=0.5330 on_time=1.0000 loss=0.0000
INFO:  [DM] epoch 1113/6000 reward=1.5318 profit=0.5318 on_time=1.0000 loss=0.0001
INFO:  [DM] epoch 1114/6000 reward=1.5863 profit=0.5863 on_time=1.0000 loss=-0.0000
INFO:  [DM] epoch 1115/6000 reward=1.4704 profit=0.4704 on_time=1.0000 loss=0.0000
INFO:  [DM] epoch 1116/6000 reward=1.4859 profit=0.4859 on_time=1.0000 loss=-0.0000
INFO:  [DM] epoch 1117/6000 reward=1.5428 profit=0.5428 on_time=1.0000 loss=-0.0000
INFO:  [DM] epoch 1118/6000 reward=1.4987 profit=0.4987 on_time=1.0000 loss=-0.0000
INFO:  [DM] epoch 1119/6000 reward=1.5226 profit=0.5226 on_time=1.0000 loss=-0.0000
INFO:  [DM] epoch 1120/6000 reward=1.5133 profit=0.5133 on_time=1.0000 loss=-0.0000
INFO:  [DM] epoch 1121/6000 reward=1.5409 profit=0.5409 on_time=1.0000 loss=0.0000
INFO:  [DM] epoch 1122/6000 reward=1.5295 profit=0.5295 on_time=1.0000 loss=-0.0000
INFO:  [DM] epoch 1123/6000 reward=1.5276 profit=0.5276 on_time=1.0000 loss=-0.0000
INFO:  [DM] epoch 1124/6000 reward=1.5210 profit=0.5523 on_time=0.9688 loss=-0.0394
INFO:  [DM] epoch 1125/6000 reward=1.5066 profit=0.5066 on_time=1.0000 loss=-0.0000
INFO:  [DM] epoch 1126/6000 reward=1.5112 profit=0.5112 on_time=1.0000 loss=0.0000
INFO:  [DM] epoch 1127/6000 reward=1.5112 profit=0.5112 on_time=1.0000 loss=-0.0000
INFO:  [DM] epoch 1128/6000 reward=1.5460 profit=0.5460 on_time=1.0000 loss=-0.0000
INFO:  [DM] epoch 1129/6000 reward=1.5047 profit=0.5047 on_time=1.0000 loss=0.0000
INFO:  [DM] epoch 1130/6000 reward=1.5261 profit=0.5261 on_time=1.0000 loss=-0.0000
INFO:  [DM] epoch 1131/6000 reward=1.4957 profit=0.4957 on_time=1.0000 loss=-0.0000
INFO:  [DM] epoch 1132/6000 reward=1.4870 profit=0.4870 on_time=1.0000 loss=0.0000
INFO:  [DM] epoch 1133/6000 reward=1.5287 profit=0.5287 on_time=1.0000 loss=-0.0000
INFO:  [DM] epoch 1134/6000 reward=1.5096 profit=0.5096 on_time=1.0000 loss=-0.0000
INFO:  [DM] epoch 1135/6000 reward=1.4958 profit=0.4958 on_time=1.0000 loss=-0.0000
INFO:  [DM] epoch 1136/6000 reward=1.5338 profit=0.5338 on_time=1.0000 loss=-0.0000
INFO:  [DM] epoch 1137/6000 reward=1.5855 profit=0.5855 on_time=1.0000 loss=-0.0000
INFO:  [DM] epoch 1138/6000 reward=1.5013 profit=0.5013 on_time=1.0000 loss=-0.0000
INFO:  [DM] epoch 1139/6000 reward=1.5250 profit=0.5250 on_time=1.0000 loss=-0.0000
INFO:  [DM] epoch 1140/6000 reward=1.5460 profit=0.5460 on_time=1.0000 loss=0.0000
INFO:  [DM] epoch 1141/6000 reward=1.4891 profit=0.4891 on_time=1.0000 loss=-0.0000
INFO:  [DM] epoch 1142/6000 reward=1.5379 profit=0.5379 on_time=1.0000 loss=-0.0000
INFO:  [DM] epoch 1143/6000 reward=1.5206 profit=0.5206 on_time=1.0000 loss=-0.0000
INFO:  [DM] epoch 1144/6000 reward=1.5078 profit=0.5078 on_time=1.0000 loss=-0.0000
INFO:  [DM] epoch 1145/6000 reward=1.5251 profit=0.5251 on_time=1.0000 loss=-0.0000
INFO:  [DM] epoch 1146/6000 reward=1.4993 profit=0.4993 on_time=1.0000 loss=-0.0000
INFO:  [DM] epoch 1147/6000 reward=1.5410 profit=0.5410 on_time=1.0000 loss=-0.0000
INFO:  [DM] epoch 1148/6000 reward=1.5362 profit=0.5362 on_time=1.0000 loss=-0.0000
INFO:  [DM] epoch 1149/6000 reward=1.4977 profit=0.5133 on_time=0.9844 loss=-0.0025
INFO:  [DM] epoch 1150/6000 reward=1.4894 profit=0.4894 on_time=1.0000 loss=0.0000
INFO:  [DM] epoch 1151/6000 reward=1.5150 profit=0.5306 on_time=0.9844 loss=-0.0026
INFO:  [DM] epoch 1152/6000 reward=1.4952 profit=0.4952 on_time=1.0000 loss=-0.0000
INFO:  [DM] epoch 1153/6000 reward=1.5190 profit=0.5190 on_time=1.0000 loss=0.0000
INFO:  [DM] epoch 1154/6000 reward=1.5031 profit=0.5031 on_time=1.0000 loss=-0.0000
INFO:  [DM] epoch 1155/6000 reward=1.5120 profit=0.5120 on_time=1.0000 loss=-0.0000
INFO:  [DM] epoch 1156/6000 reward=1.5403 profit=0.5403 on_time=1.0000 loss=-0.0000
INFO:  [DM] epoch 1157/6000 reward=1.5167 profit=0.5167 on_time=1.0000 loss=-0.0000
INFO:  [DM] epoch 1158/6000 reward=1.5429 profit=0.5429 on_time=1.0000 loss=-0.0000
INFO:  [DM] epoch 1159/6000 reward=1.4812 profit=0.4812 on_time=1.0000 loss=-0.0000
INFO:  [DM] epoch 1160/6000 reward=1.5023 profit=0.5023 on_time=1.0000 loss=-0.0000
INFO:  [DM] epoch 1161/6000 reward=1.4856 profit=0.4856 on_time=1.0000 loss=0.0000
INFO:  [DM] epoch 1162/6000 reward=1.5194 profit=0.5194 on_time=1.0000 loss=-0.0000
INFO:  [DM] epoch 1163/6000 reward=1.4913 profit=0.4913 on_time=1.0000 loss=-0.0000
INFO:  [DM] epoch 1164/6000 reward=1.4999 profit=0.4999 on_time=1.0000 loss=-0.0000
INFO:  [DM] epoch 1165/6000 reward=1.5062 profit=0.5062 on_time=1.0000 loss=0.0000
INFO:  [DM] epoch 1166/6000 reward=1.5209 profit=0.5209 on_time=1.0000 loss=-0.0000
INFO:  [DM] epoch 1167/6000 reward=1.5341 profit=0.5341 on_time=1.0000 loss=0.0000
INFO:  [DM] epoch 1168/6000 reward=1.5308 profit=0.5308 on_time=1.0000 loss=-0.0013
INFO:  [DM] epoch 1169/6000 reward=1.5281 profit=0.5281 on_time=1.0000 loss=0.0000
INFO:  [DM] epoch 1170/6000 reward=1.5271 profit=0.5271 on_time=1.0000 loss=-0.0000
INFO:  [DM] epoch 1171/6000 reward=1.5457 profit=0.5457 on_time=1.0000 loss=-0.0000
INFO:  [DM] epoch 1172/6000 reward=1.4899 profit=0.4899 on_time=1.0000 loss=-0.0000
INFO:  [DM] epoch 1173/6000 reward=1.5090 profit=0.5247 on_time=0.9844 loss=-0.0001
INFO:  [DM] epoch 1174/6000 reward=1.5131 profit=0.5131 on_time=1.0000 loss=-0.0000
INFO:  [DM] epoch 1175/6000 reward=1.5250 profit=0.5250 on_time=1.0000 loss=0.0016
INFO:  [DM] epoch 1176/6000 reward=1.5118 profit=0.5118 on_time=1.0000 loss=-0.0000
INFO:  [DM] epoch 1177/6000 reward=1.4978 profit=0.4978 on_time=1.0000 loss=0.0000
INFO:  [DM] epoch 1178/6000 reward=1.5267 profit=0.5267 on_time=1.0000 loss=0.0000
INFO:  [DM] epoch 1179/6000 reward=1.5233 profit=0.5233 on_time=1.0000 loss=0.0000
INFO:  [DM] epoch 1180/6000 reward=1.4533 profit=0.4689 on_time=0.9844 loss=-0.0004
INFO:  [DM] epoch 1181/6000 reward=1.5082 profit=0.5394 on_time=0.9688 loss=-0.0176
INFO:  [DM] epoch 1182/6000 reward=1.5323 profit=0.5323 on_time=1.0000 loss=-0.0000
INFO:  [DM] epoch 1183/6000 reward=1.4736 profit=0.5049 on_time=0.9688 loss=-0.0027
INFO:  [DM] epoch 1184/6000 reward=1.5432 profit=0.5432 on_time=1.0000 loss=-0.0000
INFO:  [DM] epoch 1185/6000 reward=1.5139 profit=0.5139 on_time=1.0000 loss=0.0000
INFO:  [DM] epoch 1186/6000 reward=1.5316 profit=0.5316 on_time=1.0000 loss=0.0002
INFO:  [DM] epoch 1187/6000 reward=1.5233 profit=0.5233 on_time=1.0000 loss=-0.0000
INFO:  [DM] epoch 1188/6000 reward=1.5170 profit=0.5326 on_time=0.9844 loss=-0.0000
INFO:  [DM] epoch 1189/6000 reward=1.5243 profit=0.5243 on_time=1.0000 loss=-0.0000
INFO:  [DM] epoch 1190/6000 reward=1.4884 profit=0.4884 on_time=1.0000 loss=-0.0000
INFO:  [DM] epoch 1191/6000 reward=1.4811 profit=0.4811 on_time=1.0000 loss=-0.0000
INFO:  [DM] epoch 1192/6000 reward=1.4978 profit=0.4978 on_time=1.0000 loss=-0.0000
INFO:  [DM] epoch 1193/6000 reward=1.5334 profit=0.5490 on_time=0.9844 loss=-0.0001
INFO:  [DM] epoch 1194/6000 reward=1.5199 profit=0.5199 on_time=1.0000 loss=-0.0004
INFO:  [DM] epoch 1195/6000 reward=1.5448 profit=0.5448 on_time=1.0000 loss=-0.0000
INFO:  [DM] epoch 1196/6000 reward=1.4961 profit=0.4961 on_time=1.0000 loss=-0.0000
INFO:  [DM] epoch 1197/6000 reward=1.5487 profit=0.5487 on_time=1.0000 loss=-0.0000
INFO:  [DM] epoch 1198/6000 reward=1.5114 profit=0.5114 on_time=1.0000 loss=-0.0000
INFO:  [DM] epoch 1199/6000 reward=1.5022 profit=0.5022 on_time=1.0000 loss=-0.0000
INFO:  [DM] epoch 1200/6000 reward=1.5080 profit=0.5236 on_time=0.9844 loss=-0.0010
INFO:  [DM] epoch 1201/6000 reward=1.5024 profit=0.5180 on_time=0.9844 loss=-0.0003
INFO:  [DM] epoch 1202/6000 reward=1.5292 profit=0.5292 on_time=1.0000 loss=-0.0000
INFO:  [DM] epoch 1203/6000 reward=1.5482 profit=0.5482 on_time=1.0000 loss=0.0000
INFO:  [DM] epoch 1204/6000 reward=1.4984 profit=0.4984 on_time=1.0000 loss=-0.0000
INFO:  [DM] epoch 1205/6000 reward=1.5194 profit=0.5194 on_time=1.0000 loss=-0.0000
INFO:  [DM] epoch 1206/6000 reward=1.5237 profit=0.5237 on_time=1.0000 loss=-0.0000
INFO:  [DM] epoch 1207/6000 reward=1.5075 profit=0.5075 on_time=1.0000 loss=-0.0000
INFO:  [DM] epoch 1208/6000 reward=1.5281 profit=0.5281 on_time=1.0000 loss=0.0000
INFO:  [DM] epoch 1209/6000 reward=1.5112 profit=0.5112 on_time=1.0000 loss=-0.0000
INFO:  [DM] epoch 1210/6000 reward=1.5193 profit=0.5193 on_time=1.0000 loss=-0.0000
INFO:  [DM] epoch 1211/6000 reward=1.4817 profit=0.4817 on_time=1.0000 loss=-0.0000
INFO:  [DM] epoch 1212/6000 reward=1.4977 profit=0.4977 on_time=1.0000 loss=-0.0000
INFO:  [DM] epoch 1213/6000 reward=1.5379 profit=0.5379 on_time=1.0000 loss=-0.0000
INFO:  [DM] epoch 1214/6000 reward=1.5215 profit=0.5215 on_time=1.0000 loss=-0.0000
INFO:  [DM] epoch 1215/6000 reward=1.5399 profit=0.5399 on_time=1.0000 loss=-0.0000
INFO:  [DM] epoch 1216/6000 reward=1.5433 profit=0.5433 on_time=1.0000 loss=-0.0000
INFO:  [DM] epoch 1217/6000 reward=1.4887 profit=0.4887 on_time=1.0000 loss=-0.0000
INFO:  [DM] epoch 1218/6000 reward=1.4757 profit=0.4757 on_time=1.0000 loss=0.0000
INFO:  [DM] epoch 1219/6000 reward=1.5241 profit=0.5241 on_time=1.0000 loss=-0.0000
INFO:  [DM] epoch 1220/6000 reward=1.5110 profit=0.5110 on_time=1.0000 loss=-0.0000
INFO:  [DM] epoch 1221/6000 reward=1.5412 profit=0.5412 on_time=1.0000 loss=-0.0000
INFO:  [DM] epoch 1222/6000 reward=1.4765 profit=0.4765 on_time=1.0000 loss=0.0000
INFO:  [DM] epoch 1223/6000 reward=1.4821 profit=0.4821 on_time=1.0000 loss=-0.0000
INFO:  [DM] epoch 1224/6000 reward=1.4918 profit=0.4918 on_time=1.0000 loss=-0.0000
INFO:  [DM] epoch 1225/6000 reward=1.5037 profit=0.5037 on_time=1.0000 loss=-0.0000
INFO:  [DM] epoch 1226/6000 reward=1.5357 profit=0.5357 on_time=1.0000 loss=0.0000
INFO:  [DM] epoch 1227/6000 reward=1.4770 profit=0.4770 on_time=1.0000 loss=-0.0000
INFO:  [DM] epoch 1228/6000 reward=1.5210 profit=0.5210 on_time=1.0000 loss=-0.0000
INFO:  [DM] epoch 1229/6000 reward=1.5728 profit=0.5728 on_time=1.0000 loss=-0.0000
INFO:  [DM] epoch 1230/6000 reward=1.4952 profit=0.4952 on_time=1.0000 loss=-0.0000
INFO:  [DM] epoch 1231/6000 reward=1.5215 profit=0.5215 on_time=1.0000 loss=-0.0000
INFO:  [DM] epoch 1232/6000 reward=1.5058 profit=0.5058 on_time=1.0000 loss=-0.0000
INFO:  [DM] epoch 1233/6000 reward=1.5027 profit=0.5027 on_time=1.0000 loss=0.0000
INFO:  [DM] epoch 1234/6000 reward=1.5368 profit=0.5368 on_time=1.0000 loss=-0.0000
INFO:  [DM] epoch 1235/6000 reward=1.5295 profit=0.5295 on_time=1.0000 loss=-0.0000
INFO:  [DM] epoch 1236/6000 reward=1.5633 profit=0.5633 on_time=1.0000 loss=0.0000
INFO:  [DM] epoch 1237/6000 reward=1.4693 profit=0.4693 on_time=1.0000 loss=0.0000
INFO:  [DM] epoch 1238/6000 reward=1.5034 profit=0.5034 on_time=1.0000 loss=-0.0000
INFO:  [DM] epoch 1239/6000 reward=1.5138 profit=0.5138 on_time=1.0000 loss=0.0000
INFO:  [DM] epoch 1240/6000 reward=1.5374 profit=0.5374 on_time=1.0000 loss=-0.0000
INFO:  [DM] epoch 1241/6000 reward=1.4806 profit=0.4806 on_time=1.0000 loss=0.0000
INFO:  [DM] epoch 1242/6000 reward=1.5331 profit=0.5331 on_time=1.0000 loss=0.0000
INFO:  [DM] epoch 1243/6000 reward=1.5339 profit=0.5339 on_time=1.0000 loss=-0.0000
INFO:  [DM] epoch 1244/6000 reward=1.5140 profit=0.5140 on_time=1.0000 loss=-0.0001
INFO:  [DM] epoch 1245/6000 reward=1.5275 profit=0.5275 on_time=1.0000 loss=-0.0000
INFO:  [DM] epoch 1246/6000 reward=1.5028 profit=0.5028 on_time=1.0000 loss=-0.0000
INFO:  [DM] epoch 1247/6000 reward=1.5415 profit=0.5415 on_time=1.0000 loss=0.0000
INFO:  [DM] epoch 1248/6000 reward=1.5140 profit=0.5140 on_time=1.0000 loss=-0.0007
INFO:  [DM] epoch 1249/6000 reward=1.5417 profit=0.5417 on_time=1.0000 loss=-0.0000
INFO:  [DM] epoch 1250/6000 reward=1.4992 profit=0.4992 on_time=1.0000 loss=0.0000
INFO:  [DM] epoch 1251/6000 reward=1.5034 profit=0.5034 on_time=1.0000 loss=-0.0000
INFO:  [DM] epoch 1252/6000 reward=1.5506 profit=0.5506 on_time=1.0000 loss=-0.0000
INFO:  [DM] epoch 1253/6000 reward=1.5214 profit=0.5214 on_time=1.0000 loss=0.0000
INFO:  [DM] epoch 1254/6000 reward=1.5439 profit=0.5439 on_time=1.0000 loss=-0.0000
INFO:  [DM] epoch 1255/6000 reward=1.5108 profit=0.5108 on_time=1.0000 loss=-0.0000
INFO:  [DM] epoch 1256/6000 reward=1.5075 profit=0.5075 on_time=1.0000 loss=-0.0000
INFO:  [DM] epoch 1257/6000 reward=1.4993 profit=0.4993 on_time=1.0000 loss=-0.0000
INFO:  [DM] epoch 1258/6000 reward=1.4979 profit=0.4979 on_time=1.0000 loss=-0.0000
INFO:  [DM] epoch 1259/6000 reward=1.5431 profit=0.5431 on_time=1.0000 loss=0.0000
INFO:  [DM] epoch 1260/6000 reward=1.5510 profit=0.5510 on_time=1.0000 loss=0.0000
INFO:  [DM] epoch 1261/6000 reward=1.5440 profit=0.5440 on_time=1.0000 loss=0.0000
INFO:  [DM] epoch 1262/6000 reward=1.5341 profit=0.5497 on_time=0.9844 loss=-0.0013
INFO:  [DM] epoch 1263/6000 reward=1.5076 profit=0.5233 on_time=0.9844 loss=-0.0019
INFO:  [DM] epoch 1264/6000 reward=1.5574 profit=0.5574 on_time=1.0000 loss=0.0000
INFO:  [DM] epoch 1265/6000 reward=1.5316 profit=0.5316 on_time=1.0000 loss=-0.0000
INFO:  [DM] epoch 1266/6000 reward=1.5390 profit=0.5390 on_time=1.0000 loss=0.0000
INFO:  [DM] epoch 1267/6000 reward=1.5349 profit=0.5349 on_time=1.0000 loss=-0.0000
INFO:  [DM] epoch 1268/6000 reward=1.5395 profit=0.5395 on_time=1.0000 loss=0.0000
INFO:  [DM] epoch 1269/6000 reward=1.4753 profit=0.4909 on_time=0.9844 loss=-0.0032
INFO:  [DM] epoch 1270/6000 reward=1.5262 profit=0.5262 on_time=1.0000 loss=-0.0000
INFO:  [DM] epoch 1271/6000 reward=1.5271 profit=0.5271 on_time=1.0000 loss=-0.0000
INFO:  [DM] epoch 1272/6000 reward=1.5110 profit=0.5110 on_time=1.0000 loss=0.0000
INFO:  [DM] epoch 1273/6000 reward=1.5423 profit=0.5423 on_time=1.0000 loss=-0.0000
INFO:  [DM] epoch 1274/6000 reward=1.4886 profit=0.4886 on_time=1.0000 loss=-0.0000
INFO:  [DM] epoch 1275/6000 reward=1.5774 profit=0.5774 on_time=1.0000 loss=0.0000
INFO:  [DM] epoch 1276/6000 reward=1.5408 profit=0.5408 on_time=1.0000 loss=0.0000
INFO:  [DM] epoch 1277/6000 reward=1.4532 profit=0.4844 on_time=0.9688 loss=-0.0198
INFO:  [DM] epoch 1278/6000 reward=1.5032 profit=0.5032 on_time=1.0000 loss=0.0000
INFO:  [DM] epoch 1279/6000 reward=1.5242 profit=0.5242 on_time=1.0000 loss=-0.0000
INFO:  [DM] epoch 1280/6000 reward=1.5446 profit=0.5446 on_time=1.0000 loss=-0.0000
INFO:  [DM] epoch 1281/6000 reward=1.5359 profit=0.5359 on_time=1.0000 loss=-0.0000
INFO:  [DM] epoch 1282/6000 reward=1.5062 profit=0.5062 on_time=1.0000 loss=0.0000
INFO:  [DM] epoch 1283/6000 reward=1.5342 profit=0.5342 on_time=1.0000 loss=0.0000
INFO:  [DM] epoch 1284/6000 reward=1.4793 profit=0.4793 on_time=1.0000 loss=0.0012
INFO:  [DM] epoch 1285/6000 reward=1.5604 profit=0.5604 on_time=1.0000 loss=0.0003
INFO:  [DM] epoch 1286/6000 reward=1.5416 profit=0.5416 on_time=1.0000 loss=-0.0000
INFO:  [DM] epoch 1287/6000 reward=1.5496 profit=0.5496 on_time=1.0000 loss=0.0000
INFO:  [DM] epoch 1288/6000 reward=1.5253 profit=0.5253 on_time=1.0000 loss=0.0000
INFO:  [DM] epoch 1289/6000 reward=1.4883 profit=0.4883 on_time=1.0000 loss=-0.0000
INFO:  [DM] epoch 1290/6000 reward=1.5488 profit=0.5488 on_time=1.0000 loss=0.0007
INFO:  [DM] epoch 1291/6000 reward=1.5725 profit=0.5725 on_time=1.0000 loss=-0.0000
INFO:  [DM] epoch 1292/6000 reward=1.5089 profit=0.5089 on_time=1.0000 loss=0.0000
INFO:  [DM] epoch 1293/6000 reward=1.4995 profit=0.4995 on_time=1.0000 loss=-0.0001
INFO:  [DM] epoch 1294/6000 reward=1.5006 profit=0.5163 on_time=0.9844 loss=-0.0001
INFO:  [DM] epoch 1295/6000 reward=1.5310 profit=0.5310 on_time=1.0000 loss=-0.0019
INFO:  [DM] epoch 1296/6000 reward=1.5084 profit=0.5240 on_time=0.9844 loss=-0.0018
INFO:  [DM] epoch 1297/6000 reward=1.4763 profit=0.5075 on_time=0.9688 loss=-0.0145
INFO:  [DM] epoch 1298/6000 reward=1.4043 profit=0.5137 on_time=0.8906 loss=-0.0134
INFO:  [DM] epoch 1299/6000 reward=1.4278 profit=0.5215 on_time=0.9062 loss=-0.0659
INFO:  [DM] epoch 1300/6000 reward=1.4187 profit=0.4968 on_time=0.9219 loss=-0.0022
INFO:  [DM] epoch 1301/6000 reward=1.4787 profit=0.5100 on_time=0.9688 loss=-0.0078
INFO:  [DM] epoch 1302/6000 reward=1.5503 profit=0.5503 on_time=1.0000 loss=0.0009
INFO:  [DM] epoch 1303/6000 reward=1.5055 profit=0.5211 on_time=0.9844 loss=-0.0179
INFO:  [DM] epoch 1304/6000 reward=1.4907 profit=0.4907 on_time=1.0000 loss=-0.0000
INFO:  [DM] epoch 1305/6000 reward=1.5879 profit=0.6035 on_time=0.9844 loss=-0.0005
INFO:  [DM] epoch 1306/6000 reward=1.5450 profit=0.5450 on_time=1.0000 loss=0.0001
INFO:  [DM] epoch 1307/6000 reward=1.5035 profit=0.5035 on_time=1.0000 loss=0.0016
INFO:  [DM] epoch 1308/6000 reward=1.5437 profit=0.5437 on_time=1.0000 loss=-0.0000
INFO:  [DM] epoch 1309/6000 reward=1.5142 profit=0.5142 on_time=1.0000 loss=0.0000
INFO:  [DM] epoch 1310/6000 reward=1.4861 profit=0.5330 on_time=0.9531 loss=-0.0038
INFO:  [DM] epoch 1311/6000 reward=1.5024 profit=0.5180 on_time=0.9844 loss=-0.0068
INFO:  [DM] epoch 1312/6000 reward=1.4547 profit=0.5172 on_time=0.9375 loss=-0.0262
INFO:  [DM] epoch 1313/6000 reward=1.4501 profit=0.5126 on_time=0.9375 loss=-0.0063
INFO:  [DM] epoch 1314/6000 reward=1.5109 profit=0.5734 on_time=0.9375 loss=-0.0038
INFO:  [DM] epoch 1315/6000 reward=1.4807 profit=0.4807 on_time=1.0000 loss=-0.0000
INFO:  [DM] epoch 1316/6000 reward=1.5228 profit=0.5384 on_time=0.9844 loss=0.0000
INFO:  [DM] epoch 1317/6000 reward=1.5357 profit=0.5357 on_time=1.0000 loss=-0.0002
INFO:  [DM] epoch 1318/6000 reward=1.4657 profit=0.4969 on_time=0.9688 loss=-0.0071
INFO:  [DM] epoch 1319/6000 reward=1.4894 profit=0.5050 on_time=0.9844 loss=-0.0069
INFO:  [DM] epoch 1320/6000 reward=1.5043 profit=0.5200 on_time=0.9844 loss=-0.0001
INFO:  [DM] epoch 1321/6000 reward=1.5246 profit=0.5246 on_time=1.0000 loss=-0.0001
INFO:  [DM] epoch 1322/6000 reward=1.5281 profit=0.5281 on_time=1.0000 loss=-0.0000
INFO:  [DM] epoch 1323/6000 reward=1.4961 profit=0.5118 on_time=0.9844 loss=-0.0027
INFO:  [DM] epoch 1324/6000 reward=1.4734 profit=0.4734 on_time=1.0000 loss=0.0000
INFO:  [DM] epoch 1325/6000 reward=1.5086 profit=0.5242 on_time=0.9844 loss=-0.0383
INFO:  [DM] epoch 1326/6000 reward=1.4891 profit=0.5203 on_time=0.9688 loss=-0.0105
INFO:  [DM] epoch 1327/6000 reward=1.4539 profit=0.5007 on_time=0.9531 loss=-0.0042
INFO:  [DM] epoch 1328/6000 reward=1.5146 profit=0.5302 on_time=0.9844 loss=-0.0010
INFO:  [DM] epoch 1329/6000 reward=1.5362 profit=0.5362 on_time=1.0000 loss=-0.0000
INFO:  [DM] epoch 1330/6000 reward=1.5133 profit=0.5133 on_time=1.0000 loss=0.0000
INFO:  [DM] epoch 1331/6000 reward=1.4961 profit=0.4961 on_time=1.0000 loss=-0.0000
INFO:  [DM] epoch 1332/6000 reward=1.5417 profit=0.5573 on_time=0.9844 loss=-0.0005
INFO:  [DM] epoch 1333/6000 reward=1.4911 profit=0.4911 on_time=1.0000 loss=-0.0000
INFO:  [DM] epoch 1334/6000 reward=1.5531 profit=0.5687 on_time=0.9844 loss=0.0002
INFO:  [DM] epoch 1335/6000 reward=1.5249 profit=0.5249 on_time=1.0000 loss=0.0000
INFO:  [DM] epoch 1336/6000 reward=1.5240 profit=0.5240 on_time=1.0000 loss=-0.0008
INFO:  [DM] epoch 1337/6000 reward=1.5055 profit=0.5211 on_time=0.9844 loss=0.0000
INFO:  [DM] epoch 1338/6000 reward=1.4777 profit=0.5089 on_time=0.9688 loss=-0.0133
INFO:  [DM] epoch 1339/6000 reward=1.5295 profit=0.5295 on_time=1.0000 loss=-0.0000
INFO:  [DM] epoch 1340/6000 reward=1.4466 profit=0.4779 on_time=0.9688 loss=-0.0069
INFO:  [DM] epoch 1341/6000 reward=1.4935 profit=0.4935 on_time=1.0000 loss=-0.0000
INFO:  [DM] epoch 1342/6000 reward=1.5333 profit=0.5333 on_time=1.0000 loss=-0.0000
INFO:  [DM] epoch 1343/6000 reward=1.5451 profit=0.5451 on_time=1.0000 loss=-0.0000
INFO:  [DM] epoch 1344/6000 reward=1.5030 profit=0.5030 on_time=1.0000 loss=-0.0002
INFO:  [DM] epoch 1345/6000 reward=1.4842 profit=0.4842 on_time=1.0000 loss=-0.0000
INFO:  [DM] epoch 1346/6000 reward=1.5045 profit=0.5201 on_time=0.9844 loss=-0.0334
INFO:  [DM] epoch 1347/6000 reward=1.5428 profit=0.5428 on_time=1.0000 loss=0.0000
INFO:  [DM] epoch 1348/6000 reward=1.5299 profit=0.5299 on_time=1.0000 loss=0.0000
INFO:  [DM] epoch 1349/6000 reward=1.5058 profit=0.5058 on_time=1.0000 loss=-0.0000
INFO:  [DM] epoch 1350/6000 reward=1.4992 profit=0.4992 on_time=1.0000 loss=0.0000
INFO:  [DM] epoch 1351/6000 reward=1.5136 profit=0.5136 on_time=1.0000 loss=-0.0000
INFO:  [DM] epoch 1352/6000 reward=1.5385 profit=0.5385 on_time=1.0000 loss=0.0000
INFO:  [DM] epoch 1353/6000 reward=1.5448 profit=0.5448 on_time=1.0000 loss=-0.0000
INFO:  [DM] epoch 1354/6000 reward=1.4922 profit=0.4922 on_time=1.0000 loss=-0.0000
INFO:  [DM] epoch 1355/6000 reward=1.4983 profit=0.4983 on_time=1.0000 loss=-0.0000
INFO:  [DM] epoch 1356/6000 reward=1.5061 profit=0.5061 on_time=1.0000 loss=0.0012
INFO:  [DM] epoch 1357/6000 reward=1.5346 profit=0.5346 on_time=1.0000 loss=-0.0000
INFO:  [DM] epoch 1358/6000 reward=1.5180 profit=0.5180 on_time=1.0000 loss=-0.0000
INFO:  [DM] epoch 1359/6000 reward=1.5247 profit=0.5247 on_time=1.0000 loss=-0.0000
INFO:  [DM] epoch 1360/6000 reward=1.5588 profit=0.5588 on_time=1.0000 loss=-0.0000
INFO:  [DM] epoch 1361/6000 reward=1.4833 profit=0.4989 on_time=0.9844 loss=-0.0110
INFO:  [DM] epoch 1362/6000 reward=1.4970 profit=0.4970 on_time=1.0000 loss=-0.0000
INFO:  [DM] epoch 1363/6000 reward=1.5221 profit=0.5221 on_time=1.0000 loss=0.0000
INFO:  [DM] epoch 1364/6000 reward=1.5205 profit=0.5205 on_time=1.0000 loss=-0.0000
INFO:  [DM] epoch 1365/6000 reward=1.5145 profit=0.5145 on_time=1.0000 loss=-0.0000
INFO:  [DM] epoch 1366/6000 reward=1.5169 profit=0.5326 on_time=0.9844 loss=-0.0000
INFO:  [DM] epoch 1367/6000 reward=1.5309 profit=0.5309 on_time=1.0000 loss=-0.0000
INFO:  [DM] epoch 1368/6000 reward=1.4942 profit=0.4942 on_time=1.0000 loss=0.0000
INFO:  [DM] epoch 1369/6000 reward=1.5530 profit=0.5530 on_time=1.0000 loss=0.0000
INFO:  [DM] epoch 1370/6000 reward=1.5141 profit=0.5297 on_time=0.9844 loss=-0.0275
INFO:  [DM] epoch 1371/6000 reward=1.5602 profit=0.5602 on_time=1.0000 loss=-0.0000
INFO:  [DM] epoch 1372/6000 reward=1.5534 profit=0.5534 on_time=1.0000 loss=-0.0000
INFO:  [DM] epoch 1373/6000 reward=1.4671 profit=0.4671 on_time=1.0000 loss=-0.0000
INFO:  [DM] epoch 1374/6000 reward=1.4857 profit=0.4857 on_time=1.0000 loss=-0.0000
INFO:  [DM] epoch 1375/6000 reward=1.5327 profit=0.5327 on_time=1.0000 loss=-0.0000
INFO:  [DM] epoch 1376/6000 reward=1.4921 profit=0.4921 on_time=1.0000 loss=-0.0000
INFO:  [DM] epoch 1377/6000 reward=1.5213 profit=0.5213 on_time=1.0000 loss=-0.0000
INFO:  [DM] epoch 1378/6000 reward=1.5565 profit=0.5565 on_time=1.0000 loss=-0.0000
INFO:  [DM] epoch 1379/6000 reward=1.4943 profit=0.4943 on_time=1.0000 loss=-0.0000
INFO:  [DM] epoch 1380/6000 reward=1.5350 profit=0.5350 on_time=1.0000 loss=-0.0000
INFO:  [DM] epoch 1381/6000 reward=1.5373 profit=0.5373 on_time=1.0000 loss=-0.0000
INFO:  [DM] epoch 1382/6000 reward=1.5207 profit=0.5207 on_time=1.0000 loss=0.0002
INFO:  [DM] epoch 1383/6000 reward=1.5676 profit=0.5676 on_time=1.0000 loss=-0.0000
INFO:  [DM] epoch 1384/6000 reward=1.4866 profit=0.4866 on_time=1.0000 loss=-0.0000
INFO:  [DM] epoch 1385/6000 reward=1.5089 profit=0.5089 on_time=1.0000 loss=-0.0000
INFO:  [DM] epoch 1386/6000 reward=1.4888 profit=0.4888 on_time=1.0000 loss=-0.0000
INFO:  [DM] epoch 1387/6000 reward=1.4971 profit=0.4971 on_time=1.0000 loss=-0.0000
INFO:  [DM] epoch 1388/6000 reward=1.5203 profit=0.5203 on_time=1.0000 loss=-0.0000
INFO:  [DM] epoch 1389/6000 reward=1.5239 profit=0.5239 on_time=1.0000 loss=-0.0000
INFO:  [DM] epoch 1390/6000 reward=1.5500 profit=0.5500 on_time=1.0000 loss=-0.0000
INFO:  [DM] epoch 1391/6000 reward=1.5180 profit=0.5336 on_time=0.9844 loss=-0.0001
INFO:  [DM] epoch 1392/6000 reward=1.4725 profit=0.5038 on_time=0.9688 loss=-0.0054
INFO:  [DM] epoch 1393/6000 reward=1.5776 profit=0.5776 on_time=1.0000 loss=-0.0000
INFO:  [DM] epoch 1394/6000 reward=1.5224 profit=0.5224 on_time=1.0000 loss=-0.0000
INFO:  [DM] epoch 1395/6000 reward=1.4893 profit=0.4893 on_time=1.0000 loss=-0.0000
INFO:  [DM] epoch 1396/6000 reward=1.5052 profit=0.5052 on_time=1.0000 loss=-0.0000
INFO:  [DM] epoch 1397/6000 reward=1.5742 profit=0.5742 on_time=1.0000 loss=-0.0000
INFO:  [DM] epoch 1398/6000 reward=1.5345 profit=0.5345 on_time=1.0000 loss=-0.0000
INFO:  [DM] epoch 1399/6000 reward=1.5611 profit=0.5611 on_time=1.0000 loss=-0.0000
INFO:  [DM] epoch 1400/6000 reward=1.5239 profit=0.5239 on_time=1.0000 loss=-0.0000
INFO:  [DM] epoch 1401/6000 reward=1.5472 profit=0.5472 on_time=1.0000 loss=-0.0000
INFO:  [DM] epoch 1402/6000 reward=1.5285 profit=0.5285 on_time=1.0000 loss=-0.0000
INFO:  [DM] epoch 1403/6000 reward=1.5226 profit=0.5226 on_time=1.0000 loss=-0.0000
INFO:  [DM] epoch 1404/6000 reward=1.5190 profit=0.5346 on_time=0.9844 loss=-0.0000
INFO:  [DM] epoch 1405/6000 reward=1.5292 profit=0.5292 on_time=1.0000 loss=-0.0000
INFO:  [DM] epoch 1406/6000 reward=1.5387 profit=0.5387 on_time=1.0000 loss=-0.0000
INFO:  [DM] epoch 1407/6000 reward=1.5295 profit=0.5295 on_time=1.0000 loss=-0.0000
INFO:  [DM] epoch 1408/6000 reward=1.5472 profit=0.5472 on_time=1.0000 loss=-0.0000
INFO:  [DM] epoch 1409/6000 reward=1.5305 profit=0.5305 on_time=1.0000 loss=-0.0000
INFO:  [DM] epoch 1410/6000 reward=1.4758 profit=0.4758 on_time=1.0000 loss=-0.0000
INFO:  [DM] epoch 1411/6000 reward=1.5021 profit=0.5021 on_time=1.0000 loss=-0.0000
INFO:  [DM] epoch 1412/6000 reward=1.5309 profit=0.5309 on_time=1.0000 loss=-0.0000
INFO:  [DM] epoch 1413/6000 reward=1.5238 profit=0.5238 on_time=1.0000 loss=-0.0000
INFO:  [DM] epoch 1414/6000 reward=1.5189 profit=0.5189 on_time=1.0000 loss=-0.0000
INFO:  [DM] epoch 1415/6000 reward=1.5352 profit=0.5352 on_time=1.0000 loss=-0.0000
INFO:  [DM] epoch 1416/6000 reward=1.5415 profit=0.5571 on_time=0.9844 loss=-0.0006
INFO:  [DM] epoch 1417/6000 reward=1.5118 profit=0.5118 on_time=1.0000 loss=-0.0000
INFO:  [DM] epoch 1418/6000 reward=1.5885 profit=0.5885 on_time=1.0000 loss=-0.0000
INFO:  [DM] epoch 1419/6000 reward=1.5055 profit=0.5055 on_time=1.0000 loss=-0.0000
INFO:  [DM] epoch 1420/6000 reward=1.4914 profit=0.5071 on_time=0.9844 loss=-0.0001
INFO:  [DM] epoch 1421/6000 reward=1.5359 profit=0.5359 on_time=1.0000 loss=0.0000
INFO:  [DM] epoch 1422/6000 reward=1.5126 profit=0.5126 on_time=1.0000 loss=-0.0000
INFO:  [DM] epoch 1423/6000 reward=1.5500 profit=0.5500 on_time=1.0000 loss=-0.0000
INFO:  [DM] epoch 1424/6000 reward=1.5401 profit=0.5401 on_time=1.0000 loss=-0.0000
INFO:  [DM] epoch 1425/6000 reward=1.5326 profit=0.5326 on_time=1.0000 loss=-0.0000
INFO:  [DM] epoch 1426/6000 reward=1.5590 profit=0.5590 on_time=1.0000 loss=-0.0000
INFO:  [DM] epoch 1427/6000 reward=1.5425 profit=0.5425 on_time=1.0000 loss=-0.0000
INFO:  [DM] epoch 1428/6000 reward=1.4986 profit=0.4986 on_time=1.0000 loss=-0.0000
INFO:  [DM] epoch 1429/6000 reward=1.5402 profit=0.5402 on_time=1.0000 loss=-0.0000
INFO:  [DM] epoch 1430/6000 reward=1.4802 profit=0.4802 on_time=1.0000 loss=-0.0000
INFO:  [DM] epoch 1431/6000 reward=1.5232 profit=0.5232 on_time=1.0000 loss=-0.0000
INFO:  [DM] epoch 1432/6000 reward=1.5258 profit=0.5258 on_time=1.0000 loss=-0.0000
INFO:  [DM] epoch 1433/6000 reward=1.4967 profit=0.4967 on_time=1.0000 loss=-0.0000
INFO:  [DM] epoch 1434/6000 reward=1.5332 profit=0.5332 on_time=1.0000 loss=-0.0000
INFO:  [DM] epoch 1435/6000 reward=1.5356 profit=0.5356 on_time=1.0000 loss=0.0000
INFO:  [DM] epoch 1436/6000 reward=1.5193 profit=0.5193 on_time=1.0000 loss=-0.0000
INFO:  [DM] epoch 1437/6000 reward=1.5692 profit=0.5692 on_time=1.0000 loss=-0.0000
INFO:  [DM] epoch 1438/6000 reward=1.4722 profit=0.4722 on_time=1.0000 loss=-0.0000
INFO:  [DM] epoch 1439/6000 reward=1.5470 profit=0.5470 on_time=1.0000 loss=-0.0000
INFO:  [DM] epoch 1440/6000 reward=1.5336 profit=0.5336 on_time=1.0000 loss=-0.0000
INFO:  [DM] epoch 1441/6000 reward=1.5448 profit=0.5604 on_time=0.9844 loss=-0.0000
INFO:  [DM] epoch 1442/6000 reward=1.5173 profit=0.5173 on_time=1.0000 loss=-0.0000
INFO:  [DM] epoch 1443/6000 reward=1.5190 profit=0.5190 on_time=1.0000 loss=-0.0000
INFO:  [DM] epoch 1444/6000 reward=1.4986 profit=0.4986 on_time=1.0000 loss=-0.0000
INFO:  [DM] epoch 1445/6000 reward=1.5214 profit=0.5214 on_time=1.0000 loss=-0.0000
INFO:  [DM] epoch 1446/6000 reward=1.5371 profit=0.5371 on_time=1.0000 loss=-0.0000
INFO:  [DM] epoch 1447/6000 reward=1.5105 profit=0.5105 on_time=1.0000 loss=-0.0000
INFO:  [DM] epoch 1448/6000 reward=1.5004 profit=0.5004 on_time=1.0000 loss=-0.0000
INFO:  [DM] epoch 1449/6000 reward=1.4961 profit=0.4961 on_time=1.0000 loss=-0.0000
INFO:  [DM] epoch 1450/6000 reward=1.4963 profit=0.4963 on_time=1.0000 loss=-0.0000
INFO:  [DM] epoch 1451/6000 reward=1.5309 profit=0.5309 on_time=1.0000 loss=-0.0000
INFO:  [DM] epoch 1452/6000 reward=1.5335 profit=0.5335 on_time=1.0000 loss=-0.0000
INFO:  [DM] epoch 1453/6000 reward=1.4928 profit=0.4928 on_time=1.0000 loss=-0.0000
INFO:  [DM] epoch 1454/6000 reward=1.5204 profit=0.5204 on_time=1.0000 loss=-0.0000
INFO:  [DM] epoch 1455/6000 reward=1.5124 profit=0.5124 on_time=1.0000 loss=-0.0000
INFO:  [DM] epoch 1456/6000 reward=1.5152 profit=0.5152 on_time=1.0000 loss=-0.0000
INFO:  [DM] epoch 1457/6000 reward=1.4921 profit=0.4921 on_time=1.0000 loss=-0.0000
INFO:  [DM] epoch 1458/6000 reward=1.4933 profit=0.4933 on_time=1.0000 loss=-0.0000
INFO:  [DM] epoch 1459/6000 reward=1.5484 profit=0.5484 on_time=1.0000 loss=0.0000
INFO:  [DM] epoch 1460/6000 reward=1.5450 profit=0.5450 on_time=1.0000 loss=-0.0000
INFO:  [DM] epoch 1461/6000 reward=1.4813 profit=0.4813 on_time=1.0000 loss=-0.0000
INFO:  [DM] epoch 1462/6000 reward=1.5287 profit=0.5287 on_time=1.0000 loss=-0.0000
INFO:  [DM] epoch 1463/6000 reward=1.5089 profit=0.5089 on_time=1.0000 loss=-0.0000
INFO:  [DM] epoch 1464/6000 reward=1.4720 profit=0.4720 on_time=1.0000 loss=0.0000
INFO:  [DM] epoch 1465/6000 reward=1.5508 profit=0.5508 on_time=1.0000 loss=-0.0000
INFO:  [DM] epoch 1466/6000 reward=1.5346 profit=0.5346 on_time=1.0000 loss=-0.0000
INFO:  [DM] epoch 1467/6000 reward=1.5261 profit=0.5261 on_time=1.0000 loss=-0.0000
INFO:  [DM] epoch 1468/6000 reward=1.5433 profit=0.5433 on_time=1.0000 loss=-0.0000
INFO:  [DM] epoch 1469/6000 reward=1.5555 profit=0.5555 on_time=1.0000 loss=-0.0000
INFO:  [DM] epoch 1470/6000 reward=1.4750 profit=0.4750 on_time=1.0000 loss=0.0000
INFO:  [DM] epoch 1471/6000 reward=1.5176 profit=0.5176 on_time=1.0000 loss=-0.0000
INFO:  [DM] epoch 1472/6000 reward=1.4992 profit=0.4992 on_time=1.0000 loss=-0.0000
INFO:  [DM] epoch 1473/6000 reward=1.5365 profit=0.5365 on_time=1.0000 loss=-0.0000
INFO:  [DM] epoch 1474/6000 reward=1.4895 profit=0.4895 on_time=1.0000 loss=0.0000
INFO:  [DM] epoch 1475/6000 reward=1.5039 profit=0.5039 on_time=1.0000 loss=-0.0000
INFO:  [DM] epoch 1476/6000 reward=1.4825 profit=0.4825 on_time=1.0000 loss=-0.0000
INFO:  [DM] epoch 1477/6000 reward=1.5339 profit=0.5339 on_time=1.0000 loss=-0.0000
INFO:  [DM] epoch 1478/6000 reward=1.4917 profit=0.4917 on_time=1.0000 loss=-0.0000
INFO:  [DM] epoch 1479/6000 reward=1.5110 profit=0.5110 on_time=1.0000 loss=-0.0000
INFO:  [DM] epoch 1480/6000 reward=1.5421 profit=0.5421 on_time=1.0000 loss=-0.0000
INFO:  [DM] epoch 1481/6000 reward=1.5303 profit=0.5303 on_time=1.0000 loss=-0.0003
INFO:  [DM] epoch 1482/6000 reward=1.5665 profit=0.5665 on_time=1.0000 loss=-0.0000
INFO:  [DM] epoch 1483/6000 reward=1.5157 profit=0.5157 on_time=1.0000 loss=0.0000
INFO:  [DM] epoch 1484/6000 reward=1.5311 profit=0.5311 on_time=1.0000 loss=0.0000
INFO:  [DM] epoch 1485/6000 reward=1.4771 profit=0.4771 on_time=1.0000 loss=0.0000
INFO:  [DM] epoch 1486/6000 reward=1.5017 profit=0.5017 on_time=1.0000 loss=0.0001
INFO:  [DM] epoch 1487/6000 reward=1.5050 profit=0.5050 on_time=1.0000 loss=-0.0000
INFO:  [DM] epoch 1488/6000 reward=1.5375 profit=0.5375 on_time=1.0000 loss=-0.0000
INFO:  [DM] epoch 1489/6000 reward=1.5231 profit=0.5231 on_time=1.0000 loss=-0.0000
INFO:  [DM] epoch 1490/6000 reward=1.5247 profit=0.5247 on_time=1.0000 loss=-0.0000
INFO:  [DM] epoch 1491/6000 reward=1.5749 profit=0.5749 on_time=1.0000 loss=-0.0000
INFO:  [DM] epoch 1492/6000 reward=1.5269 profit=0.5269 on_time=1.0000 loss=-0.0000
INFO:  [DM] epoch 1493/6000 reward=1.5202 profit=0.5202 on_time=1.0000 loss=-0.0000
INFO:  [DM] epoch 1494/6000 reward=1.5340 profit=0.5340 on_time=1.0000 loss=-0.0000
INFO:  [DM] epoch 1495/6000 reward=1.5262 profit=0.5262 on_time=1.0000 loss=-0.0000
INFO:  [DM] epoch 1496/6000 reward=1.5132 profit=0.5132 on_time=1.0000 loss=-0.0000
INFO:  [DM] epoch 1497/6000 reward=1.4987 profit=0.4987 on_time=1.0000 loss=-0.0000
INFO:  [DM] epoch 1498/6000 reward=1.4806 profit=0.4806 on_time=1.0000 loss=-0.0000
INFO:  [DM] epoch 1499/6000 reward=1.5048 profit=0.5048 on_time=1.0000 loss=0.0000
INFO:  [DM] epoch 1500/6000 reward=1.5047 profit=0.5204 on_time=0.9844 loss=-0.0000
INFO:  [DM] epoch 1501/6000 reward=1.4958 profit=0.4958 on_time=1.0000 loss=0.0000
INFO:  [DM] epoch 1502/6000 reward=1.5260 profit=0.5260 on_time=1.0000 loss=-0.0000
INFO:  [DM] epoch 1503/6000 reward=1.5454 profit=0.5610 on_time=0.9844 loss=-0.0026
INFO:  [DM] epoch 1504/6000 reward=1.5084 profit=0.5084 on_time=1.0000 loss=-0.0000
INFO:  [DM] epoch 1505/6000 reward=1.5682 profit=0.5682 on_time=1.0000 loss=-0.0000
INFO:  [DM] epoch 1506/6000 reward=1.4766 profit=0.4766 on_time=1.0000 loss=0.0000
INFO:  [DM] epoch 1507/6000 reward=1.4845 profit=0.4845 on_time=1.0000 loss=-0.0000
INFO:  [DM] epoch 1508/6000 reward=1.5206 profit=0.5206 on_time=1.0000 loss=-0.0000
INFO:  [DM] epoch 1509/6000 reward=1.5099 profit=0.5099 on_time=1.0000 loss=-0.0000
INFO:  [DM] epoch 1510/6000 reward=1.5485 profit=0.5485 on_time=1.0000 loss=-0.0000
INFO:  [DM] epoch 1511/6000 reward=1.5271 profit=0.5271 on_time=1.0000 loss=-0.0001
INFO:  [DM] epoch 1512/6000 reward=1.5162 profit=0.5162 on_time=1.0000 loss=-0.0000
INFO:  [DM] epoch 1513/6000 reward=1.5337 profit=0.5337 on_time=1.0000 loss=-0.0000
INFO:  [DM] epoch 1514/6000 reward=1.5059 profit=0.5059 on_time=1.0000 loss=-0.0000
INFO:  [DM] epoch 1515/6000 reward=1.5337 profit=0.5337 on_time=1.0000 loss=-0.0000
INFO:  [DM] epoch 1516/6000 reward=1.5042 profit=0.5042 on_time=1.0000 loss=-0.0000
INFO:  [DM] epoch 1517/6000 reward=1.5124 profit=0.5124 on_time=1.0000 loss=-0.0000
INFO:  [DM] epoch 1518/6000 reward=1.4861 profit=0.4861 on_time=1.0000 loss=-0.0000
INFO:  [DM] epoch 1519/6000 reward=1.5378 profit=0.5378 on_time=1.0000 loss=-0.0000
INFO:  [DM] epoch 1520/6000 reward=1.5004 profit=0.5160 on_time=0.9844 loss=-0.0025
INFO:  [DM] epoch 1521/6000 reward=1.4952 profit=0.4952 on_time=1.0000 loss=-0.0000
INFO:  [DM] epoch 1522/6000 reward=1.5483 profit=0.5483 on_time=1.0000 loss=-0.0000
INFO:  [DM] epoch 1523/6000 reward=1.5610 profit=0.5610 on_time=1.0000 loss=-0.0000
INFO:  [DM] epoch 1524/6000 reward=1.5532 profit=0.5532 on_time=1.0000 loss=-0.0000
INFO:  [DM] epoch 1525/6000 reward=1.5185 profit=0.5185 on_time=1.0000 loss=-0.0000
INFO:  [DM] epoch 1526/6000 reward=1.5496 profit=0.5496 on_time=1.0000 loss=-0.0000
INFO:  [DM] epoch 1527/6000 reward=1.5178 profit=0.5178 on_time=1.0000 loss=0.0000
INFO:  [DM] epoch 1528/6000 reward=1.5511 profit=0.5511 on_time=1.0000 loss=-0.0000
INFO:  [DM] epoch 1529/6000 reward=1.5005 profit=0.5005 on_time=1.0000 loss=-0.0000
INFO:  [DM] epoch 1530/6000 reward=1.5334 profit=0.5334 on_time=1.0000 loss=-0.0000
INFO:  [DM] epoch 1531/6000 reward=1.5001 profit=0.5001 on_time=1.0000 loss=0.0000
INFO:  [DM] epoch 1532/6000 reward=1.5157 profit=0.5157 on_time=1.0000 loss=-0.0000
INFO:  [DM] epoch 1533/6000 reward=1.4685 profit=0.4685 on_time=1.0000 loss=-0.0000
INFO:  [DM] epoch 1534/6000 reward=1.4915 profit=0.4915 on_time=1.0000 loss=-0.0000
INFO:  [DM] epoch 1535/6000 reward=1.5388 profit=0.5388 on_time=1.0000 loss=-0.0000
INFO:  [DM] epoch 1536/6000 reward=1.5553 profit=0.5553 on_time=1.0000 loss=0.0000
INFO:  [DM] epoch 1537/6000 reward=1.5018 profit=0.5018 on_time=1.0000 loss=0.0000
INFO:  [DM] epoch 1538/6000 reward=1.4662 profit=0.4818 on_time=0.9844 loss=-0.1111
INFO:  [DM] epoch 1539/6000 reward=1.5157 profit=0.5157 on_time=1.0000 loss=0.0000
INFO:  [DM] epoch 1540/6000 reward=1.4871 profit=0.4871 on_time=1.0000 loss=0.0000
INFO:  [DM] epoch 1541/6000 reward=1.5135 profit=0.5135 on_time=1.0000 loss=-0.0000
INFO:  [DM] epoch 1542/6000 reward=1.4937 profit=0.4937 on_time=1.0000 loss=-0.0000
INFO:  [DM] epoch 1543/6000 reward=1.5285 profit=0.5285 on_time=1.0000 loss=-0.0000
INFO:  [DM] epoch 1544/6000 reward=1.5263 profit=0.5263 on_time=1.0000 loss=-0.0000
INFO:  [DM] epoch 1545/6000 reward=1.5277 profit=0.5277 on_time=1.0000 loss=0.0000
INFO:  [DM] epoch 1546/6000 reward=1.5049 profit=0.5049 on_time=1.0000 loss=0.0000
INFO:  [DM] epoch 1547/6000 reward=1.5331 profit=0.5331 on_time=1.0000 loss=-0.0010
INFO:  [DM] epoch 1548/6000 reward=1.5323 profit=0.5323 on_time=1.0000 loss=-0.0000
INFO:  [DM] epoch 1549/6000 reward=1.5417 profit=0.5417 on_time=1.0000 loss=-0.0000
INFO:  [DM] epoch 1550/6000 reward=1.5466 profit=0.5623 on_time=0.9844 loss=-0.0002
INFO:  [DM] epoch 1551/6000 reward=1.5150 profit=0.5150 on_time=1.0000 loss=0.0000
INFO:  [DM] epoch 1552/6000 reward=1.5285 profit=0.5441 on_time=0.9844 loss=-0.0065
INFO:  [DM] epoch 1553/6000 reward=1.4428 profit=0.5053 on_time=0.9375 loss=-0.0429
INFO:  [DM] epoch 1554/6000 reward=1.4719 profit=0.5031 on_time=0.9688 loss=-0.0000
INFO:  [DM] epoch 1555/6000 reward=1.4310 profit=0.5091 on_time=0.9219 loss=-0.0044
INFO:  [DM] epoch 1556/6000 reward=1.3994 profit=0.5087 on_time=0.8906 loss=0.0016
INFO:  [DM] epoch 1557/6000 reward=1.4487 profit=0.5112 on_time=0.9375 loss=-0.0081
INFO:  [DM] epoch 1558/6000 reward=1.4957 profit=0.4957 on_time=1.0000 loss=0.0000
INFO:  [DM] epoch 1559/6000 reward=1.5119 profit=0.5275 on_time=0.9844 loss=0.0000
INFO:  [DM] epoch 1560/6000 reward=1.5147 profit=0.5304 on_time=0.9844 loss=-0.0004
INFO:  [DM] epoch 1561/6000 reward=1.5047 profit=0.5203 on_time=0.9844 loss=-0.0277
INFO:  [DM] epoch 1562/6000 reward=1.5117 profit=0.5117 on_time=1.0000 loss=0.0000
INFO:  [DM] epoch 1563/6000 reward=1.5395 profit=0.5395 on_time=1.0000 loss=0.0001
INFO:  [DM] epoch 1564/6000 reward=1.5212 profit=0.5369 on_time=0.9844 loss=-0.0018
INFO:  [DM] epoch 1565/6000 reward=1.5132 profit=0.5132 on_time=1.0000 loss=0.0001
INFO:  [DM] epoch 1566/6000 reward=1.5159 profit=0.5159 on_time=1.0000 loss=-0.0000
INFO:  [DM] epoch 1567/6000 reward=1.5088 profit=0.5088 on_time=1.0000 loss=0.0000
INFO:  [DM] epoch 1568/6000 reward=1.5034 profit=0.5034 on_time=1.0000 loss=-0.0002
INFO:  [DM] epoch 1569/6000 reward=1.5045 profit=0.5045 on_time=1.0000 loss=-0.0000
INFO:  [DM] epoch 1570/6000 reward=1.5011 profit=0.5011 on_time=1.0000 loss=-0.0000
INFO:  [DM] epoch 1571/6000 reward=1.5216 profit=0.5372 on_time=0.9844 loss=-0.0042
INFO:  [DM] epoch 1572/6000 reward=1.5345 profit=0.5345 on_time=1.0000 loss=0.0000
INFO:  [DM] epoch 1573/6000 reward=1.4901 profit=0.5058 on_time=0.9844 loss=-0.0000
INFO:  [DM] epoch 1574/6000 reward=1.5485 profit=0.5485 on_time=1.0000 loss=-0.0000
INFO:  [DM] epoch 1575/6000 reward=1.5170 profit=0.5170 on_time=1.0000 loss=-0.0000
INFO:  [DM] epoch 1576/6000 reward=1.5222 profit=0.5222 on_time=1.0000 loss=0.0000
INFO:  [DM] epoch 1577/6000 reward=1.5189 profit=0.5189 on_time=1.0000 loss=-0.0000
INFO:  [DM] epoch 1578/6000 reward=1.5391 profit=0.5391 on_time=1.0000 loss=-0.0000
INFO:  [DM] epoch 1579/6000 reward=1.5126 profit=0.5282 on_time=0.9844 loss=-0.0001
INFO:  [DM] epoch 1580/6000 reward=1.5759 profit=0.5759 on_time=1.0000 loss=-0.0010
INFO:  [DM] epoch 1581/6000 reward=1.5634 profit=0.5634 on_time=1.0000 loss=-0.0000
INFO:  [DM] epoch 1582/6000 reward=1.5039 profit=0.5039 on_time=1.0000 loss=0.0000
INFO:  [DM] epoch 1583/6000 reward=1.4989 profit=0.4989 on_time=1.0000 loss=0.0002
INFO:  [DM] epoch 1584/6000 reward=1.5257 profit=0.5413 on_time=0.9844 loss=-0.0005
INFO:  [DM] epoch 1585/6000 reward=1.5367 profit=0.5367 on_time=1.0000 loss=-0.0000
INFO:  [DM] epoch 1586/6000 reward=1.5293 profit=0.5293 on_time=1.0000 loss=0.0000
INFO:  [DM] epoch 1587/6000 reward=1.4972 profit=0.5129 on_time=0.9844 loss=-0.0001
INFO:  [DM] epoch 1588/6000 reward=1.5481 profit=0.5481 on_time=1.0000 loss=0.0000
INFO:  [DM] epoch 1589/6000 reward=1.5131 profit=0.5287 on_time=0.9844 loss=-0.0000
INFO:  [DM] epoch 1590/6000 reward=1.4624 profit=0.4780 on_time=0.9844 loss=-0.0316
INFO:  [DM] epoch 1591/6000 reward=1.5172 profit=0.5328 on_time=0.9844 loss=-0.0117
INFO:  [DM] epoch 1592/6000 reward=1.5206 profit=0.5206 on_time=1.0000 loss=-0.0000
INFO:  [DM] epoch 1593/6000 reward=1.5224 profit=0.5224 on_time=1.0000 loss=-0.0000
INFO:  [DM] epoch 1594/6000 reward=1.5244 profit=0.5244 on_time=1.0000 loss=-0.0000
INFO:  [DM] epoch 1595/6000 reward=1.4744 profit=0.4744 on_time=1.0000 loss=0.0000
INFO:  [DM] epoch 1596/6000 reward=1.5573 profit=0.5573 on_time=1.0000 loss=-0.0000
INFO:  [DM] epoch 1597/6000 reward=1.5014 profit=0.5014 on_time=1.0000 loss=-0.0000
INFO:  [DM] epoch 1598/6000 reward=1.4484 profit=0.4953 on_time=0.9531 loss=-0.0061
INFO:  [DM] epoch 1599/6000 reward=1.5067 profit=0.5223 on_time=0.9844 loss=-0.0156
INFO:  [DM] epoch 1600/6000 reward=1.5310 profit=0.5310 on_time=1.0000 loss=-0.0000
INFO:  [DM] epoch 1601/6000 reward=1.4838 profit=0.4838 on_time=1.0000 loss=-0.0000
INFO:  [DM] epoch 1602/6000 reward=1.5127 profit=0.5127 on_time=1.0000 loss=-0.0000
INFO:  [DM] epoch 1603/6000 reward=1.5091 profit=0.5091 on_time=1.0000 loss=-0.0000
INFO:  [DM] epoch 1604/6000 reward=1.4791 profit=0.4791 on_time=1.0000 loss=-0.0000
INFO:  [DM] epoch 1605/6000 reward=1.5359 profit=0.5359 on_time=1.0000 loss=-0.0000
INFO:  [DM] epoch 1606/6000 reward=1.4981 profit=0.4981 on_time=1.0000 loss=-0.0000
INFO:  [DM] epoch 1607/6000 reward=1.5167 profit=0.5167 on_time=1.0000 loss=-0.0000
INFO:  [DM] epoch 1608/6000 reward=1.5265 profit=0.5265 on_time=1.0000 loss=0.0000
INFO:  [DM] epoch 1609/6000 reward=1.5452 profit=0.5452 on_time=1.0000 loss=-0.0000
INFO:  [DM] epoch 1610/6000 reward=1.5079 profit=0.5079 on_time=1.0000 loss=-0.0002
INFO:  [DM] epoch 1611/6000 reward=1.5416 profit=0.5416 on_time=1.0000 loss=0.0000
INFO:  [DM] epoch 1612/6000 reward=1.5622 profit=0.5622 on_time=1.0000 loss=-0.0000
INFO:  [DM] epoch 1613/6000 reward=1.5176 profit=0.5176 on_time=1.0000 loss=-0.0000
INFO:  [DM] epoch 1614/6000 reward=1.4941 profit=0.4941 on_time=1.0000 loss=-0.0000
INFO:  [DM] epoch 1615/6000 reward=1.5571 profit=0.5571 on_time=1.0000 loss=-0.0000
INFO:  [DM] epoch 1616/6000 reward=1.5019 profit=0.5019 on_time=1.0000 loss=-0.0000
INFO:  [DM] epoch 1617/6000 reward=1.5267 profit=0.5267 on_time=1.0000 loss=-0.0000
INFO:  [DM] epoch 1618/6000 reward=1.5041 profit=0.5041 on_time=1.0000 loss=-0.0000
INFO:  [DM] epoch 1619/6000 reward=1.5420 profit=0.5420 on_time=1.0000 loss=0.0000
INFO:  [DM] epoch 1620/6000 reward=1.5166 profit=0.5166 on_time=1.0000 loss=0.0000
INFO:  [DM] epoch 1621/6000 reward=1.5132 profit=0.5132 on_time=1.0000 loss=0.0000
INFO:  [DM] epoch 1622/6000 reward=1.5196 profit=0.5196 on_time=1.0000 loss=0.0000
INFO:  [DM] epoch 1623/6000 reward=1.5762 profit=0.5762 on_time=1.0000 loss=-0.0004
INFO:  [DM] epoch 1624/6000 reward=1.5606 profit=0.5606 on_time=1.0000 loss=-0.0000
INFO:  [DM] epoch 1625/6000 reward=1.5860 profit=0.5860 on_time=1.0000 loss=0.0000
INFO:  [DM] epoch 1626/6000 reward=1.4790 profit=0.4946 on_time=0.9844 loss=-0.0000
INFO:  [DM] epoch 1627/6000 reward=1.4973 profit=0.4973 on_time=1.0000 loss=0.0000
INFO:  [DM] epoch 1628/6000 reward=1.5125 profit=0.5125 on_time=1.0000 loss=0.0000
INFO:  [DM] epoch 1629/6000 reward=1.5745 profit=0.5745 on_time=1.0000 loss=-0.0000
INFO:  [DM] epoch 1630/6000 reward=1.4983 profit=0.4983 on_time=1.0000 loss=-0.0000
INFO:  [DM] epoch 1631/6000 reward=1.4862 profit=0.4862 on_time=1.0000 loss=-0.0000
INFO:  [DM] epoch 1632/6000 reward=1.5516 profit=0.5516 on_time=1.0000 loss=0.0000
INFO:  [DM] epoch 1633/6000 reward=1.4942 profit=0.4942 on_time=1.0000 loss=-0.0010
INFO:  [DM] epoch 1634/6000 reward=1.5140 profit=0.5140 on_time=1.0000 loss=-0.0000
INFO:  [DM] epoch 1635/6000 reward=1.4851 profit=0.5007 on_time=0.9844 loss=-0.0001
INFO:  [DM] epoch 1636/6000 reward=1.4885 profit=0.5041 on_time=0.9844 loss=-0.0013
INFO:  [DM] epoch 1637/6000 reward=1.5231 profit=0.5231 on_time=1.0000 loss=-0.0000
INFO:  [DM] epoch 1638/6000 reward=1.5058 profit=0.5058 on_time=1.0000 loss=-0.0001
INFO:  [DM] epoch 1639/6000 reward=1.5342 profit=0.5342 on_time=1.0000 loss=-0.0000
INFO:  [DM] epoch 1640/6000 reward=1.5030 profit=0.5343 on_time=0.9688 loss=-0.0272
INFO:  [DM] epoch 1641/6000 reward=1.4855 profit=0.4855 on_time=1.0000 loss=0.0000
INFO:  [DM] epoch 1642/6000 reward=1.4889 profit=0.4889 on_time=1.0000 loss=-0.0002
INFO:  [DM] epoch 1643/6000 reward=1.5352 profit=0.5352 on_time=1.0000 loss=-0.0000
INFO:  [DM] epoch 1644/6000 reward=1.5385 profit=0.5385 on_time=1.0000 loss=-0.0000
INFO:  [DM] epoch 1645/6000 reward=1.4885 profit=0.4885 on_time=1.0000 loss=-0.0000
INFO:  [DM] epoch 1646/6000 reward=1.5242 profit=0.5242 on_time=1.0000 loss=-0.0000
INFO:  [DM] epoch 1647/6000 reward=1.5134 profit=0.5290 on_time=0.9844 loss=-0.0157
INFO:  [DM] epoch 1648/6000 reward=1.5626 profit=0.5626 on_time=1.0000 loss=-0.0000
INFO:  [DM] epoch 1649/6000 reward=1.5751 profit=0.5751 on_time=1.0000 loss=-0.0000
INFO:  [DM] epoch 1650/6000 reward=1.4679 profit=0.4679 on_time=1.0000 loss=0.0000
INFO:  [DM] epoch 1651/6000 reward=1.4771 profit=0.4771 on_time=1.0000 loss=-0.0000
INFO:  [DM] epoch 1652/6000 reward=1.5290 profit=0.5290 on_time=1.0000 loss=-0.0000
INFO:  [DM] epoch 1653/6000 reward=1.5438 profit=0.5438 on_time=1.0000 loss=0.0000
INFO:  [DM] epoch 1654/6000 reward=1.4945 profit=0.4945 on_time=1.0000 loss=-0.0000
INFO:  [DM] epoch 1655/6000 reward=1.5334 profit=0.5334 on_time=1.0000 loss=-0.0000
INFO:  [DM] epoch 1656/6000 reward=1.5293 profit=0.5293 on_time=1.0000 loss=-0.0000
INFO:  [DM] epoch 1657/6000 reward=1.5042 profit=0.5042 on_time=1.0000 loss=-0.0000
INFO:  [DM] epoch 1658/6000 reward=1.5063 profit=0.5220 on_time=0.9844 loss=-0.0063
INFO:  [DM] epoch 1659/6000 reward=1.5181 profit=0.5181 on_time=1.0000 loss=-0.0000
INFO:  [DM] epoch 1660/6000 reward=1.4877 profit=0.5033 on_time=0.9844 loss=-0.0024
INFO:  [DM] epoch 1661/6000 reward=1.5122 profit=0.5122 on_time=1.0000 loss=-0.0000
INFO:  [DM] epoch 1662/6000 reward=1.5202 profit=0.5358 on_time=0.9844 loss=-0.0053
INFO:  [DM] epoch 1663/6000 reward=1.5707 profit=0.5707 on_time=1.0000 loss=-0.0000
INFO:  [DM] epoch 1664/6000 reward=1.5059 profit=0.5059 on_time=1.0000 loss=-0.0000
INFO:  [DM] epoch 1665/6000 reward=1.5350 profit=0.5350 on_time=1.0000 loss=-0.0000
INFO:  [DM] epoch 1666/6000 reward=1.5305 profit=0.5305 on_time=1.0000 loss=-0.0000
INFO:  [DM] epoch 1667/6000 reward=1.5536 profit=0.5536 on_time=1.0000 loss=-0.0000
INFO:  [DM] epoch 1668/6000 reward=1.5190 profit=0.5190 on_time=1.0000 loss=-0.0000
INFO:  [DM] epoch 1669/6000 reward=1.5099 profit=0.5099 on_time=1.0000 loss=-0.0000
INFO:  [DM] epoch 1670/6000 reward=1.4633 profit=0.4789 on_time=0.9844 loss=-0.0032
INFO:  [DM] epoch 1671/6000 reward=1.4855 profit=0.4855 on_time=1.0000 loss=-0.0000
INFO:  [DM] epoch 1672/6000 reward=1.5397 profit=0.5397 on_time=1.0000 loss=-0.0000
INFO:  [DM] epoch 1673/6000 reward=1.5441 profit=0.5441 on_time=1.0000 loss=-0.0000
INFO:  [DM] epoch 1674/6000 reward=1.5994 profit=0.5994 on_time=1.0000 loss=-0.0000
INFO:  [DM] epoch 1675/6000 reward=1.5333 profit=0.5333 on_time=1.0000 loss=-0.0013
INFO:  [DM] epoch 1676/6000 reward=1.5071 profit=0.5071 on_time=1.0000 loss=0.0000
INFO:  [DM] epoch 1677/6000 reward=1.5235 profit=0.5235 on_time=1.0000 loss=-0.0000
INFO:  [DM] epoch 1678/6000 reward=1.5507 profit=0.5663 on_time=0.9844 loss=-0.0000
INFO:  [DM] epoch 1679/6000 reward=1.5209 profit=0.5209 on_time=1.0000 loss=0.0004
INFO:  [DM] epoch 1680/6000 reward=1.5174 profit=0.5174 on_time=1.0000 loss=-0.0000
INFO:  [DM] epoch 1681/6000 reward=1.5209 profit=0.5209 on_time=1.0000 loss=-0.0000
INFO:  [DM] epoch 1682/6000 reward=1.4652 profit=0.4652 on_time=1.0000 loss=-0.0000
INFO:  [DM] epoch 1683/6000 reward=1.5107 profit=0.5263 on_time=0.9844 loss=-0.0010
INFO:  [DM] epoch 1684/6000 reward=1.5422 profit=0.5422 on_time=1.0000 loss=-0.0000
INFO:  [DM] epoch 1685/6000 reward=1.4890 profit=0.5046 on_time=0.9844 loss=-0.0020
INFO:  [DM] epoch 1686/6000 reward=1.5454 profit=0.5454 on_time=1.0000 loss=-0.0000
INFO:  [DM] epoch 1687/6000 reward=1.4980 profit=0.4980 on_time=1.0000 loss=-0.0000
INFO:  [DM] epoch 1688/6000 reward=1.5345 profit=0.5345 on_time=1.0000 loss=-0.0000
INFO:  [DM] epoch 1689/6000 reward=1.5206 profit=0.5206 on_time=1.0000 loss=-0.0000
INFO:  [DM] epoch 1690/6000 reward=1.5336 profit=0.5336 on_time=1.0000 loss=-0.0000
INFO:  [DM] epoch 1691/6000 reward=1.5186 profit=0.5186 on_time=1.0000 loss=-0.0000
INFO:  [DM] epoch 1692/6000 reward=1.5109 profit=0.5109 on_time=1.0000 loss=-0.0000
INFO:  [DM] epoch 1693/6000 reward=1.5475 profit=0.5475 on_time=1.0000 loss=-0.0000
INFO:  [DM] epoch 1694/6000 reward=1.5229 profit=0.5229 on_time=1.0000 loss=-0.0000
INFO:  [DM] epoch 1695/6000 reward=1.4810 profit=0.4810 on_time=1.0000 loss=-0.0000
INFO:  [DM] epoch 1696/6000 reward=1.5281 profit=0.5281 on_time=1.0000 loss=-0.0000
INFO:  [DM] epoch 1697/6000 reward=1.5058 profit=0.5058 on_time=1.0000 loss=-0.0000
INFO:  [DM] epoch 1698/6000 reward=1.5387 profit=0.5387 on_time=1.0000 loss=-0.0000
INFO:  [DM] epoch 1699/6000 reward=1.5190 profit=0.5190 on_time=1.0000 loss=-0.0000
INFO:  [DM] epoch 1700/6000 reward=1.5336 profit=0.5336 on_time=1.0000 loss=-0.0000
INFO:  [DM] epoch 1701/6000 reward=1.5088 profit=0.5088 on_time=1.0000 loss=-0.0000
INFO:  [DM] epoch 1702/6000 reward=1.5178 profit=0.5178 on_time=1.0000 loss=-0.0000
INFO:  [DM] epoch 1703/6000 reward=1.5354 profit=0.5354 on_time=1.0000 loss=-0.0000
INFO:  [DM] epoch 1704/6000 reward=1.4862 profit=0.4862 on_time=1.0000 loss=-0.0000
INFO:  [DM] epoch 1705/6000 reward=1.5091 profit=0.5091 on_time=1.0000 loss=-0.0000
INFO:  [DM] epoch 1706/6000 reward=1.5363 profit=0.5363 on_time=1.0000 loss=-0.0000
INFO:  [DM] epoch 1707/6000 reward=1.5235 profit=0.5235 on_time=1.0000 loss=-0.0000
INFO:  [DM] epoch 1708/6000 reward=1.5225 profit=0.5225 on_time=1.0000 loss=-0.0000
INFO:  [DM] epoch 1709/6000 reward=1.4902 profit=0.4902 on_time=1.0000 loss=-0.0000
INFO:  [DM] epoch 1710/6000 reward=1.5106 profit=0.5106 on_time=1.0000 loss=-0.0000
INFO:  [DM] epoch 1711/6000 reward=1.5435 profit=0.5435 on_time=1.0000 loss=-0.0000
INFO:  [DM] epoch 1712/6000 reward=1.5474 profit=0.5474 on_time=1.0000 loss=-0.0000
INFO:  [DM] epoch 1713/6000 reward=1.4891 profit=0.5047 on_time=0.9844 loss=-0.0134
INFO:  [DM] epoch 1714/6000 reward=1.5383 profit=0.5383 on_time=1.0000 loss=-0.0000
INFO:  [DM] epoch 1715/6000 reward=1.5501 profit=0.5501 on_time=1.0000 loss=-0.0000
INFO:  [DM] epoch 1716/6000 reward=1.5023 profit=0.5023 on_time=1.0000 loss=-0.0000
INFO:  [DM] epoch 1717/6000 reward=1.5113 profit=0.5113 on_time=1.0000 loss=-0.0000
INFO:  [DM] epoch 1718/6000 reward=1.5416 profit=0.5416 on_time=1.0000 loss=-0.0000
INFO:  [DM] epoch 1719/6000 reward=1.4994 profit=0.4994 on_time=1.0000 loss=0.0000
INFO:  [DM] epoch 1720/6000 reward=1.4608 profit=0.4608 on_time=1.0000 loss=-0.0000
INFO:  [DM] epoch 1721/6000 reward=1.5567 profit=0.5567 on_time=1.0000 loss=-0.0000
INFO:  [DM] epoch 1722/6000 reward=1.5312 profit=0.5469 on_time=0.9844 loss=-0.0020
INFO:  [DM] epoch 1723/6000 reward=1.5347 profit=0.5347 on_time=1.0000 loss=-0.0000
INFO:  [DM] epoch 1724/6000 reward=1.4884 profit=0.4884 on_time=1.0000 loss=0.0000
INFO:  [DM] epoch 1725/6000 reward=1.4884 profit=0.4884 on_time=1.0000 loss=-0.0000
INFO:  [DM] epoch 1726/6000 reward=1.4853 profit=0.4853 on_time=1.0000 loss=0.0000
INFO:  [DM] epoch 1727/6000 reward=1.5098 profit=0.5098 on_time=1.0000 loss=-0.0000
INFO:  [DM] epoch 1728/6000 reward=1.5023 profit=0.5023 on_time=1.0000 loss=-0.0000
INFO:  [DM] epoch 1729/6000 reward=1.5004 profit=0.5004 on_time=1.0000 loss=-0.0000
INFO:  [DM] epoch 1730/6000 reward=1.5208 profit=0.5208 on_time=1.0000 loss=-0.0000
INFO:  [DM] epoch 1731/6000 reward=1.5288 profit=0.5288 on_time=1.0000 loss=-0.0000
INFO:  [DM] epoch 1732/6000 reward=1.5475 profit=0.5475 on_time=1.0000 loss=-0.0000
INFO:  [DM] epoch 1733/6000 reward=1.5172 profit=0.5172 on_time=1.0000 loss=0.0000
INFO:  [DM] epoch 1734/6000 reward=1.5214 profit=0.5214 on_time=1.0000 loss=-0.0000
INFO:  [DM] epoch 1735/6000 reward=1.5069 profit=0.5069 on_time=1.0000 loss=0.0000
INFO:  [DM] epoch 1736/6000 reward=1.5416 profit=0.5416 on_time=1.0000 loss=-0.0000
INFO:  [DM] epoch 1737/6000 reward=1.5340 profit=0.5340 on_time=1.0000 loss=0.0000
INFO:  [DM] epoch 1738/6000 reward=1.5032 profit=0.5032 on_time=1.0000 loss=0.0000
INFO:  [DM] epoch 1739/6000 reward=1.4965 profit=0.4965 on_time=1.0000 loss=0.0000
INFO:  [DM] epoch 1740/6000 reward=1.5001 profit=0.5001 on_time=1.0000 loss=-0.0000
INFO:  [DM] epoch 1741/6000 reward=1.5222 profit=0.5378 on_time=0.9844 loss=-0.0230
INFO:  [DM] epoch 1742/6000 reward=1.4912 profit=0.4912 on_time=1.0000 loss=-0.0000
INFO:  [DM] epoch 1743/6000 reward=1.5412 profit=0.5412 on_time=1.0000 loss=-0.0000
INFO:  [DM] epoch 1744/6000 reward=1.4936 profit=0.4936 on_time=1.0000 loss=-0.0000
INFO:  [DM] epoch 1745/6000 reward=1.4911 profit=0.4911 on_time=1.0000 loss=-0.0000
INFO:  [DM] epoch 1746/6000 reward=1.5370 profit=0.5370 on_time=1.0000 loss=-0.0000
INFO:  [DM] epoch 1747/6000 reward=1.5006 profit=0.5006 on_time=1.0000 loss=-0.0000
INFO:  [DM] epoch 1748/6000 reward=1.5002 profit=0.5002 on_time=1.0000 loss=-0.0000
INFO:  [DM] epoch 1749/6000 reward=1.5091 profit=0.5091 on_time=1.0000 loss=-0.0000
INFO:  [DM] epoch 1750/6000 reward=1.4964 profit=0.4964 on_time=1.0000 loss=-0.0000
INFO:  [DM] epoch 1751/6000 reward=1.4902 profit=0.4902 on_time=1.0000 loss=-0.0000
INFO:  [DM] epoch 1752/6000 reward=1.5342 profit=0.5342 on_time=1.0000 loss=-0.0000
INFO:  [DM] epoch 1753/6000 reward=1.4843 profit=0.4843 on_time=1.0000 loss=-0.0000
INFO:  [DM] epoch 1754/6000 reward=1.4727 profit=0.4727 on_time=1.0000 loss=0.0000
INFO:  [DM] epoch 1755/6000 reward=1.4812 profit=0.4812 on_time=1.0000 loss=-0.0000
INFO:  [DM] epoch 1756/6000 reward=1.4974 profit=0.4974 on_time=1.0000 loss=-0.0000
INFO:  [DM] epoch 1757/6000 reward=1.5526 profit=0.5526 on_time=1.0000 loss=-0.0000
INFO:  [DM] epoch 1758/6000 reward=1.5219 profit=0.5219 on_time=1.0000 loss=-0.0001
INFO:  [DM] epoch 1759/6000 reward=1.5380 profit=0.5380 on_time=1.0000 loss=-0.0000
INFO:  [DM] epoch 1760/6000 reward=1.5001 profit=0.5001 on_time=1.0000 loss=-0.0000
INFO:  [DM] epoch 1761/6000 reward=1.5218 profit=0.5218 on_time=1.0000 loss=-0.0004
INFO:  [DM] epoch 1762/6000 reward=1.5027 profit=0.5184 on_time=0.9844 loss=-0.0046
INFO:  [DM] epoch 1763/6000 reward=1.4458 profit=0.4458 on_time=1.0000 loss=0.0000
INFO:  [DM] epoch 1764/6000 reward=1.5325 profit=0.5325 on_time=1.0000 loss=-0.0000
INFO:  [DM] epoch 1765/6000 reward=1.5030 profit=0.5030 on_time=1.0000 loss=-0.0000
INFO:  [DM] epoch 1766/6000 reward=1.4877 profit=0.4877 on_time=1.0000 loss=-0.0000
INFO:  [DM] epoch 1767/6000 reward=1.5445 profit=0.5445 on_time=1.0000 loss=-0.0000
INFO:  [DM] epoch 1768/6000 reward=1.5364 profit=0.5364 on_time=1.0000 loss=-0.0000
INFO:  [DM] epoch 1769/6000 reward=1.5150 profit=0.5150 on_time=1.0000 loss=-0.0000
INFO:  [DM] epoch 1770/6000 reward=1.5802 profit=0.5802 on_time=1.0000 loss=-0.0000
INFO:  [DM] epoch 1771/6000 reward=1.5295 profit=0.5295 on_time=1.0000 loss=-0.0000
INFO:  [DM] epoch 1772/6000 reward=1.5125 profit=0.5125 on_time=1.0000 loss=-0.0000
INFO:  [DM] epoch 1773/6000 reward=1.5322 profit=0.5322 on_time=1.0000 loss=0.0000
INFO:  [DM] epoch 1774/6000 reward=1.5053 profit=0.5053 on_time=1.0000 loss=-0.0000
INFO:  [DM] epoch 1775/6000 reward=1.5399 profit=0.5399 on_time=1.0000 loss=-0.0000
INFO:  [DM] epoch 1776/6000 reward=1.5321 profit=0.5321 on_time=1.0000 loss=-0.0000
INFO:  [DM] epoch 1777/6000 reward=1.5359 profit=0.5359 on_time=1.0000 loss=-0.0000
INFO:  [DM] epoch 1778/6000 reward=1.4941 profit=0.5097 on_time=0.9844 loss=-0.0016
INFO:  [DM] epoch 1779/6000 reward=1.4962 profit=0.4962 on_time=1.0000 loss=-0.0000
INFO:  [DM] epoch 1780/6000 reward=1.5609 profit=0.5609 on_time=1.0000 loss=-0.0000
INFO:  [DM] epoch 1781/6000 reward=1.5116 profit=0.5116 on_time=1.0000 loss=-0.0000
INFO:  [DM] epoch 1782/6000 reward=1.5203 profit=0.5203 on_time=1.0000 loss=-0.0000
INFO:  [DM] epoch 1783/6000 reward=1.5005 profit=0.5005 on_time=1.0000 loss=-0.0000
INFO:  [DM] epoch 1784/6000 reward=1.5702 profit=0.5702 on_time=1.0000 loss=-0.0000
INFO:  [DM] epoch 1785/6000 reward=1.4957 profit=0.4957 on_time=1.0000 loss=0.0000
INFO:  [DM] epoch 1786/6000 reward=1.5370 profit=0.5370 on_time=1.0000 loss=-0.0000
INFO:  [DM] epoch 1787/6000 reward=1.5066 profit=0.5066 on_time=1.0000 loss=-0.0000
INFO:  [DM] epoch 1788/6000 reward=1.5294 profit=0.5294 on_time=1.0000 loss=-0.0000
INFO:  [DM] epoch 1789/6000 reward=1.5364 profit=0.5364 on_time=1.0000 loss=-0.0000
INFO:  [DM] epoch 1790/6000 reward=1.4817 profit=0.4817 on_time=1.0000 loss=-0.0000
INFO:  [DM] epoch 1791/6000 reward=1.5027 profit=0.5027 on_time=1.0000 loss=-0.0000
INFO:  [DM] epoch 1792/6000 reward=1.5355 profit=0.5355 on_time=1.0000 loss=-0.0000
INFO:  [DM] epoch 1793/6000 reward=1.5077 profit=0.5077 on_time=1.0000 loss=-0.0000
INFO:  [DM] epoch 1794/6000 reward=1.5363 profit=0.5363 on_time=1.0000 loss=0.0000
INFO:  [DM] epoch 1795/6000 reward=1.5393 profit=0.5393 on_time=1.0000 loss=-0.0000
INFO:  [DM] epoch 1796/6000 reward=1.5031 profit=0.5031 on_time=1.0000 loss=-0.0000
INFO:  [DM] epoch 1797/6000 reward=1.4855 profit=0.4855 on_time=1.0000 loss=-0.0000
INFO:  [DM] epoch 1798/6000 reward=1.5520 profit=0.5520 on_time=1.0000 loss=-0.0000
INFO:  [DM] epoch 1799/6000 reward=1.5318 profit=0.5318 on_time=1.0000 loss=-0.0000
INFO:  [DM] epoch 1800/6000 reward=1.5346 profit=0.5346 on_time=1.0000 loss=-0.0000
INFO:  [DM] epoch 1801/6000 reward=1.5270 profit=0.5270 on_time=1.0000 loss=-0.0000
INFO:  [DM] epoch 1802/6000 reward=1.5246 profit=0.5246 on_time=1.0000 loss=-0.0000
INFO:  [DM] epoch 1803/6000 reward=1.5074 profit=0.5074 on_time=1.0000 loss=-0.0000
INFO:  [DM] epoch 1804/6000 reward=1.5614 profit=0.5614 on_time=1.0000 loss=-0.0000
INFO:  [DM] epoch 1805/6000 reward=1.5335 profit=0.5335 on_time=1.0000 loss=-0.0000
INFO:  [DM] epoch 1806/6000 reward=1.5019 profit=0.5019 on_time=1.0000 loss=-0.0001
INFO:  [DM] epoch 1807/6000 reward=1.5251 profit=0.5251 on_time=1.0000 loss=-0.0000
INFO:  [DM] epoch 1808/6000 reward=1.4949 profit=0.4949 on_time=1.0000 loss=0.0006
INFO:  [DM] epoch 1809/6000 reward=1.4935 profit=0.4935 on_time=1.0000 loss=-0.0000
INFO:  [DM] epoch 1810/6000 reward=1.5470 profit=0.5470 on_time=1.0000 loss=-0.0000
INFO:  [DM] epoch 1811/6000 reward=1.4891 profit=0.4891 on_time=1.0000 loss=0.0000
INFO:  [DM] epoch 1812/6000 reward=1.5548 profit=0.5548 on_time=1.0000 loss=0.0000
INFO:  [DM] epoch 1813/6000 reward=1.4680 profit=0.4680 on_time=1.0000 loss=-0.0000
INFO:  [DM] epoch 1814/6000 reward=1.4764 profit=0.4764 on_time=1.0000 loss=-0.0000
INFO:  [DM] epoch 1815/6000 reward=1.5133 profit=0.5133 on_time=1.0000 loss=-0.0000
INFO:  [DM] epoch 1816/6000 reward=1.5511 profit=0.5511 on_time=1.0000 loss=-0.0000
INFO:  [DM] epoch 1817/6000 reward=1.5736 profit=0.5736 on_time=1.0000 loss=-0.0000
INFO:  [DM] epoch 1818/6000 reward=1.4957 profit=0.4957 on_time=1.0000 loss=-0.0000
INFO:  [DM] epoch 1819/6000 reward=1.5223 profit=0.5223 on_time=1.0000 loss=-0.0000
INFO:  [DM] epoch 1820/6000 reward=1.5284 profit=0.5284 on_time=1.0000 loss=-0.0000
INFO:  [DM] epoch 1821/6000 reward=1.5201 profit=0.5201 on_time=1.0000 loss=0.0000
INFO:  [DM] epoch 1822/6000 reward=1.4804 profit=0.4804 on_time=1.0000 loss=-0.0000
INFO:  [DM] epoch 1823/6000 reward=1.5124 profit=0.5124 on_time=1.0000 loss=0.0000
INFO:  [DM] epoch 1824/6000 reward=1.4966 profit=0.4966 on_time=1.0000 loss=-0.0000
INFO:  [DM] epoch 1825/6000 reward=1.5095 profit=0.5095 on_time=1.0000 loss=0.0000
INFO:  [DM] epoch 1826/6000 reward=1.4913 profit=0.4913 on_time=1.0000 loss=-0.0000
INFO:  [DM] epoch 1827/6000 reward=1.5486 profit=0.5486 on_time=1.0000 loss=-0.0000
INFO:  [DM] epoch 1828/6000 reward=1.5037 profit=0.5037 on_time=1.0000 loss=-0.0000
INFO:  [DM] epoch 1829/6000 reward=1.4976 profit=0.4976 on_time=1.0000 loss=-0.0000
INFO:  [DM] epoch 1830/6000 reward=1.5100 profit=0.5100 on_time=1.0000 loss=-0.0000
INFO:  [DM] epoch 1831/6000 reward=1.4874 profit=0.4874 on_time=1.0000 loss=-0.0000
INFO:  [DM] epoch 1832/6000 reward=1.4928 profit=0.4928 on_time=1.0000 loss=-0.0000
INFO:  [DM] epoch 1833/6000 reward=1.5638 profit=0.5638 on_time=1.0000 loss=-0.0000
INFO:  [DM] epoch 1834/6000 reward=1.5307 profit=0.5307 on_time=1.0000 loss=-0.0000
INFO:  [DM] epoch 1835/6000 reward=1.5265 profit=0.5265 on_time=1.0000 loss=0.0000
INFO:  [DM] epoch 1836/6000 reward=1.4674 profit=0.4674 on_time=1.0000 loss=-0.0000
INFO:  [DM] epoch 1837/6000 reward=1.5521 profit=0.5521 on_time=1.0000 loss=-0.0000
INFO:  [DM] epoch 1838/6000 reward=1.5523 profit=0.5523 on_time=1.0000 loss=-0.0000
INFO:  [DM] epoch 1839/6000 reward=1.4801 profit=0.4801 on_time=1.0000 loss=-0.0000
INFO:  [DM] epoch 1840/6000 reward=1.5264 profit=0.5264 on_time=1.0000 loss=-0.0000
INFO:  [DM] epoch 1841/6000 reward=1.5311 profit=0.5311 on_time=1.0000 loss=-0.0000
INFO:  [DM] epoch 1842/6000 reward=1.5542 profit=0.5542 on_time=1.0000 loss=-0.0000
INFO:  [DM] epoch 1843/6000 reward=1.5409 profit=0.5409 on_time=1.0000 loss=0.0000
INFO:  [DM] epoch 1844/6000 reward=1.5380 profit=0.5380 on_time=1.0000 loss=-0.0000
INFO:  [DM] epoch 1845/6000 reward=1.5380 profit=0.5380 on_time=1.0000 loss=-0.0000
INFO:  [DM] epoch 1846/6000 reward=1.5370 profit=0.5370 on_time=1.0000 loss=-0.0000
INFO:  [DM] epoch 1847/6000 reward=1.4693 profit=0.4693 on_time=1.0000 loss=-0.0000
INFO:  [DM] epoch 1848/6000 reward=1.5508 profit=0.5508 on_time=1.0000 loss=-0.0000
INFO:  [DM] epoch 1849/6000 reward=1.5104 profit=0.5104 on_time=1.0000 loss=-0.0000
INFO:  [DM] epoch 1850/6000 reward=1.4658 profit=0.4814 on_time=0.9844 loss=-0.0446
INFO:  [DM] epoch 1851/6000 reward=1.5290 profit=0.5290 on_time=1.0000 loss=-0.0000
INFO:  [DM] epoch 1852/6000 reward=1.5597 profit=0.5597 on_time=1.0000 loss=-0.0000
INFO:  [DM] epoch 1853/6000 reward=1.5170 profit=0.5170 on_time=1.0000 loss=-0.0000
INFO:  [DM] epoch 1854/6000 reward=1.5077 profit=0.5077 on_time=1.0000 loss=0.0000
INFO:  [DM] epoch 1855/6000 reward=1.5472 profit=0.5472 on_time=1.0000 loss=-0.0000
INFO:  [DM] epoch 1856/6000 reward=1.5730 profit=0.5730 on_time=1.0000 loss=-0.0000
INFO:  [DM] epoch 1857/6000 reward=1.5339 profit=0.5339 on_time=1.0000 loss=-0.0020
INFO:  [DM] epoch 1858/6000 reward=1.5258 profit=0.5415 on_time=0.9844 loss=-0.0039
INFO:  [DM] epoch 1859/6000 reward=1.4561 profit=0.4874 on_time=0.9688 loss=-0.0146
INFO:  [DM] epoch 1860/6000 reward=1.5523 profit=0.5523 on_time=1.0000 loss=0.0000
INFO:  [DM] epoch 1861/6000 reward=1.4989 profit=0.5302 on_time=0.9688 loss=-0.0019
INFO:  [DM] epoch 1862/6000 reward=1.5004 profit=0.5160 on_time=0.9844 loss=-0.0000
INFO:  [DM] epoch 1863/6000 reward=1.5433 profit=0.5589 on_time=0.9844 loss=-0.0000
INFO:  [DM] epoch 1864/6000 reward=1.5147 profit=0.5147 on_time=1.0000 loss=-0.0000
INFO:  [DM] epoch 1865/6000 reward=1.5298 profit=0.5298 on_time=1.0000 loss=-0.0000
INFO:  [DM] epoch 1866/6000 reward=1.5563 profit=0.5563 on_time=1.0000 loss=0.0000
INFO:  [DM] epoch 1867/6000 reward=1.5252 profit=0.5252 on_time=1.0000 loss=0.0000
INFO:  [DM] epoch 1868/6000 reward=1.5105 profit=0.5262 on_time=0.9844 loss=-0.0136
INFO:  [DM] epoch 1869/6000 reward=1.5177 profit=0.5333 on_time=0.9844 loss=-0.1357
INFO:  [DM] epoch 1870/6000 reward=1.5070 profit=0.5070 on_time=1.0000 loss=0.0000
INFO:  [DM] epoch 1871/6000 reward=1.4924 profit=0.4924 on_time=1.0000 loss=-0.0000
INFO:  [DM] epoch 1872/6000 reward=1.5415 profit=0.5415 on_time=1.0000 loss=-0.0000
INFO:  [DM] epoch 1873/6000 reward=1.5273 profit=0.5273 on_time=1.0000 loss=-0.0000
INFO:  [DM] epoch 1874/6000 reward=1.4981 profit=0.4981 on_time=1.0000 loss=0.0000
INFO:  [DM] epoch 1875/6000 reward=1.4892 profit=0.4892 on_time=1.0000 loss=0.0007
INFO:  [DM] epoch 1876/6000 reward=1.5278 profit=0.5278 on_time=1.0000 loss=0.0000
INFO:  [DM] epoch 1877/6000 reward=1.5187 profit=0.5187 on_time=1.0000 loss=0.0000
INFO:  [DM] epoch 1878/6000 reward=1.5128 profit=0.5128 on_time=1.0000 loss=-0.0000
INFO:  [DM] epoch 1879/6000 reward=1.5621 profit=0.5621 on_time=1.0000 loss=0.0002
INFO:  [DM] epoch 1880/6000 reward=1.4852 profit=0.5008 on_time=0.9844 loss=-0.0188
INFO:  [DM] epoch 1881/6000 reward=1.5580 profit=0.5580 on_time=1.0000 loss=-0.0006
INFO:  [DM] epoch 1882/6000 reward=1.4395 profit=0.4864 on_time=0.9531 loss=-0.0774
INFO:  [DM] epoch 1883/6000 reward=1.4929 profit=0.4929 on_time=1.0000 loss=-0.0000
INFO:  [DM] epoch 1884/6000 reward=1.5111 profit=0.5268 on_time=0.9844 loss=-0.0180
INFO:  [DM] epoch 1885/6000 reward=1.5175 profit=0.5175 on_time=1.0000 loss=0.0000
INFO:  [DM] epoch 1886/6000 reward=1.5464 profit=0.5464 on_time=1.0000 loss=-0.0000
INFO:  [DM] epoch 1887/6000 reward=1.5206 profit=0.5362 on_time=0.9844 loss=-0.0002
INFO:  [DM] epoch 1888/6000 reward=1.5653 profit=0.5653 on_time=1.0000 loss=-0.0000
INFO:  [DM] epoch 1889/6000 reward=1.5241 profit=0.5241 on_time=1.0000 loss=-0.0007
INFO:  [DM] epoch 1890/6000 reward=1.4925 profit=0.5081 on_time=0.9844 loss=-0.0029
INFO:  [DM] epoch 1891/6000 reward=1.4909 profit=0.5065 on_time=0.9844 loss=-0.0178
INFO:  [DM] epoch 1892/6000 reward=1.4854 profit=0.5011 on_time=0.9844 loss=-0.0036
INFO:  [DM] epoch 1893/6000 reward=1.5038 profit=0.5038 on_time=1.0000 loss=-0.0000
INFO:  [DM] epoch 1894/6000 reward=1.5588 profit=0.5588 on_time=1.0000 loss=-0.0000
INFO:  [DM] epoch 1895/6000 reward=1.5130 profit=0.5130 on_time=1.0000 loss=-0.0000
INFO:  [DM] epoch 1896/6000 reward=1.5268 profit=0.5268 on_time=1.0000 loss=0.0000
INFO:  [DM] epoch 1897/6000 reward=1.5676 profit=0.5676 on_time=1.0000 loss=-0.0000
INFO:  [DM] epoch 1898/6000 reward=1.4902 profit=0.4902 on_time=1.0000 loss=0.0000
INFO:  [DM] epoch 1899/6000 reward=1.5138 profit=0.5138 on_time=1.0000 loss=-0.0000
INFO:  [DM] epoch 1900/6000 reward=1.5054 profit=0.5054 on_time=1.0000 loss=-0.0000
INFO:  [DM] epoch 1901/6000 reward=1.5092 profit=0.5092 on_time=1.0000 loss=0.0000
INFO:  [DM] epoch 1902/6000 reward=1.4665 profit=0.4822 on_time=0.9844 loss=-0.0001
INFO:  [DM] epoch 1903/6000 reward=1.5379 profit=0.5535 on_time=0.9844 loss=-0.0019
INFO:  [DM] epoch 1904/6000 reward=1.5480 profit=0.5480 on_time=1.0000 loss=-0.0000
INFO:  [DM] epoch 1905/6000 reward=1.5393 profit=0.5393 on_time=1.0000 loss=-0.0000
INFO:  [DM] epoch 1906/6000 reward=1.4887 profit=0.4887 on_time=1.0000 loss=-0.0000
INFO:  [DM] epoch 1907/6000 reward=1.5094 profit=0.5251 on_time=0.9844 loss=-0.0068
INFO:  [DM] epoch 1908/6000 reward=1.5196 profit=0.5196 on_time=1.0000 loss=-0.0000
INFO:  [DM] epoch 1909/6000 reward=1.5798 profit=0.5798 on_time=1.0000 loss=-0.0000
INFO:  [DM] epoch 1910/6000 reward=1.5279 profit=0.5279 on_time=1.0000 loss=-0.0000
INFO:  [DM] epoch 1911/6000 reward=1.5249 profit=0.5249 on_time=1.0000 loss=-0.0000
INFO:  [DM] epoch 1912/6000 reward=1.5290 profit=0.5290 on_time=1.0000 loss=-0.0000
INFO:  [DM] epoch 1913/6000 reward=1.5460 profit=0.5460 on_time=1.0000 loss=0.0000
INFO:  [DM] epoch 1914/6000 reward=1.5434 profit=0.5434 on_time=1.0000 loss=-0.0000
INFO:  [DM] epoch 1915/6000 reward=1.5054 profit=0.5054 on_time=1.0000 loss=-0.0000
INFO:  [DM] epoch 1916/6000 reward=1.5488 profit=0.5488 on_time=1.0000 loss=-0.0000
INFO:  [DM] epoch 1917/6000 reward=1.5180 profit=0.5180 on_time=1.0000 loss=-0.0000
INFO:  [DM] epoch 1918/6000 reward=1.4705 profit=0.4705 on_time=1.0000 loss=-0.0000
INFO:  [DM] epoch 1919/6000 reward=1.4991 profit=0.4991 on_time=1.0000 loss=-0.0000
INFO:  [DM] epoch 1920/6000 reward=1.5833 profit=0.5833 on_time=1.0000 loss=-0.0024
INFO:  [DM] epoch 1921/6000 reward=1.5172 profit=0.5172 on_time=1.0000 loss=-0.0000
INFO:  [DM] epoch 1922/6000 reward=1.4812 profit=0.4969 on_time=0.9844 loss=-0.0000
INFO:  [DM] epoch 1923/6000 reward=1.4950 profit=0.4950 on_time=1.0000 loss=-0.0000
INFO:  [DM] epoch 1924/6000 reward=1.5082 profit=0.5082 on_time=1.0000 loss=0.0000
INFO:  [DM] epoch 1925/6000 reward=1.4670 profit=0.4670 on_time=1.0000 loss=-0.0000
INFO:  [DM] epoch 1926/6000 reward=1.5066 profit=0.5066 on_time=1.0000 loss=-0.0000
INFO:  [DM] epoch 1927/6000 reward=1.5059 profit=0.5059 on_time=1.0000 loss=-0.0000
INFO:  [DM] epoch 1928/6000 reward=1.4842 profit=0.4842 on_time=1.0000 loss=0.0000
INFO:  [DM] epoch 1929/6000 reward=1.5576 profit=0.5576 on_time=1.0000 loss=-0.0000
INFO:  [DM] epoch 1930/6000 reward=1.4524 profit=0.4837 on_time=0.9688 loss=-0.0031
INFO:  [DM] epoch 1931/6000 reward=1.5105 profit=0.5105 on_time=1.0000 loss=-0.0000
INFO:  [DM] epoch 1932/6000 reward=1.5450 profit=0.5450 on_time=1.0000 loss=0.0000
INFO:  [DM] epoch 1933/6000 reward=1.5242 profit=0.5242 on_time=1.0000 loss=0.0000
INFO:  [DM] epoch 1934/6000 reward=1.5238 profit=0.5394 on_time=0.9844 loss=-0.0000
INFO:  [DM] epoch 1935/6000 reward=1.4884 profit=0.5041 on_time=0.9844 loss=0.0000
INFO:  [DM] epoch 1936/6000 reward=1.5549 profit=0.5705 on_time=0.9844 loss=-0.0001
INFO:  [DM] epoch 1937/6000 reward=1.5142 profit=0.5142 on_time=1.0000 loss=0.0000
INFO:  [DM] epoch 1938/6000 reward=1.5316 profit=0.5472 on_time=0.9844 loss=-0.0001
INFO:  [DM] epoch 1939/6000 reward=1.4891 profit=0.4891 on_time=1.0000 loss=-0.0000
INFO:  [DM] epoch 1940/6000 reward=1.4782 profit=0.4782 on_time=1.0000 loss=0.0000
INFO:  [DM] epoch 1941/6000 reward=1.5286 profit=0.5598 on_time=0.9688 loss=-0.0383
INFO:  [DM] epoch 1942/6000 reward=1.5238 profit=0.5238 on_time=1.0000 loss=-0.0000
INFO:  [DM] epoch 1943/6000 reward=1.5639 profit=0.5639 on_time=1.0000 loss=-0.0001
INFO:  [DM] epoch 1944/6000 reward=1.5255 profit=0.5255 on_time=1.0000 loss=-0.0000
INFO:  [DM] epoch 1945/6000 reward=1.5595 profit=0.5595 on_time=1.0000 loss=-0.0000
INFO:  [DM] epoch 1946/6000 reward=1.5286 profit=0.5286 on_time=1.0000 loss=0.0000
INFO:  [DM] epoch 1947/6000 reward=1.5551 profit=0.5551 on_time=1.0000 loss=-0.0000
INFO:  [DM] epoch 1948/6000 reward=1.4990 profit=0.4990 on_time=1.0000 loss=-0.0000
INFO:  [DM] epoch 1949/6000 reward=1.5012 profit=0.5012 on_time=1.0000 loss=-0.0000
INFO:  [DM] epoch 1950/6000 reward=1.5161 profit=0.5161 on_time=1.0000 loss=-0.0000
INFO:  [DM] epoch 1951/6000 reward=1.5229 profit=0.5229 on_time=1.0000 loss=0.0000
INFO:  [DM] epoch 1952/6000 reward=1.5016 profit=0.5016 on_time=1.0000 loss=-0.0000
INFO:  [DM] epoch 1953/6000 reward=1.5330 profit=0.5330 on_time=1.0000 loss=-0.0000
INFO:  [DM] epoch 1954/6000 reward=1.5321 profit=0.5321 on_time=1.0000 loss=-0.0000
INFO:  [DM] epoch 1955/6000 reward=1.5123 profit=0.5123 on_time=1.0000 loss=0.0000
INFO:  [DM] epoch 1956/6000 reward=1.4820 profit=0.4820 on_time=1.0000 loss=-0.0006
INFO:  [DM] epoch 1957/6000 reward=1.4976 profit=0.4976 on_time=1.0000 loss=-0.0000
INFO:  [DM] epoch 1958/6000 reward=1.5610 profit=0.5610 on_time=1.0000 loss=-0.0000
INFO:  [DM] epoch 1959/6000 reward=1.5402 profit=0.5402 on_time=1.0000 loss=0.0000
INFO:  [DM] epoch 1960/6000 reward=1.5151 profit=0.5151 on_time=1.0000 loss=-0.0000
INFO:  [DM] epoch 1961/6000 reward=1.5295 profit=0.5451 on_time=0.9844 loss=-0.0003
INFO:  [DM] epoch 1962/6000 reward=1.4869 profit=0.4869 on_time=1.0000 loss=-0.0000
INFO:  [DM] epoch 1963/6000 reward=1.5334 profit=0.5334 on_time=1.0000 loss=-0.0010
INFO:  [DM] epoch 1964/6000 reward=1.5131 profit=0.5131 on_time=1.0000 loss=0.0001
INFO:  [DM] epoch 1965/6000 reward=1.4474 profit=0.4630 on_time=0.9844 loss=0.0001
INFO:  [DM] epoch 1966/6000 reward=1.5456 profit=0.5456 on_time=1.0000 loss=-0.0001
INFO:  [DM] epoch 1967/6000 reward=1.4905 profit=0.5217 on_time=0.9688 loss=-0.0015
INFO:  [DM] epoch 1968/6000 reward=1.5603 profit=0.5603 on_time=1.0000 loss=-0.0000
INFO:  [DM] epoch 1969/6000 reward=1.4970 profit=0.5126 on_time=0.9844 loss=-0.0003
INFO:  [DM] epoch 1970/6000 reward=1.4832 profit=0.5144 on_time=0.9688 loss=-0.0440
INFO:  [DM] epoch 1971/6000 reward=1.5142 profit=0.5142 on_time=1.0000 loss=-0.0000
INFO:  [DM] epoch 1972/6000 reward=1.4886 profit=0.5042 on_time=0.9844 loss=-0.0125
INFO:  [DM] epoch 1973/6000 reward=1.4965 profit=0.4965 on_time=1.0000 loss=-0.0000
INFO:  [DM] epoch 1974/6000 reward=1.4938 profit=0.4938 on_time=1.0000 loss=0.0000
INFO:  [DM] epoch 1975/6000 reward=1.5219 profit=0.5219 on_time=1.0000 loss=-0.0011
INFO:  [DM] epoch 1976/6000 reward=1.4761 profit=0.4761 on_time=1.0000 loss=0.0000
INFO:  [DM] epoch 1977/6000 reward=1.4985 profit=0.4985 on_time=1.0000 loss=0.0000
INFO:  [DM] epoch 1978/6000 reward=1.5279 profit=0.5279 on_time=1.0000 loss=-0.0000
INFO:  [DM] epoch 1979/6000 reward=1.4928 profit=0.4928 on_time=1.0000 loss=-0.0000
INFO:  [DM] epoch 1980/6000 reward=1.4891 profit=0.5048 on_time=0.9844 loss=-0.0003
INFO:  [DM] epoch 1981/6000 reward=1.4970 profit=0.5126 on_time=0.9844 loss=-0.0326
INFO:  [DM] epoch 1982/6000 reward=1.5220 profit=0.5220 on_time=1.0000 loss=-0.0000
INFO:  [DM] epoch 1983/6000 reward=1.4973 profit=0.4973 on_time=1.0000 loss=-0.0000
INFO:  [DM] epoch 1984/6000 reward=1.5295 profit=0.5295 on_time=1.0000 loss=0.0000
INFO:  [DM] epoch 1985/6000 reward=1.5160 profit=0.5160 on_time=1.0000 loss=0.0000
INFO:  [DM] epoch 1986/6000 reward=1.5356 profit=0.5356 on_time=1.0000 loss=-0.0018
INFO:  [DM] epoch 1987/6000 reward=1.5276 profit=0.5432 on_time=0.9844 loss=-0.0084
INFO:  [DM] epoch 1988/6000 reward=1.4798 profit=0.4798 on_time=1.0000 loss=-0.0000
INFO:  [DM] epoch 1989/6000 reward=1.4959 profit=0.4959 on_time=1.0000 loss=0.0000
INFO:  [DM] epoch 1990/6000 reward=1.5320 profit=0.5320 on_time=1.0000 loss=-0.0000
INFO:  [DM] epoch 1991/6000 reward=1.5294 profit=0.5294 on_time=1.0000 loss=-0.0000
INFO:  [DM] epoch 1992/6000 reward=1.5865 profit=0.6021 on_time=0.9844 loss=-0.0014
INFO:  [DM] epoch 1993/6000 reward=1.5049 profit=0.5205 on_time=0.9844 loss=-0.0001
INFO:  [DM] epoch 1994/6000 reward=1.5264 profit=0.5264 on_time=1.0000 loss=-0.0000
INFO:  [DM] epoch 1995/6000 reward=1.4894 profit=0.4894 on_time=1.0000 loss=-0.0000
INFO:  [DM] epoch 1996/6000 reward=1.4933 profit=0.4933 on_time=1.0000 loss=-0.0002
INFO:  [DM] epoch 1997/6000 reward=1.5135 profit=0.5135 on_time=1.0000 loss=-0.0000
INFO:  [DM] epoch 1998/6000 reward=1.5139 profit=0.5295 on_time=0.9844 loss=-0.0000
INFO:  [DM] epoch 1999/6000 reward=1.5285 profit=0.5285 on_time=1.0000 loss=0.0000
INFO:  [DM] epoch 2000/6000 reward=1.4949 profit=0.5261 on_time=0.9688 loss=-0.0000
INFO:  [DM] epoch 2001/6000 reward=1.5029 profit=0.5341 on_time=0.9688 loss=-0.0029
INFO:  [DM] epoch 2002/6000 reward=1.5403 profit=0.5403 on_time=1.0000 loss=-0.0000
INFO:  [DM] epoch 2003/6000 reward=1.5552 profit=0.5552 on_time=1.0000 loss=-0.0000
INFO:  [DM] epoch 2004/6000 reward=1.4842 profit=0.4998 on_time=0.9844 loss=-0.0005
INFO:  [DM] epoch 2005/6000 reward=1.5242 profit=0.5242 on_time=1.0000 loss=0.0000
INFO:  [DM] epoch 2006/6000 reward=1.5000 profit=0.5000 on_time=1.0000 loss=-0.0000
INFO:  [DM] epoch 2007/6000 reward=1.5090 profit=0.5090 on_time=1.0000 loss=-0.0000
INFO:  [DM] epoch 2008/6000 reward=1.4994 profit=0.4994 on_time=1.0000 loss=-0.0000
INFO:  [DM] epoch 2009/6000 reward=1.4927 profit=0.4927 on_time=1.0000 loss=-0.0000
INFO:  [DM] epoch 2010/6000 reward=1.4811 profit=0.4811 on_time=1.0000 loss=-0.0000
INFO:  [DM] epoch 2011/6000 reward=1.5047 profit=0.5047 on_time=1.0000 loss=-0.0000
INFO:  [DM] epoch 2012/6000 reward=1.5526 profit=0.5526 on_time=1.0000 loss=-0.0000
INFO:  [DM] epoch 2013/6000 reward=1.5298 profit=0.5298 on_time=1.0000 loss=-0.0000
INFO:  [DM] epoch 2014/6000 reward=1.5787 profit=0.5787 on_time=1.0000 loss=0.0000
INFO:  [DM] epoch 2015/6000 reward=1.5413 profit=0.5413 on_time=1.0000 loss=-0.0011
INFO:  [DM] epoch 2016/6000 reward=1.5318 profit=0.5318 on_time=1.0000 loss=-0.0000
INFO:  [DM] epoch 2017/6000 reward=1.5261 profit=0.5261 on_time=1.0000 loss=-0.0000
INFO:  [DM] epoch 2018/6000 reward=1.5155 profit=0.5155 on_time=1.0000 loss=-0.0000
INFO:  [DM] epoch 2019/6000 reward=1.5707 profit=0.5707 on_time=1.0000 loss=0.0000
INFO:  [DM] epoch 2020/6000 reward=1.5172 profit=0.5172 on_time=1.0000 loss=-0.0000
INFO:  [DM] epoch 2021/6000 reward=1.4894 profit=0.4894 on_time=1.0000 loss=-0.0000
INFO:  [DM] epoch 2022/6000 reward=1.5627 profit=0.5627 on_time=1.0000 loss=-0.0000
INFO:  [DM] epoch 2023/6000 reward=1.5077 profit=0.5077 on_time=1.0000 loss=-0.0000
INFO:  [DM] epoch 2024/6000 reward=1.4590 profit=0.4746 on_time=0.9844 loss=-0.0005
INFO:  [DM] epoch 2025/6000 reward=1.4763 profit=0.4763 on_time=1.0000 loss=0.0000
INFO:  [DM] epoch 2026/6000 reward=1.5322 profit=0.5322 on_time=1.0000 loss=-0.0000
INFO:  [DM] epoch 2027/6000 reward=1.4957 profit=0.4957 on_time=1.0000 loss=0.0000
INFO:  [DM] epoch 2028/6000 reward=1.5286 profit=0.5443 on_time=0.9844 loss=-0.0000
INFO:  [DM] epoch 2029/6000 reward=1.5128 profit=0.5284 on_time=0.9844 loss=-0.0096
INFO:  [DM] epoch 2030/6000 reward=1.5593 profit=0.5593 on_time=1.0000 loss=-0.0000
INFO:  [DM] epoch 2031/6000 reward=1.4665 profit=0.4665 on_time=1.0000 loss=-0.0000
INFO:  [DM] epoch 2032/6000 reward=1.5290 profit=0.5290 on_time=1.0000 loss=-0.0000
INFO:  [DM] epoch 2033/6000 reward=1.4857 profit=0.4857 on_time=1.0000 loss=-0.0000
INFO:  [DM] epoch 2034/6000 reward=1.5012 profit=0.5012 on_time=1.0000 loss=0.0000
INFO:  [DM] epoch 2035/6000 reward=1.5047 profit=0.5047 on_time=1.0000 loss=0.0000
INFO:  [DM] epoch 2036/6000 reward=1.4778 profit=0.4935 on_time=0.9844 loss=-0.0077
INFO:  [DM] epoch 2037/6000 reward=1.5544 profit=0.5544 on_time=1.0000 loss=-0.0000
INFO:  [DM] epoch 2038/6000 reward=1.5059 profit=0.5059 on_time=1.0000 loss=-0.0000
INFO:  [DM] epoch 2039/6000 reward=1.5044 profit=0.5044 on_time=1.0000 loss=-0.0000
INFO:  [DM] epoch 2040/6000 reward=1.4920 profit=0.4920 on_time=1.0000 loss=-0.0000
INFO:  [DM] epoch 2041/6000 reward=1.5001 profit=0.5001 on_time=1.0000 loss=0.0000
INFO:  [DM] epoch 2042/6000 reward=1.5221 profit=0.5221 on_time=1.0000 loss=-0.0039
INFO:  [DM] epoch 2043/6000 reward=1.5079 profit=0.5079 on_time=1.0000 loss=-0.0000
INFO:  [DM] epoch 2044/6000 reward=1.4759 profit=0.4915 on_time=0.9844 loss=-0.0000
INFO:  [DM] epoch 2045/6000 reward=1.5196 profit=0.5196 on_time=1.0000 loss=0.0000
INFO:  [DM] epoch 2046/6000 reward=1.4602 profit=0.4914 on_time=0.9688 loss=-0.0000
INFO:  [DM] epoch 2047/6000 reward=1.4675 profit=0.4987 on_time=0.9688 loss=-0.0023
INFO:  [DM] epoch 2048/6000 reward=1.5112 profit=0.5268 on_time=0.9844 loss=-0.0004
INFO:  [DM] epoch 2049/6000 reward=1.4924 profit=0.5080 on_time=0.9844 loss=-0.0003
INFO:  [DM] epoch 2050/6000 reward=1.5143 profit=0.5299 on_time=0.9844 loss=0.0000
INFO:  [DM] epoch 2051/6000 reward=1.4966 profit=0.4966 on_time=1.0000 loss=0.0000
INFO:  [DM] epoch 2052/6000 reward=1.5359 profit=0.5359 on_time=1.0000 loss=0.0000
INFO:  [DM] epoch 2053/6000 reward=1.4753 profit=0.4909 on_time=0.9844 loss=-0.0124
INFO:  [DM] epoch 2054/6000 reward=1.4495 profit=0.5276 on_time=0.9219 loss=-0.0255
INFO:  [DM] epoch 2055/6000 reward=1.5024 profit=0.5337 on_time=0.9688 loss=-0.0069
INFO:  [DM] epoch 2056/6000 reward=1.4965 profit=0.5122 on_time=0.9844 loss=-0.0000
INFO:  [DM] epoch 2057/6000 reward=1.5208 profit=0.5208 on_time=1.0000 loss=-0.0000
INFO:  [DM] epoch 2058/6000 reward=1.4492 profit=0.4804 on_time=0.9688 loss=-0.0000
INFO:  [DM] epoch 2059/6000 reward=1.4465 profit=0.5090 on_time=0.9375 loss=-0.0000
INFO:  [DM] epoch 2060/6000 reward=1.4404 profit=0.5185 on_time=0.9219 loss=-0.0187
INFO:  [DM] epoch 2061/6000 reward=1.4198 profit=0.5135 on_time=0.9062 loss=-0.0367
INFO:  [DM] epoch 2062/6000 reward=1.4925 profit=0.5238 on_time=0.9688 loss=-0.0045
INFO:  [DM] epoch 2063/6000 reward=1.5198 profit=0.5510 on_time=0.9688 loss=-0.0014
INFO:  [DM] epoch 2064/6000 reward=1.5401 profit=0.5401 on_time=1.0000 loss=-0.0000
INFO:  [DM] epoch 2065/6000 reward=1.5182 profit=0.5182 on_time=1.0000 loss=0.0000
INFO:  [DM] epoch 2066/6000 reward=1.5321 profit=0.5321 on_time=1.0000 loss=-0.0002
INFO:  [DM] epoch 2067/6000 reward=1.5062 profit=0.5062 on_time=1.0000 loss=0.0000
INFO:  [DM] epoch 2068/6000 reward=1.5226 profit=0.5226 on_time=1.0000 loss=-0.0000
INFO:  [DM] epoch 2069/6000 reward=1.5232 profit=0.5388 on_time=0.9844 loss=-0.0001
INFO:  [DM] epoch 2070/6000 reward=1.5257 profit=0.5413 on_time=0.9844 loss=-0.0027
INFO:  [DM] epoch 2071/6000 reward=1.5028 profit=0.5028 on_time=1.0000 loss=-0.0000
INFO:  [DM] epoch 2072/6000 reward=1.5409 profit=0.5409 on_time=1.0000 loss=-0.0000
INFO:  [DM] epoch 2073/6000 reward=1.5375 profit=0.5375 on_time=1.0000 loss=0.0000
INFO:  [DM] epoch 2074/6000 reward=1.5133 profit=0.5133 on_time=1.0000 loss=-0.0000
INFO:  [DM] epoch 2075/6000 reward=1.5282 profit=0.5282 on_time=1.0000 loss=-0.0005
INFO:  [DM] epoch 2076/6000 reward=1.4999 profit=0.4999 on_time=1.0000 loss=-0.0001
INFO:  [DM] epoch 2077/6000 reward=1.5457 profit=0.5457 on_time=1.0000 loss=-0.0000
INFO:  [DM] epoch 2078/6000 reward=1.4988 profit=0.4988 on_time=1.0000 loss=0.0000
INFO:  [DM] epoch 2079/6000 reward=1.5219 profit=0.5219 on_time=1.0000 loss=-0.0000
INFO:  [DM] epoch 2080/6000 reward=1.4555 profit=0.4711 on_time=0.9844 loss=-0.0070
INFO:  [DM] epoch 2081/6000 reward=1.4818 profit=0.4975 on_time=0.9844 loss=-0.0049
INFO:  [DM] epoch 2082/6000 reward=1.5321 profit=0.5321 on_time=1.0000 loss=-0.0000
INFO:  [DM] epoch 2083/6000 reward=1.4880 profit=0.4880 on_time=1.0000 loss=-0.0000
INFO:  [DM] epoch 2084/6000 reward=1.5097 profit=0.5097 on_time=1.0000 loss=-0.0000
INFO:  [DM] epoch 2085/6000 reward=1.5204 profit=0.5204 on_time=1.0000 loss=-0.0000
INFO:  [DM] epoch 2086/6000 reward=1.5540 profit=0.5540 on_time=1.0000 loss=-0.0000
INFO:  [DM] epoch 2087/6000 reward=1.5151 profit=0.5151 on_time=1.0000 loss=-0.0000
INFO:  [DM] epoch 2088/6000 reward=1.5275 profit=0.5275 on_time=1.0000 loss=-0.0000
INFO:  [DM] epoch 2089/6000 reward=1.5279 profit=0.5279 on_time=1.0000 loss=-0.0000
INFO:  [DM] epoch 2090/6000 reward=1.4981 profit=0.5137 on_time=0.9844 loss=-0.0011
INFO:  [DM] epoch 2091/6000 reward=1.5225 profit=0.5381 on_time=0.9844 loss=-0.0058
INFO:  [DM] epoch 2092/6000 reward=1.5358 profit=0.5358 on_time=1.0000 loss=-0.0000
INFO:  [DM] epoch 2093/6000 reward=1.5002 profit=0.5002 on_time=1.0000 loss=-0.0000
INFO:  [DM] epoch 2094/6000 reward=1.5676 profit=0.5676 on_time=1.0000 loss=-0.0000
INFO:  [DM] epoch 2095/6000 reward=1.5726 profit=0.5726 on_time=1.0000 loss=-0.0000
INFO:  [DM] epoch 2096/6000 reward=1.5363 profit=0.5363 on_time=1.0000 loss=-0.0000
INFO:  [DM] epoch 2097/6000 reward=1.5070 profit=0.5070 on_time=1.0000 loss=-0.0000
INFO:  [DM] epoch 2098/6000 reward=1.5141 profit=0.5141 on_time=1.0000 loss=-0.0000
INFO:  [DM] epoch 2099/6000 reward=1.5264 profit=0.5264 on_time=1.0000 loss=-0.0000
INFO:  [DM] epoch 2100/6000 reward=1.5106 profit=0.5106 on_time=1.0000 loss=-0.0000
INFO:  [DM] epoch 2101/6000 reward=1.5205 profit=0.5205 on_time=1.0000 loss=-0.0004
INFO:  [DM] epoch 2102/6000 reward=1.5073 profit=0.5073 on_time=1.0000 loss=-0.0000
INFO:  [DM] epoch 2103/6000 reward=1.4781 profit=0.4781 on_time=1.0000 loss=-0.0000
INFO:  [DM] epoch 2104/6000 reward=1.4810 profit=0.4810 on_time=1.0000 loss=-0.0000
INFO:  [DM] epoch 2105/6000 reward=1.5311 profit=0.5311 on_time=1.0000 loss=-0.0000
INFO:  [DM] epoch 2106/6000 reward=1.4851 profit=0.4851 on_time=1.0000 loss=-0.0000
INFO:  [DM] epoch 2107/6000 reward=1.5499 profit=0.5499 on_time=1.0000 loss=-0.0000
INFO:  [DM] epoch 2108/6000 reward=1.5108 profit=0.5108 on_time=1.0000 loss=-0.0000
INFO:  [DM] epoch 2109/6000 reward=1.5183 profit=0.5183 on_time=1.0000 loss=0.0000
INFO:  [DM] epoch 2110/6000 reward=1.5398 profit=0.5398 on_time=1.0000 loss=-0.0000
INFO:  [DM] epoch 2111/6000 reward=1.5150 profit=0.5150 on_time=1.0000 loss=-0.0000
INFO:  [DM] epoch 2112/6000 reward=1.5009 profit=0.5009 on_time=1.0000 loss=-0.0000
INFO:  [DM] epoch 2113/6000 reward=1.5191 profit=0.5191 on_time=1.0000 loss=-0.0021
INFO:  [DM] epoch 2114/6000 reward=1.4891 profit=0.4891 on_time=1.0000 loss=-0.0000
INFO:  [DM] epoch 2115/6000 reward=1.5472 profit=0.5472 on_time=1.0000 loss=-0.0000
INFO:  [DM] epoch 2116/6000 reward=1.5166 profit=0.5166 on_time=1.0000 loss=-0.0000
INFO:  [DM] epoch 2117/6000 reward=1.5200 profit=0.5200 on_time=1.0000 loss=-0.0000
INFO:  [DM] epoch 2118/6000 reward=1.5176 profit=0.5176 on_time=1.0000 loss=-0.0000
INFO:  [DM] epoch 2119/6000 reward=1.5253 profit=0.5253 on_time=1.0000 loss=-0.0000
INFO:  [DM] epoch 2120/6000 reward=1.5385 profit=0.5385 on_time=1.0000 loss=-0.0000
INFO:  [DM] epoch 2121/6000 reward=1.4866 profit=0.4866 on_time=1.0000 loss=0.0000
INFO:  [DM] epoch 2122/6000 reward=1.5262 profit=0.5262 on_time=1.0000 loss=-0.0000
INFO:  [DM] epoch 2123/6000 reward=1.5229 profit=0.5385 on_time=0.9844 loss=-0.0000
INFO:  [DM] epoch 2124/6000 reward=1.5731 profit=0.5731 on_time=1.0000 loss=-0.0000
INFO:  [DM] epoch 2125/6000 reward=1.5411 profit=0.5411 on_time=1.0000 loss=-0.0000
INFO:  [DM] epoch 2126/6000 reward=1.4840 profit=0.4840 on_time=1.0000 loss=-0.0000
INFO:  [DM] epoch 2127/6000 reward=1.4748 profit=0.4904 on_time=0.9844 loss=-0.0003
INFO:  [DM] epoch 2128/6000 reward=1.4949 profit=0.5106 on_time=0.9844 loss=-0.0001
INFO:  [DM] epoch 2129/6000 reward=1.5202 profit=0.5359 on_time=0.9844 loss=0.0003
INFO:  [DM] epoch 2130/6000 reward=1.4852 profit=0.5165 on_time=0.9688 loss=-0.0012
INFO:  [DM] epoch 2131/6000 reward=1.5437 profit=0.5437 on_time=1.0000 loss=-0.0000
INFO:  [DM] epoch 2132/6000 reward=1.4865 profit=0.5021 on_time=0.9844 loss=-0.0006
INFO:  [DM] epoch 2133/6000 reward=1.5186 profit=0.5186 on_time=1.0000 loss=-0.0000
INFO:  [DM] epoch 2134/6000 reward=1.4815 profit=0.5127 on_time=0.9688 loss=-0.0000
INFO:  [DM] epoch 2135/6000 reward=1.4847 profit=0.4847 on_time=1.0000 loss=-0.0000
INFO:  [DM] epoch 2136/6000 reward=1.4977 profit=0.4977 on_time=1.0000 loss=-0.0000
INFO:  [DM] epoch 2137/6000 reward=1.4763 profit=0.4763 on_time=1.0000 loss=-0.0000
INFO:  [DM] epoch 2138/6000 reward=1.5501 profit=0.5501 on_time=1.0000 loss=-0.0000
INFO:  [DM] epoch 2139/6000 reward=1.5288 profit=0.5444 on_time=0.9844 loss=-0.0000
INFO:  [DM] epoch 2140/6000 reward=1.5135 profit=0.5135 on_time=1.0000 loss=-0.0000
INFO:  [DM] epoch 2141/6000 reward=1.5136 profit=0.5448 on_time=0.9688 loss=-0.0003
INFO:  [DM] epoch 2142/6000 reward=1.4748 profit=0.4904 on_time=0.9844 loss=-0.0108
INFO:  [DM] epoch 2143/6000 reward=1.5382 profit=0.5538 on_time=0.9844 loss=-0.0001
INFO:  [DM] epoch 2144/6000 reward=1.5239 profit=0.5239 on_time=1.0000 loss=0.0004
INFO:  [DM] epoch 2145/6000 reward=1.4709 profit=0.4865 on_time=0.9844 loss=-0.0049
INFO:  [DM] epoch 2146/6000 reward=1.4964 profit=0.5120 on_time=0.9844 loss=-0.0000
INFO:  [DM] epoch 2147/6000 reward=1.5077 profit=0.5233 on_time=0.9844 loss=-0.0000
INFO:  [DM] epoch 2148/6000 reward=1.5177 profit=0.5333 on_time=0.9844 loss=-0.0001
INFO:  [DM] epoch 2149/6000 reward=1.5416 profit=0.5416 on_time=1.0000 loss=0.0000
INFO:  [DM] epoch 2150/6000 reward=1.5233 profit=0.5389 on_time=0.9844 loss=-0.0004
INFO:  [DM] epoch 2151/6000 reward=1.5078 profit=0.5234 on_time=0.9844 loss=-0.0054
INFO:  [DM] epoch 2152/6000 reward=1.5264 profit=0.5264 on_time=1.0000 loss=-0.0000
INFO:  [DM] epoch 2153/6000 reward=1.5421 profit=0.5578 on_time=0.9844 loss=0.0010
INFO:  [DM] epoch 2154/6000 reward=1.4901 profit=0.5526 on_time=0.9375 loss=-0.0084
INFO:  [DM] epoch 2155/6000 reward=1.4864 profit=0.5021 on_time=0.9844 loss=-0.0134
INFO:  [DM] epoch 2156/6000 reward=1.5018 profit=0.5018 on_time=1.0000 loss=-0.0000
INFO:  [DM] epoch 2157/6000 reward=1.4987 profit=0.5143 on_time=0.9844 loss=-0.0000
INFO:  [DM] epoch 2158/6000 reward=1.4616 profit=0.4616 on_time=1.0000 loss=0.0000
INFO:  [DM] epoch 2159/6000 reward=1.5156 profit=0.5156 on_time=1.0000 loss=-0.0000
INFO:  [DM] epoch 2160/6000 reward=1.4581 profit=0.4581 on_time=1.0000 loss=-0.0000
INFO:  [DM] epoch 2161/6000 reward=1.5119 profit=0.5119 on_time=1.0000 loss=-0.0000
INFO:  [DM] epoch 2162/6000 reward=1.4937 profit=0.4937 on_time=1.0000 loss=-0.0000
INFO:  [DM] epoch 2163/6000 reward=1.5618 profit=0.5618 on_time=1.0000 loss=-0.0000
INFO:  [DM] epoch 2164/6000 reward=1.4961 profit=0.4961 on_time=1.0000 loss=0.0000
INFO:  [DM] epoch 2165/6000 reward=1.5383 profit=0.5383 on_time=1.0000 loss=0.0058
INFO:  [DM] epoch 2166/6000 reward=1.5142 profit=0.5142 on_time=1.0000 loss=0.0000
INFO:  [DM] epoch 2167/6000 reward=1.5062 profit=0.5218 on_time=0.9844 loss=-0.0001
INFO:  [DM] epoch 2168/6000 reward=1.4728 profit=0.4728 on_time=1.0000 loss=-0.0000
INFO:  [DM] epoch 2169/6000 reward=1.5437 profit=0.5437 on_time=1.0000 loss=-0.0000
INFO:  [DM] epoch 2170/6000 reward=1.5328 profit=0.5328 on_time=1.0000 loss=-0.0000
INFO:  [DM] epoch 2171/6000 reward=1.5400 profit=0.5400 on_time=1.0000 loss=-0.0000
INFO:  [DM] epoch 2172/6000 reward=1.5127 profit=0.5127 on_time=1.0000 loss=-0.0000
INFO:  [DM] epoch 2173/6000 reward=1.5157 profit=0.5157 on_time=1.0000 loss=0.0000
INFO:  [DM] epoch 2174/6000 reward=1.4856 profit=0.4856 on_time=1.0000 loss=-0.0000
INFO:  [DM] epoch 2175/6000 reward=1.5047 profit=0.5047 on_time=1.0000 loss=-0.0000
INFO:  [DM] epoch 2176/6000 reward=1.5091 profit=0.5091 on_time=1.0000 loss=-0.0000
INFO:  [DM] epoch 2177/6000 reward=1.5176 profit=0.5176 on_time=1.0000 loss=-0.0000
INFO:  [DM] epoch 2178/6000 reward=1.4961 profit=0.4961 on_time=1.0000 loss=0.0000
INFO:  [DM] epoch 2179/6000 reward=1.4866 profit=0.4866 on_time=1.0000 loss=0.0000
INFO:  [DM] epoch 2180/6000 reward=1.4990 profit=0.4990 on_time=1.0000 loss=-0.0000
INFO:  [DM] epoch 2181/6000 reward=1.5157 profit=0.5157 on_time=1.0000 loss=-0.0000
INFO:  [DM] epoch 2182/6000 reward=1.5038 profit=0.5038 on_time=1.0000 loss=-0.0000
INFO:  [DM] epoch 2183/6000 reward=1.5142 profit=0.5142 on_time=1.0000 loss=-0.0000
INFO:  [DM] epoch 2184/6000 reward=1.5049 profit=0.5049 on_time=1.0000 loss=0.0000
INFO:  [DM] epoch 2185/6000 reward=1.5323 profit=0.5323 on_time=1.0000 loss=-0.0000
INFO:  [DM] epoch 2186/6000 reward=1.4856 profit=0.4856 on_time=1.0000 loss=-0.0000
INFO:  [DM] epoch 2187/6000 reward=1.5357 profit=0.5357 on_time=1.0000 loss=-0.0000
INFO:  [DM] epoch 2188/6000 reward=1.5311 profit=0.5311 on_time=1.0000 loss=0.0000
INFO:  [DM] epoch 2189/6000 reward=1.5335 profit=0.5335 on_time=1.0000 loss=-0.0000
INFO:  [DM] epoch 2190/6000 reward=1.5325 profit=0.5325 on_time=1.0000 loss=-0.0000
INFO:  [DM] epoch 2191/6000 reward=1.4925 profit=0.5082 on_time=0.9844 loss=-0.0007
INFO:  [DM] epoch 2192/6000 reward=1.5480 profit=0.5480 on_time=1.0000 loss=-0.0000
INFO:  [DM] epoch 2193/6000 reward=1.5103 profit=0.5103 on_time=1.0000 loss=0.0000
INFO:  [DM] epoch 2194/6000 reward=1.5211 profit=0.5211 on_time=1.0000 loss=-0.0000
INFO:  [DM] epoch 2195/6000 reward=1.5011 profit=0.5011 on_time=1.0000 loss=-0.0000
INFO:  [DM] epoch 2196/6000 reward=1.4584 profit=0.4741 on_time=0.9844 loss=-0.0311
INFO:  [DM] epoch 2197/6000 reward=1.5317 profit=0.5317 on_time=1.0000 loss=-0.0000
INFO:  [DM] epoch 2198/6000 reward=1.4988 profit=0.4988 on_time=1.0000 loss=-0.0000
INFO:  [DM] epoch 2199/6000 reward=1.5107 profit=0.5107 on_time=1.0000 loss=-0.0000
INFO:  [DM] epoch 2200/6000 reward=1.5266 profit=0.5266 on_time=1.0000 loss=-0.0000
INFO:  [DM] epoch 2201/6000 reward=1.4767 profit=0.4767 on_time=1.0000 loss=0.0000
INFO:  [DM] epoch 2202/6000 reward=1.5194 profit=0.5194 on_time=1.0000 loss=-0.0000
INFO:  [DM] epoch 2203/6000 reward=1.5180 profit=0.5180 on_time=1.0000 loss=-0.0000
INFO:  [DM] epoch 2204/6000 reward=1.5153 profit=0.5153 on_time=1.0000 loss=-0.0000
INFO:  [DM] epoch 2205/6000 reward=1.5437 profit=0.5437 on_time=1.0000 loss=-0.0000
INFO:  [DM] epoch 2206/6000 reward=1.5371 profit=0.5371 on_time=1.0000 loss=0.0000
INFO:  [DM] epoch 2207/6000 reward=1.5136 profit=0.5136 on_time=1.0000 loss=-0.0000
INFO:  [DM] epoch 2208/6000 reward=1.5022 profit=0.5022 on_time=1.0000 loss=0.0000
INFO:  [DM] epoch 2209/6000 reward=1.5145 profit=0.5145 on_time=1.0000 loss=0.0000
INFO:  [DM] epoch 2210/6000 reward=1.4884 profit=0.5040 on_time=0.9844 loss=-0.0068
INFO:  [DM] epoch 2211/6000 reward=1.5143 profit=0.5143 on_time=1.0000 loss=-0.0001
INFO:  [DM] epoch 2212/6000 reward=1.5478 profit=0.5478 on_time=1.0000 loss=-0.0000
INFO:  [DM] epoch 2213/6000 reward=1.5179 profit=0.5179 on_time=1.0000 loss=-0.0000
INFO:  [DM] epoch 2214/6000 reward=1.5296 profit=0.5296 on_time=1.0000 loss=-0.0000
INFO:  [DM] epoch 2215/6000 reward=1.5274 profit=0.5274 on_time=1.0000 loss=-0.0000
INFO:  [DM] epoch 2216/6000 reward=1.4901 profit=0.4901 on_time=1.0000 loss=-0.0000
INFO:  [DM] epoch 2217/6000 reward=1.5134 profit=0.5134 on_time=1.0000 loss=-0.0000
INFO:  [DM] epoch 2218/6000 reward=1.5436 profit=0.5436 on_time=1.0000 loss=-0.0000
INFO:  [DM] epoch 2219/6000 reward=1.5195 profit=0.5195 on_time=1.0000 loss=-0.0000
INFO:  [DM] epoch 2220/6000 reward=1.5390 profit=0.5390 on_time=1.0000 loss=-0.0000
INFO:  [DM] epoch 2221/6000 reward=1.5317 profit=0.5317 on_time=1.0000 loss=-0.0000
INFO:  [DM] epoch 2222/6000 reward=1.5287 profit=0.5287 on_time=1.0000 loss=-0.0000
INFO:  [DM] epoch 2223/6000 reward=1.5561 profit=0.5561 on_time=1.0000 loss=-0.0000
INFO:  [DM] epoch 2224/6000 reward=1.5667 profit=0.5667 on_time=1.0000 loss=-0.0000
INFO:  [DM] epoch 2225/6000 reward=1.5535 profit=0.5535 on_time=1.0000 loss=-0.0000
INFO:  [DM] epoch 2226/6000 reward=1.5098 profit=0.5098 on_time=1.0000 loss=-0.0000
INFO:  [DM] epoch 2227/6000 reward=1.5319 profit=0.5319 on_time=1.0000 loss=-0.0000
INFO:  [DM] epoch 2228/6000 reward=1.5155 profit=0.5155 on_time=1.0000 loss=-0.0000
INFO:  [DM] epoch 2229/6000 reward=1.5513 profit=0.5513 on_time=1.0000 loss=-0.0000
INFO:  [DM] epoch 2230/6000 reward=1.5328 profit=0.5328 on_time=1.0000 loss=-0.0000
INFO:  [DM] epoch 2231/6000 reward=1.4999 profit=0.4999 on_time=1.0000 loss=-0.0000
INFO:  [DM] epoch 2232/6000 reward=1.5153 profit=0.5309 on_time=0.9844 loss=-0.0055
INFO:  [DM] epoch 2233/6000 reward=1.5073 profit=0.5073 on_time=1.0000 loss=-0.0001
INFO:  [DM] epoch 2234/6000 reward=1.5186 profit=0.5186 on_time=1.0000 loss=-0.0000
INFO:  [DM] epoch 2235/6000 reward=1.4945 profit=0.4945 on_time=1.0000 loss=0.0000
INFO:  [DM] epoch 2236/6000 reward=1.5550 profit=0.5550 on_time=1.0000 loss=-0.0000
INFO:  [DM] epoch 2237/6000 reward=1.5355 profit=0.5355 on_time=1.0000 loss=-0.0000
INFO:  [DM] epoch 2238/6000 reward=1.4966 profit=0.5123 on_time=0.9844 loss=-0.0013
INFO:  [DM] epoch 2239/6000 reward=1.5566 profit=0.5566 on_time=1.0000 loss=-0.0000
INFO:  [DM] epoch 2240/6000 reward=1.5573 profit=0.5573 on_time=1.0000 loss=-0.0005
INFO:  [DM] epoch 2241/6000 reward=1.5904 profit=0.5904 on_time=1.0000 loss=0.0000
INFO:  [DM] epoch 2242/6000 reward=1.5179 profit=0.5179 on_time=1.0000 loss=-0.0000
INFO:  [DM] epoch 2243/6000 reward=1.5394 profit=0.5394 on_time=1.0000 loss=-0.0000
INFO:  [DM] epoch 2244/6000 reward=1.5241 profit=0.5241 on_time=1.0000 loss=-0.0000
INFO:  [DM] epoch 2245/6000 reward=1.4751 profit=0.4751 on_time=1.0000 loss=-0.0000
INFO:  [DM] epoch 2246/6000 reward=1.4875 profit=0.4875 on_time=1.0000 loss=-0.0001
INFO:  [DM] epoch 2247/6000 reward=1.4915 profit=0.4915 on_time=1.0000 loss=-0.0000
INFO:  [DM] epoch 2248/6000 reward=1.4409 profit=0.4409 on_time=1.0000 loss=-0.0000
INFO:  [DM] epoch 2249/6000 reward=1.4869 profit=0.4869 on_time=1.0000 loss=-0.0000
INFO:  [DM] epoch 2250/6000 reward=1.5030 profit=0.5187 on_time=0.9844 loss=-0.0006
INFO:  [DM] epoch 2251/6000 reward=1.4942 profit=0.4942 on_time=1.0000 loss=-0.0000
INFO:  [DM] epoch 2252/6000 reward=1.5439 profit=0.5439 on_time=1.0000 loss=-0.0000
INFO:  [DM] epoch 2253/6000 reward=1.5143 profit=0.5143 on_time=1.0000 loss=0.0000
INFO:  [DM] epoch 2254/6000 reward=1.5033 profit=0.5033 on_time=1.0000 loss=-0.0000
INFO:  [DM] epoch 2255/6000 reward=1.5197 profit=0.5197 on_time=1.0000 loss=-0.0000
INFO:  [DM] epoch 2256/6000 reward=1.4754 profit=0.4754 on_time=1.0000 loss=-0.0000
INFO:  [DM] epoch 2257/6000 reward=1.5321 profit=0.5321 on_time=1.0000 loss=-0.0000
INFO:  [DM] epoch 2258/6000 reward=1.5260 profit=0.5260 on_time=1.0000 loss=-0.0000
INFO:  [DM] epoch 2259/6000 reward=1.5360 profit=0.5360 on_time=1.0000 loss=0.0010
INFO:  [DM] epoch 2260/6000 reward=1.5532 profit=0.5532 on_time=1.0000 loss=-0.0000
INFO:  [DM] epoch 2261/6000 reward=1.5220 profit=0.5220 on_time=1.0000 loss=-0.0007
INFO:  [DM] epoch 2262/6000 reward=1.5307 profit=0.5307 on_time=1.0000 loss=-0.0000
INFO:  [DM] epoch 2263/6000 reward=1.5249 profit=0.5249 on_time=1.0000 loss=0.0000
INFO:  [DM] epoch 2264/6000 reward=1.5142 profit=0.5142 on_time=1.0000 loss=-0.0000
INFO:  [DM] epoch 2265/6000 reward=1.5239 profit=0.5239 on_time=1.0000 loss=0.0000
INFO:  [DM] epoch 2266/6000 reward=1.5237 profit=0.5237 on_time=1.0000 loss=-0.0000
INFO:  [DM] epoch 2267/6000 reward=1.5377 profit=0.5377 on_time=1.0000 loss=-0.0000
INFO:  [DM] epoch 2268/6000 reward=1.5302 profit=0.5302 on_time=1.0000 loss=-0.0000
INFO:  [DM] epoch 2269/6000 reward=1.4854 profit=0.4854 on_time=1.0000 loss=0.0000
INFO:  [DM] epoch 2270/6000 reward=1.5113 profit=0.5113 on_time=1.0000 loss=0.0000
INFO:  [DM] epoch 2271/6000 reward=1.5024 profit=0.5024 on_time=1.0000 loss=-0.0000
INFO:  [DM] epoch 2272/6000 reward=1.5049 profit=0.5049 on_time=1.0000 loss=-0.0000
INFO:  [DM] epoch 2273/6000 reward=1.5545 profit=0.5545 on_time=1.0000 loss=0.0000
INFO:  [DM] epoch 2274/6000 reward=1.4894 profit=0.5050 on_time=0.9844 loss=-0.0000
INFO:  [DM] epoch 2275/6000 reward=1.5342 profit=0.5342 on_time=1.0000 loss=-0.0000
INFO:  [DM] epoch 2276/6000 reward=1.4876 profit=0.5032 on_time=0.9844 loss=-0.0003
INFO:  [DM] epoch 2277/6000 reward=1.5642 profit=0.5642 on_time=1.0000 loss=-0.0000
INFO:  [DM] epoch 2278/6000 reward=1.4948 profit=0.4948 on_time=1.0000 loss=0.0000
INFO:  [DM] epoch 2279/6000 reward=1.4508 profit=0.4665 on_time=0.9844 loss=-0.0015
INFO:  [DM] epoch 2280/6000 reward=1.5201 profit=0.5201 on_time=1.0000 loss=-0.0000
INFO:  [DM] epoch 2281/6000 reward=1.5023 profit=0.5023 on_time=1.0000 loss=-0.0000
INFO:  [DM] epoch 2282/6000 reward=1.5266 profit=0.5422 on_time=0.9844 loss=-0.0153
INFO:  [DM] epoch 2283/6000 reward=1.4874 profit=0.4874 on_time=1.0000 loss=0.0000
INFO:  [DM] epoch 2284/6000 reward=1.5191 profit=0.5191 on_time=1.0000 loss=0.0000
INFO:  [DM] epoch 2285/6000 reward=1.5407 profit=0.5407 on_time=1.0000 loss=0.0000
INFO:  [DM] epoch 2286/6000 reward=1.5277 profit=0.5277 on_time=1.0000 loss=-0.0000
INFO:  [DM] epoch 2287/6000 reward=1.5303 profit=0.5303 on_time=1.0000 loss=-0.0000
INFO:  [DM] epoch 2288/6000 reward=1.5361 profit=0.5361 on_time=1.0000 loss=-0.0000
INFO:  [DM] epoch 2289/6000 reward=1.5292 profit=0.5292 on_time=1.0000 loss=0.0000
INFO:  [DM] epoch 2290/6000 reward=1.5031 profit=0.5031 on_time=1.0000 loss=-0.0000
INFO:  [DM] epoch 2291/6000 reward=1.4965 profit=0.4965 on_time=1.0000 loss=-0.0000
INFO:  [DM] epoch 2292/6000 reward=1.5313 profit=0.5313 on_time=1.0000 loss=-0.0000
INFO:  [DM] epoch 2293/6000 reward=1.5086 profit=0.5086 on_time=1.0000 loss=-0.0000
INFO:  [DM] epoch 2294/6000 reward=1.5171 profit=0.5171 on_time=1.0000 loss=0.0000
INFO:  [DM] epoch 2295/6000 reward=1.4608 profit=0.4608 on_time=1.0000 loss=0.0000
INFO:  [DM] epoch 2296/6000 reward=1.5151 profit=0.5151 on_time=1.0000 loss=0.0000
INFO:  [DM] epoch 2297/6000 reward=1.5369 profit=0.5369 on_time=1.0000 loss=0.0000
INFO:  [DM] epoch 2298/6000 reward=1.4730 profit=0.4730 on_time=1.0000 loss=0.0000
INFO:  [DM] epoch 2299/6000 reward=1.5266 profit=0.5266 on_time=1.0000 loss=-0.0000
INFO:  [DM] epoch 2300/6000 reward=1.4806 profit=0.4806 on_time=1.0000 loss=-0.0000
INFO:  [DM] epoch 2301/6000 reward=1.4714 profit=0.4714 on_time=1.0000 loss=0.0000
INFO:  [DM] epoch 2302/6000 reward=1.5208 profit=0.5208 on_time=1.0000 loss=0.0000
INFO:  [DM] epoch 2303/6000 reward=1.5271 profit=0.5271 on_time=1.0000 loss=0.0001
INFO:  [DM] epoch 2304/6000 reward=1.5282 profit=0.5282 on_time=1.0000 loss=-0.0000
INFO:  [DM] epoch 2305/6000 reward=1.5262 profit=0.5262 on_time=1.0000 loss=0.0006
INFO:  [DM] epoch 2306/6000 reward=1.4672 profit=0.4672 on_time=1.0000 loss=0.0000
INFO:  [DM] epoch 2307/6000 reward=1.5333 profit=0.5333 on_time=1.0000 loss=0.0000
INFO:  [DM] epoch 2308/6000 reward=1.5164 profit=0.5164 on_time=1.0000 loss=0.0000
INFO:  [DM] epoch 2309/6000 reward=1.5356 profit=0.5356 on_time=1.0000 loss=0.0002
INFO:  [DM] epoch 2310/6000 reward=1.5222 profit=0.5222 on_time=1.0000 loss=0.0000
INFO:  [DM] epoch 2311/6000 reward=1.5275 profit=0.5275 on_time=1.0000 loss=0.0000
INFO:  [DM] epoch 2312/6000 reward=1.5033 profit=0.5033 on_time=1.0000 loss=0.0000
INFO:  [DM] epoch 2313/6000 reward=1.5472 profit=0.5472 on_time=1.0000 loss=-0.0000
INFO:  [DM] epoch 2314/6000 reward=1.5358 profit=0.5358 on_time=1.0000 loss=0.0000
INFO:  [DM] epoch 2315/6000 reward=1.4678 profit=0.4678 on_time=1.0000 loss=0.0000
INFO:  [DM] epoch 2316/6000 reward=1.5209 profit=0.5209 on_time=1.0000 loss=-0.0000
INFO:  [DM] epoch 2317/6000 reward=1.5355 profit=0.5355 on_time=1.0000 loss=0.0000
INFO:  [DM] epoch 2318/6000 reward=1.5173 profit=0.5173 on_time=1.0000 loss=-0.0000
INFO:  [DM] epoch 2319/6000 reward=1.5146 profit=0.5146 on_time=1.0000 loss=-0.0000
INFO:  [DM] epoch 2320/6000 reward=1.5005 profit=0.5005 on_time=1.0000 loss=0.0000
INFO:  [DM] epoch 2321/6000 reward=1.5243 profit=0.5243 on_time=1.0000 loss=0.0000
INFO:  [DM] epoch 2322/6000 reward=1.5451 profit=0.5451 on_time=1.0000 loss=0.0000
INFO:  [DM] epoch 2323/6000 reward=1.5310 profit=0.5310 on_time=1.0000 loss=0.0000
INFO:  [DM] epoch 2324/6000 reward=1.5496 profit=0.5496 on_time=1.0000 loss=-0.0000
INFO:  [DM] epoch 2325/6000 reward=1.5023 profit=0.5023 on_time=1.0000 loss=-0.0000
INFO:  [DM] epoch 2326/6000 reward=1.5322 profit=0.5322 on_time=1.0000 loss=0.0000
INFO:  [DM] epoch 2327/6000 reward=1.5175 profit=0.5175 on_time=1.0000 loss=0.0000
INFO:  [DM] epoch 2328/6000 reward=1.5078 profit=0.5078 on_time=1.0000 loss=-0.0000
INFO:  [DM] epoch 2329/6000 reward=1.5144 profit=0.5144 on_time=1.0000 loss=-0.0000
INFO:  [DM] epoch 2330/6000 reward=1.5057 profit=0.5057 on_time=1.0000 loss=-0.0000
INFO:  [DM] epoch 2331/6000 reward=1.5445 profit=0.5445 on_time=1.0000 loss=-0.0000
INFO:  [DM] epoch 2332/6000 reward=1.5500 profit=0.5500 on_time=1.0000 loss=-0.0000
INFO:  [DM] epoch 2333/6000 reward=1.5295 profit=0.5295 on_time=1.0000 loss=-0.0000
INFO:  [DM] epoch 2334/6000 reward=1.5083 profit=0.5083 on_time=1.0000 loss=0.0000
INFO:  [DM] epoch 2335/6000 reward=1.5189 profit=0.5189 on_time=1.0000 loss=-0.0000
INFO:  [DM] epoch 2336/6000 reward=1.4554 profit=0.4554 on_time=1.0000 loss=-0.0000
INFO:  [DM] epoch 2337/6000 reward=1.5426 profit=0.5426 on_time=1.0000 loss=-0.0000
INFO:  [DM] epoch 2338/6000 reward=1.5173 profit=0.5173 on_time=1.0000 loss=-0.0000
INFO:  [DM] epoch 2339/6000 reward=1.5085 profit=0.5085 on_time=1.0000 loss=-0.0000
INFO:  [DM] epoch 2340/6000 reward=1.4912 profit=0.4912 on_time=1.0000 loss=0.0000
INFO:  [DM] epoch 2341/6000 reward=1.5389 profit=0.5389 on_time=1.0000 loss=-0.0000
INFO:  [DM] epoch 2342/6000 reward=1.5622 profit=0.5622 on_time=1.0000 loss=0.0000
INFO:  [DM] epoch 2343/6000 reward=1.5213 profit=0.5213 on_time=1.0000 loss=0.0000
INFO:  [DM] epoch 2344/6000 reward=1.5090 profit=0.5090 on_time=1.0000 loss=0.0000
INFO:  [DM] epoch 2345/6000 reward=1.4865 profit=0.4865 on_time=1.0000 loss=0.0000
INFO:  [DM] epoch 2346/6000 reward=1.5328 profit=0.5328 on_time=1.0000 loss=0.0000
INFO:  [DM] epoch 2347/6000 reward=1.5177 profit=0.5177 on_time=1.0000 loss=0.0030
INFO:  [DM] epoch 2348/6000 reward=1.4809 profit=0.4809 on_time=1.0000 loss=0.0000
INFO:  [DM] epoch 2349/6000 reward=1.5303 profit=0.5303 on_time=1.0000 loss=0.0000
INFO:  [DM] epoch 2350/6000 reward=1.5071 profit=0.5071 on_time=1.0000 loss=-0.0000
INFO:  [DM] epoch 2351/6000 reward=1.5412 profit=0.5412 on_time=1.0000 loss=-0.0000
INFO:  [DM] epoch 2352/6000 reward=1.5501 profit=0.5501 on_time=1.0000 loss=-0.0000
INFO:  [DM] epoch 2353/6000 reward=1.5362 profit=0.5362 on_time=1.0000 loss=-0.0000
INFO:  [DM] epoch 2354/6000 reward=1.5480 profit=0.5480 on_time=1.0000 loss=-0.0000
INFO:  [DM] epoch 2355/6000 reward=1.5336 profit=0.5336 on_time=1.0000 loss=-0.0000
INFO:  [DM] epoch 2356/6000 reward=1.5554 profit=0.5554 on_time=1.0000 loss=-0.0000
INFO:  [DM] epoch 2357/6000 reward=1.4964 profit=0.4964 on_time=1.0000 loss=0.0000
INFO:  [DM] epoch 2358/6000 reward=1.5230 profit=0.5230 on_time=1.0000 loss=-0.0000
INFO:  [DM] epoch 2359/6000 reward=1.5419 profit=0.5419 on_time=1.0000 loss=-0.0000
INFO:  [DM] epoch 2360/6000 reward=1.5258 profit=0.5258 on_time=1.0000 loss=-0.0000
INFO:  [DM] epoch 2361/6000 reward=1.5252 profit=0.5252 on_time=1.0000 loss=0.0000
INFO:  [DM] epoch 2362/6000 reward=1.4970 profit=0.4970 on_time=1.0000 loss=0.0000
INFO:  [DM] epoch 2363/6000 reward=1.5249 profit=0.5249 on_time=1.0000 loss=-0.0000
INFO:  [DM] epoch 2364/6000 reward=1.5344 profit=0.5344 on_time=1.0000 loss=-0.0000
INFO:  [DM] epoch 2365/6000 reward=1.5189 profit=0.5189 on_time=1.0000 loss=-0.0000
INFO:  [DM] epoch 2366/6000 reward=1.4969 profit=0.4969 on_time=1.0000 loss=-0.0001
INFO:  [DM] epoch 2367/6000 reward=1.5715 profit=0.5715 on_time=1.0000 loss=-0.0000
INFO:  [DM] epoch 2368/6000 reward=1.5335 profit=0.5335 on_time=1.0000 loss=-0.0001
INFO:  [DM] epoch 2369/6000 reward=1.5051 profit=0.5051 on_time=1.0000 loss=-0.0000
INFO:  [DM] epoch 2370/6000 reward=1.4568 profit=0.4568 on_time=1.0000 loss=-0.0000
INFO:  [DM] epoch 2371/6000 reward=1.5605 profit=0.5605 on_time=1.0000 loss=0.0020
INFO:  [DM] epoch 2372/6000 reward=1.5765 profit=0.5765 on_time=1.0000 loss=0.0000
INFO:  [DM] epoch 2373/6000 reward=1.4979 profit=0.4979 on_time=1.0000 loss=0.0000
INFO:  [DM] epoch 2374/6000 reward=1.5039 profit=0.5039 on_time=1.0000 loss=-0.0000
INFO:  [DM] epoch 2375/6000 reward=1.5171 profit=0.5171 on_time=1.0000 loss=-0.0001
INFO:  [DM] epoch 2376/6000 reward=1.5295 profit=0.5295 on_time=1.0000 loss=-0.0026
INFO:  [DM] epoch 2377/6000 reward=1.5657 profit=0.5657 on_time=1.0000 loss=-0.0000
INFO:  [DM] epoch 2378/6000 reward=1.5282 profit=0.5282 on_time=1.0000 loss=-0.0000
INFO:  [DM] epoch 2379/6000 reward=1.4968 profit=0.4968 on_time=1.0000 loss=0.0000
INFO:  [DM] epoch 2380/6000 reward=1.5223 profit=0.5223 on_time=1.0000 loss=-0.0000
INFO:  [DM] epoch 2381/6000 reward=1.4810 profit=0.5123 on_time=0.9688 loss=-0.0002
INFO:  [DM] epoch 2382/6000 reward=1.4340 profit=0.4809 on_time=0.9531 loss=-0.0062
INFO:  [DM] epoch 2383/6000 reward=1.4973 profit=0.5286 on_time=0.9688 loss=-0.0011
INFO:  [DM] epoch 2384/6000 reward=1.4255 profit=0.4724 on_time=0.9531 loss=-0.0157
INFO:  [DM] epoch 2385/6000 reward=1.5038 profit=0.5038 on_time=1.0000 loss=-0.0000
INFO:  [DM] epoch 2386/6000 reward=1.4656 profit=0.4969 on_time=0.9688 loss=-0.0018
INFO:  [DM] epoch 2387/6000 reward=1.5102 profit=0.5102 on_time=1.0000 loss=-0.0080
INFO:  [DM] epoch 2388/6000 reward=1.5592 profit=0.5592 on_time=1.0000 loss=0.0000
INFO:  [DM] epoch 2389/6000 reward=1.5074 profit=0.5231 on_time=0.9844 loss=-0.0891
INFO:  [DM] epoch 2390/6000 reward=1.5135 profit=0.5291 on_time=0.9844 loss=-0.0001
INFO:  [DM] epoch 2391/6000 reward=1.4509 profit=0.5134 on_time=0.9375 loss=-0.0013
INFO:  [DM] epoch 2392/6000 reward=1.4157 profit=0.5251 on_time=0.8906 loss=-0.0160
INFO:  [DM] epoch 2393/6000 reward=1.4739 profit=0.5208 on_time=0.9531 loss=-0.0117
INFO:  [DM] epoch 2394/6000 reward=1.5032 profit=0.5188 on_time=0.9844 loss=-0.0020
INFO:  [DM] epoch 2395/6000 reward=1.5327 profit=0.5483 on_time=0.9844 loss=-0.0005
INFO:  [DM] epoch 2396/6000 reward=1.5621 profit=0.5621 on_time=1.0000 loss=-0.0000
INFO:  [DM] epoch 2397/6000 reward=1.5064 profit=0.5220 on_time=0.9844 loss=-0.0012
INFO:  [DM] epoch 2398/6000 reward=1.4200 profit=0.4669 on_time=0.9531 loss=-0.0018
INFO:  [DM] epoch 2399/6000 reward=1.4445 profit=0.5226 on_time=0.9219 loss=-0.0120
INFO:  [DM] epoch 2400/6000 reward=1.5049 profit=0.5361 on_time=0.9688 loss=0.0002
INFO:  [DM] epoch 2401/6000 reward=1.4949 profit=0.4949 on_time=1.0000 loss=0.0000
INFO:  [DM] epoch 2402/6000 reward=1.5240 profit=0.5240 on_time=1.0000 loss=0.0000
INFO:  [DM] epoch 2403/6000 reward=1.5036 profit=0.5036 on_time=1.0000 loss=0.0000
INFO:  [DM] epoch 2404/6000 reward=1.5055 profit=0.5055 on_time=1.0000 loss=0.0000
INFO:  [DM] epoch 2405/6000 reward=1.5116 profit=0.5272 on_time=0.9844 loss=-0.0000
INFO:  [DM] epoch 2406/6000 reward=1.5195 profit=0.5195 on_time=1.0000 loss=0.0000
INFO:  [DM] epoch 2407/6000 reward=1.4987 profit=0.4987 on_time=1.0000 loss=-0.0000
INFO:  [DM] epoch 2408/6000 reward=1.5343 profit=0.5343 on_time=1.0000 loss=0.0001
INFO:  [DM] epoch 2409/6000 reward=1.4607 profit=0.5075 on_time=0.9531 loss=-0.0227
INFO:  [DM] epoch 2410/6000 reward=1.4878 profit=0.5034 on_time=0.9844 loss=-0.0046
INFO:  [DM] epoch 2411/6000 reward=1.5209 profit=0.5209 on_time=1.0000 loss=0.0001
INFO:  [DM] epoch 2412/6000 reward=1.5012 profit=0.5012 on_time=1.0000 loss=-0.0000
INFO:  [DM] epoch 2413/6000 reward=1.5373 profit=0.5373 on_time=1.0000 loss=0.0000
INFO:  [DM] epoch 2414/6000 reward=1.5096 profit=0.5096 on_time=1.0000 loss=-0.0011
INFO:  [DM] epoch 2415/6000 reward=1.4753 profit=0.4910 on_time=0.9844 loss=-0.0050
INFO:  [DM] epoch 2416/6000 reward=1.5320 profit=0.5632 on_time=0.9688 loss=-0.0001
INFO:  [DM] epoch 2417/6000 reward=1.4500 profit=0.4968 on_time=0.9531 loss=-0.0099
INFO:  [DM] epoch 2418/6000 reward=1.4867 profit=0.5023 on_time=0.9844 loss=-0.0000
INFO:  [DM] epoch 2419/6000 reward=1.4623 profit=0.4936 on_time=0.9688 loss=0.0001
INFO:  [DM] epoch 2420/6000 reward=1.4092 profit=0.4717 on_time=0.9375 loss=-0.0049
INFO:  [DM] epoch 2421/6000 reward=1.4531 profit=0.4844 on_time=0.9688 loss=-0.0009
INFO:  [DM] epoch 2422/6000 reward=1.4645 profit=0.5113 on_time=0.9531 loss=0.0000
INFO:  [DM] epoch 2423/6000 reward=1.5289 profit=0.5289 on_time=1.0000 loss=0.0017
INFO:  [DM] epoch 2424/6000 reward=1.4853 profit=0.5009 on_time=0.9844 loss=0.0002
INFO:  [DM] epoch 2425/6000 reward=1.5314 profit=0.5470 on_time=0.9844 loss=0.0003
INFO:  [DM] epoch 2426/6000 reward=1.4739 profit=0.5208 on_time=0.9531 loss=-0.0193
INFO:  [DM] epoch 2427/6000 reward=1.4844 profit=0.5157 on_time=0.9688 loss=-0.0007
INFO:  [DM] epoch 2428/6000 reward=1.4547 profit=0.5172 on_time=0.9375 loss=-0.0000
INFO:  [DM] epoch 2429/6000 reward=1.5204 profit=0.5204 on_time=1.0000 loss=-0.0055
INFO:  [DM] epoch 2430/6000 reward=1.4786 profit=0.5411 on_time=0.9375 loss=-0.0051
INFO:  [DM] epoch 2431/6000 reward=1.4418 profit=0.5043 on_time=0.9375 loss=-0.0000
INFO:  [DM] epoch 2432/6000 reward=1.5302 profit=0.5614 on_time=0.9688 loss=-0.0009
INFO:  [DM] epoch 2433/6000 reward=1.4482 profit=0.5263 on_time=0.9219 loss=-0.0347
INFO:  [DM] epoch 2434/6000 reward=1.4816 profit=0.5129 on_time=0.9688 loss=-0.0000
INFO:  [DM] epoch 2435/6000 reward=1.4880 profit=0.5349 on_time=0.9531 loss=-0.0396
INFO:  [DM] epoch 2436/6000 reward=1.4816 profit=0.5128 on_time=0.9688 loss=-0.0001
INFO:  [DM] epoch 2437/6000 reward=1.4667 profit=0.5605 on_time=0.9062 loss=-0.0076
INFO:  [DM] epoch 2438/6000 reward=1.5223 profit=0.5223 on_time=1.0000 loss=-0.0000
INFO:  [DM] epoch 2439/6000 reward=1.4936 profit=0.5092 on_time=0.9844 loss=-0.0008
INFO:  [DM] epoch 2440/6000 reward=1.4784 profit=0.5409 on_time=0.9375 loss=-0.0010
INFO:  [DM] epoch 2441/6000 reward=1.5185 profit=0.5341 on_time=0.9844 loss=-0.0000
INFO:  [DM] epoch 2442/6000 reward=1.5473 profit=0.5473 on_time=1.0000 loss=-0.0000
INFO:  [DM] epoch 2443/6000 reward=1.4962 profit=0.4962 on_time=1.0000 loss=0.0000
INFO:  [DM] epoch 2444/6000 reward=1.4999 profit=0.4999 on_time=1.0000 loss=-0.0000
INFO:  [DM] epoch 2445/6000 reward=1.4946 profit=0.4946 on_time=1.0000 loss=-0.0000
INFO:  [DM] epoch 2446/6000 reward=1.4862 profit=0.4862 on_time=1.0000 loss=-0.0000
INFO:  [DM] epoch 2447/6000 reward=1.5276 profit=0.5276 on_time=1.0000 loss=-0.0000
INFO:  [DM] epoch 2448/6000 reward=1.4914 profit=0.4914 on_time=1.0000 loss=-0.0000
INFO:  [DM] epoch 2449/6000 reward=1.4910 profit=0.4910 on_time=1.0000 loss=-0.0000
INFO:  [DM] epoch 2450/6000 reward=1.5244 profit=0.5244 on_time=1.0000 loss=-0.0002
INFO:  [DM] epoch 2451/6000 reward=1.5243 profit=0.5243 on_time=1.0000 loss=-0.0000
INFO:  [DM] epoch 2452/6000 reward=1.4995 profit=0.4995 on_time=1.0000 loss=0.0000
INFO:  [DM] epoch 2453/6000 reward=1.5162 profit=0.5162 on_time=1.0000 loss=0.0000
INFO:  [DM] epoch 2454/6000 reward=1.5729 profit=0.5729 on_time=1.0000 loss=-0.0000
INFO:  [DM] epoch 2455/6000 reward=1.5165 profit=0.5165 on_time=1.0000 loss=-0.0000
INFO:  [DM] epoch 2456/6000 reward=1.5317 profit=0.5317 on_time=1.0000 loss=-0.0000
INFO:  [DM] epoch 2457/6000 reward=1.4939 profit=0.5095 on_time=0.9844 loss=-0.0001
INFO:  [DM] epoch 2458/6000 reward=1.5303 profit=0.5303 on_time=1.0000 loss=-0.0000
INFO:  [DM] epoch 2459/6000 reward=1.5219 profit=0.5219 on_time=1.0000 loss=0.0000
INFO:  [DM] epoch 2460/6000 reward=1.5289 profit=0.5446 on_time=0.9844 loss=-0.0002
INFO:  [DM] epoch 2461/6000 reward=1.5200 profit=0.5200 on_time=1.0000 loss=0.0000
INFO:  [DM] epoch 2462/6000 reward=1.4843 profit=0.4999 on_time=0.9844 loss=-0.0469
INFO:  [DM] epoch 2463/6000 reward=1.5114 profit=0.5114 on_time=1.0000 loss=0.0000
INFO:  [DM] epoch 2464/6000 reward=1.5740 profit=0.5740 on_time=1.0000 loss=-0.0000
INFO:  [DM] epoch 2465/6000 reward=1.5028 profit=0.5185 on_time=0.9844 loss=-0.0209
INFO:  [DM] epoch 2466/6000 reward=1.5253 profit=0.5253 on_time=1.0000 loss=0.0000
INFO:  [DM] epoch 2467/6000 reward=1.4882 profit=0.4882 on_time=1.0000 loss=-0.0000
INFO:  [DM] epoch 2468/6000 reward=1.5390 profit=0.5390 on_time=1.0000 loss=0.0000
INFO:  [DM] epoch 2469/6000 reward=1.4758 profit=0.4914 on_time=0.9844 loss=-0.0014
INFO:  [DM] epoch 2470/6000 reward=1.5079 profit=0.5235 on_time=0.9844 loss=-0.0303
INFO:  [DM] epoch 2471/6000 reward=1.5175 profit=0.5175 on_time=1.0000 loss=-0.0000
INFO:  [DM] epoch 2472/6000 reward=1.5508 profit=0.5508 on_time=1.0000 loss=0.0000
INFO:  [DM] epoch 2473/6000 reward=1.5552 profit=0.5709 on_time=0.9844 loss=0.0000
INFO:  [DM] epoch 2474/6000 reward=1.4691 profit=0.4848 on_time=0.9844 loss=-0.0013
INFO:  [DM] epoch 2475/6000 reward=1.4863 profit=0.4863 on_time=1.0000 loss=0.0000
INFO:  [DM] epoch 2476/6000 reward=1.5030 profit=0.5186 on_time=0.9844 loss=-0.0002
INFO:  [DM] epoch 2477/6000 reward=1.5163 profit=0.5163 on_time=1.0000 loss=0.0000
INFO:  [DM] epoch 2478/6000 reward=1.5525 profit=0.5525 on_time=1.0000 loss=-0.0001
INFO:  [DM] epoch 2479/6000 reward=1.4658 profit=0.4814 on_time=0.9844 loss=-0.0041
INFO:  [DM] epoch 2480/6000 reward=1.4741 profit=0.5053 on_time=0.9688 loss=-0.0013
INFO:  [DM] epoch 2481/6000 reward=1.5089 profit=0.5245 on_time=0.9844 loss=0.0001
INFO:  [DM] epoch 2482/6000 reward=1.4585 profit=0.4741 on_time=0.9844 loss=-0.0153
INFO:  [DM] epoch 2483/6000 reward=1.5294 profit=0.5294 on_time=1.0000 loss=-0.0000
INFO:  [DM] epoch 2484/6000 reward=1.5285 profit=0.5285 on_time=1.0000 loss=-0.0000
INFO:  [DM] epoch 2485/6000 reward=1.5008 profit=0.5008 on_time=1.0000 loss=-0.0000
INFO:  [DM] epoch 2486/6000 reward=1.5316 profit=0.5316 on_time=1.0000 loss=-0.0000
INFO:  [DM] epoch 2487/6000 reward=1.5644 profit=0.5644 on_time=1.0000 loss=-0.0000
INFO:  [DM] epoch 2488/6000 reward=1.5372 profit=0.5372 on_time=1.0000 loss=-0.0000
INFO:  [DM] epoch 2489/6000 reward=1.5278 profit=0.5278 on_time=1.0000 loss=-0.0000
INFO:  [DM] epoch 2490/6000 reward=1.4941 profit=0.4941 on_time=1.0000 loss=-0.0000
INFO:  [DM] epoch 2491/6000 reward=1.4913 profit=0.5070 on_time=0.9844 loss=-0.0021
INFO:  [DM] epoch 2492/6000 reward=1.4772 profit=0.4772 on_time=1.0000 loss=-0.0000
INFO:  [DM] epoch 2493/6000 reward=1.5058 profit=0.5215 on_time=0.9844 loss=-0.0094
INFO:  [DM] epoch 2494/6000 reward=1.5199 profit=0.5199 on_time=1.0000 loss=-0.0000
INFO:  [DM] epoch 2495/6000 reward=1.5287 profit=0.5287 on_time=1.0000 loss=-0.0000
INFO:  [DM] epoch 2496/6000 reward=1.5278 profit=0.5278 on_time=1.0000 loss=-0.0000
INFO:  [DM] epoch 2497/6000 reward=1.4723 profit=0.4880 on_time=0.9844 loss=-0.0167
INFO:  [DM] epoch 2498/6000 reward=1.5127 profit=0.5127 on_time=1.0000 loss=-0.0000
INFO:  [DM] epoch 2499/6000 reward=1.5328 profit=0.5328 on_time=1.0000 loss=-0.0000
INFO:  [DM] epoch 2500/6000 reward=1.4844 profit=0.4844 on_time=1.0000 loss=-0.0000
INFO:  [DM] epoch 2501/6000 reward=1.5049 profit=0.5049 on_time=1.0000 loss=-0.0000
INFO:  [DM] epoch 2502/6000 reward=1.5547 profit=0.5547 on_time=1.0000 loss=-0.0000
INFO:  [DM] epoch 2503/6000 reward=1.5115 profit=0.5115 on_time=1.0000 loss=-0.0000
INFO:  [DM] epoch 2504/6000 reward=1.5398 profit=0.5398 on_time=1.0000 loss=-0.0000
INFO:  [DM] epoch 2505/6000 reward=1.5536 profit=0.5536 on_time=1.0000 loss=-0.0000
INFO:  [DM] epoch 2506/6000 reward=1.5207 profit=0.5207 on_time=1.0000 loss=-0.0000
INFO:  [DM] epoch 2507/6000 reward=1.4905 profit=0.4905 on_time=1.0000 loss=-0.0000
INFO:  [DM] epoch 2508/6000 reward=1.5105 profit=0.5105 on_time=1.0000 loss=-0.0000
INFO:  [DM] epoch 2509/6000 reward=1.5320 profit=0.5320 on_time=1.0000 loss=-0.0000
INFO:  [DM] epoch 2510/6000 reward=1.5174 profit=0.5174 on_time=1.0000 loss=-0.0000
INFO:  [DM] epoch 2511/6000 reward=1.5517 profit=0.5517 on_time=1.0000 loss=-0.0000
INFO:  [DM] epoch 2512/6000 reward=1.4941 profit=0.4941 on_time=1.0000 loss=-0.0000
INFO:  [DM] epoch 2513/6000 reward=1.4935 profit=0.4935 on_time=1.0000 loss=-0.0000
INFO:  [DM] epoch 2514/6000 reward=1.5231 profit=0.5231 on_time=1.0000 loss=-0.0000
INFO:  [DM] epoch 2515/6000 reward=1.5213 profit=0.5213 on_time=1.0000 loss=-0.0000
INFO:  [DM] epoch 2516/6000 reward=1.4847 profit=0.4847 on_time=1.0000 loss=-0.0000
INFO:  [DM] epoch 2517/6000 reward=1.5457 profit=0.5457 on_time=1.0000 loss=-0.0000
INFO:  [DM] epoch 2518/6000 reward=1.5019 profit=0.5019 on_time=1.0000 loss=-0.0000
INFO:  [DM] epoch 2519/6000 reward=1.5271 profit=0.5271 on_time=1.0000 loss=-0.0000
INFO:  [DM] epoch 2520/6000 reward=1.5489 profit=0.5489 on_time=1.0000 loss=-0.0000
INFO:  [DM] epoch 2521/6000 reward=1.5350 profit=0.5350 on_time=1.0000 loss=-0.0000
INFO:  [DM] epoch 2522/6000 reward=1.5269 profit=0.5269 on_time=1.0000 loss=-0.0000
INFO:  [DM] epoch 2523/6000 reward=1.4916 profit=0.4916 on_time=1.0000 loss=-0.0000
INFO:  [DM] epoch 2524/6000 reward=1.5449 profit=0.5449 on_time=1.0000 loss=-0.0000
INFO:  [DM] epoch 2525/6000 reward=1.5865 profit=0.5865 on_time=1.0000 loss=-0.0000
INFO:  [DM] epoch 2526/6000 reward=1.5227 profit=0.5227 on_time=1.0000 loss=-0.0000
INFO:  [DM] epoch 2527/6000 reward=1.4957 profit=0.4957 on_time=1.0000 loss=-0.0000
INFO:  [DM] epoch 2528/6000 reward=1.5119 profit=0.5119 on_time=1.0000 loss=-0.0000
INFO:  [DM] epoch 2529/6000 reward=1.5414 profit=0.5414 on_time=1.0000 loss=-0.0000
INFO:  [DM] epoch 2530/6000 reward=1.5258 profit=0.5258 on_time=1.0000 loss=-0.0000
INFO:  [DM] epoch 2531/6000 reward=1.5419 profit=0.5419 on_time=1.0000 loss=-0.0000
INFO:  [DM] epoch 2532/6000 reward=1.4904 profit=0.4904 on_time=1.0000 loss=-0.0000
INFO:  [DM] epoch 2533/6000 reward=1.5002 profit=0.5002 on_time=1.0000 loss=-0.0000
INFO:  [DM] epoch 2534/6000 reward=1.5165 profit=0.5165 on_time=1.0000 loss=-0.0000
INFO:  [DM] epoch 2535/6000 reward=1.5687 profit=0.5687 on_time=1.0000 loss=-0.0000
INFO:  [DM] epoch 2536/6000 reward=1.5310 profit=0.5310 on_time=1.0000 loss=-0.0000
INFO:  [DM] epoch 2537/6000 reward=1.5187 profit=0.5187 on_time=1.0000 loss=-0.0000
INFO:  [DM] epoch 2538/6000 reward=1.5076 profit=0.5076 on_time=1.0000 loss=-0.0000
INFO:  [DM] epoch 2539/6000 reward=1.5216 profit=0.5216 on_time=1.0000 loss=-0.0000
INFO:  [DM] epoch 2540/6000 reward=1.5449 profit=0.5449 on_time=1.0000 loss=-0.0000
INFO:  [DM] epoch 2541/6000 reward=1.5468 profit=0.5468 on_time=1.0000 loss=-0.0000
INFO:  [DM] epoch 2542/6000 reward=1.5371 profit=0.5371 on_time=1.0000 loss=-0.0000
INFO:  [DM] epoch 2543/6000 reward=1.5312 profit=0.5312 on_time=1.0000 loss=-0.0000
INFO:  [DM] epoch 2544/6000 reward=1.5196 profit=0.5196 on_time=1.0000 loss=-0.0000
INFO:  [DM] epoch 2545/6000 reward=1.4970 profit=0.4970 on_time=1.0000 loss=-0.0000
INFO:  [DM] epoch 2546/6000 reward=1.4674 profit=0.4830 on_time=0.9844 loss=-0.0321
INFO:  [DM] epoch 2547/6000 reward=1.5125 profit=0.5125 on_time=1.0000 loss=-0.0000
INFO:  [DM] epoch 2548/6000 reward=1.5383 profit=0.5383 on_time=1.0000 loss=-0.0000
INFO:  [DM] epoch 2549/6000 reward=1.5442 profit=0.5442 on_time=1.0000 loss=-0.0000
INFO:  [DM] epoch 2550/6000 reward=1.5130 profit=0.5130 on_time=1.0000 loss=-0.0000
INFO:  [DM] epoch 2551/6000 reward=1.5073 profit=0.5073 on_time=1.0000 loss=0.0000
INFO:  [DM] epoch 2552/6000 reward=1.5378 profit=0.5378 on_time=1.0000 loss=-0.0000
INFO:  [DM] epoch 2553/6000 reward=1.5061 profit=0.5061 on_time=1.0000 loss=-0.0000
INFO:  [DM] epoch 2554/6000 reward=1.5342 profit=0.5342 on_time=1.0000 loss=-0.0000
INFO:  [DM] epoch 2555/6000 reward=1.4631 profit=0.4631 on_time=1.0000 loss=-0.0000
INFO:  [DM] epoch 2556/6000 reward=1.4882 profit=0.4882 on_time=1.0000 loss=-0.0000
INFO:  [DM] epoch 2557/6000 reward=1.5271 profit=0.5271 on_time=1.0000 loss=-0.0000
INFO:  [DM] epoch 2558/6000 reward=1.5371 profit=0.5371 on_time=1.0000 loss=-0.0000
INFO:  [DM] epoch 2559/6000 reward=1.5180 profit=0.5180 on_time=1.0000 loss=-0.0000
INFO:  [DM] epoch 2560/6000 reward=1.5304 profit=0.5304 on_time=1.0000 loss=-0.0000
INFO:  [DM] epoch 2561/6000 reward=1.5355 profit=0.5355 on_time=1.0000 loss=-0.0000
INFO:  [DM] epoch 2562/6000 reward=1.5215 profit=0.5215 on_time=1.0000 loss=-0.0000
INFO:  [DM] epoch 2563/6000 reward=1.5379 profit=0.5379 on_time=1.0000 loss=-0.0000
INFO:  [DM] epoch 2564/6000 reward=1.5178 profit=0.5178 on_time=1.0000 loss=-0.0000
INFO:  [DM] epoch 2565/6000 reward=1.5087 profit=0.5087 on_time=1.0000 loss=-0.0000
INFO:  [DM] epoch 2566/6000 reward=1.5168 profit=0.5324 on_time=0.9844 loss=-0.0015
INFO:  [DM] epoch 2567/6000 reward=1.5397 profit=0.5397 on_time=1.0000 loss=-0.0000
INFO:  [DM] epoch 2568/6000 reward=1.5078 profit=0.5078 on_time=1.0000 loss=0.0000
INFO:  [DM] epoch 2569/6000 reward=1.5359 profit=0.5359 on_time=1.0000 loss=-0.0000
INFO:  [DM] epoch 2570/6000 reward=1.5198 profit=0.5198 on_time=1.0000 loss=-0.0000
INFO:  [DM] epoch 2571/6000 reward=1.5200 profit=0.5200 on_time=1.0000 loss=-0.0000
INFO:  [DM] epoch 2572/6000 reward=1.5011 profit=0.5011 on_time=1.0000 loss=-0.0000
INFO:  [DM] epoch 2573/6000 reward=1.5026 profit=0.5026 on_time=1.0000 loss=-0.0000
INFO:  [DM] epoch 2574/6000 reward=1.4614 profit=0.4614 on_time=1.0000 loss=-0.0000
INFO:  [DM] epoch 2575/6000 reward=1.5176 profit=0.5333 on_time=0.9844 loss=-0.0011
INFO:  [DM] epoch 2576/6000 reward=1.5331 profit=0.5331 on_time=1.0000 loss=0.0000
INFO:  [DM] epoch 2577/6000 reward=1.5172 profit=0.5172 on_time=1.0000 loss=-0.0000
INFO:  [DM] epoch 2578/6000 reward=1.4944 profit=0.4944 on_time=1.0000 loss=-0.0000
INFO:  [DM] epoch 2579/6000 reward=1.5401 profit=0.5401 on_time=1.0000 loss=-0.0000
INFO:  [DM] epoch 2580/6000 reward=1.4931 profit=0.5087 on_time=0.9844 loss=-0.0084
INFO:  [DM] epoch 2581/6000 reward=1.5555 profit=0.5555 on_time=1.0000 loss=-0.0000
INFO:  [DM] epoch 2582/6000 reward=1.5382 profit=0.5382 on_time=1.0000 loss=-0.0000
INFO:  [DM] epoch 2583/6000 reward=1.5104 profit=0.5104 on_time=1.0000 loss=-0.0000
INFO:  [DM] epoch 2584/6000 reward=1.5205 profit=0.5205 on_time=1.0000 loss=-0.0000
INFO:  [DM] epoch 2585/6000 reward=1.4989 profit=0.4989 on_time=1.0000 loss=-0.0000
INFO:  [DM] epoch 2586/6000 reward=1.5328 profit=0.5328 on_time=1.0000 loss=-0.0000
INFO:  [DM] epoch 2587/6000 reward=1.5117 profit=0.5117 on_time=1.0000 loss=-0.0000
INFO:  [DM] epoch 2588/6000 reward=1.5129 profit=0.5129 on_time=1.0000 loss=-0.0000
INFO:  [DM] epoch 2589/6000 reward=1.5215 profit=0.5215 on_time=1.0000 loss=-0.0000
INFO:  [DM] epoch 2590/6000 reward=1.5098 profit=0.5098 on_time=1.0000 loss=-0.0000
INFO:  [DM] epoch 2591/6000 reward=1.4935 profit=0.4935 on_time=1.0000 loss=0.0000
INFO:  [DM] epoch 2592/6000 reward=1.5390 profit=0.5390 on_time=1.0000 loss=-0.0000
INFO:  [DM] epoch 2593/6000 reward=1.5331 profit=0.5331 on_time=1.0000 loss=-0.0000
INFO:  [DM] epoch 2594/6000 reward=1.5280 profit=0.5280 on_time=1.0000 loss=-0.0000
INFO:  [DM] epoch 2595/6000 reward=1.4810 profit=0.4810 on_time=1.0000 loss=-0.0000
INFO:  [DM] epoch 2596/6000 reward=1.5054 profit=0.5054 on_time=1.0000 loss=-0.0000
INFO:  [DM] epoch 2597/6000 reward=1.5000 profit=0.5000 on_time=1.0000 loss=-0.0000
INFO:  [DM] epoch 2598/6000 reward=1.5209 profit=0.5209 on_time=1.0000 loss=-0.0000
INFO:  [DM] epoch 2599/6000 reward=1.5444 profit=0.5444 on_time=1.0000 loss=-0.0000
INFO:  [DM] epoch 2600/6000 reward=1.5248 profit=0.5248 on_time=1.0000 loss=-0.0000
INFO:  [DM] epoch 2601/6000 reward=1.5515 profit=0.5515 on_time=1.0000 loss=-0.0000
INFO:  [DM] epoch 2602/6000 reward=1.5162 profit=0.5162 on_time=1.0000 loss=-0.0000
INFO:  [DM] epoch 2603/6000 reward=1.5252 profit=0.5252 on_time=1.0000 loss=-0.0000
INFO:  [DM] epoch 2604/6000 reward=1.5192 profit=0.5192 on_time=1.0000 loss=-0.0000
INFO:  [DM] epoch 2605/6000 reward=1.5499 profit=0.5499 on_time=1.0000 loss=-0.0000
INFO:  [DM] epoch 2606/6000 reward=1.5100 profit=0.5100 on_time=1.0000 loss=-0.0000
INFO:  [DM] epoch 2607/6000 reward=1.4962 profit=0.5119 on_time=0.9844 loss=-0.0092
INFO:  [DM] epoch 2608/6000 reward=1.5178 profit=0.5178 on_time=1.0000 loss=-0.0000
INFO:  [DM] epoch 2609/6000 reward=1.5079 profit=0.5079 on_time=1.0000 loss=-0.0000
INFO:  [DM] epoch 2610/6000 reward=1.5653 profit=0.5653 on_time=1.0000 loss=-0.0000
INFO:  [DM] epoch 2611/6000 reward=1.5181 profit=0.5181 on_time=1.0000 loss=-0.0000
INFO:  [DM] epoch 2612/6000 reward=1.5368 profit=0.5368 on_time=1.0000 loss=-0.0000
INFO:  [DM] epoch 2613/6000 reward=1.5149 profit=0.5149 on_time=1.0000 loss=-0.0000
INFO:  [DM] epoch 2614/6000 reward=1.5046 profit=0.5046 on_time=1.0000 loss=-0.0000
INFO:  [DM] epoch 2615/6000 reward=1.4762 profit=0.4762 on_time=1.0000 loss=-0.0000
INFO:  [DM] epoch 2616/6000 reward=1.5387 profit=0.5387 on_time=1.0000 loss=-0.0000
INFO:  [DM] epoch 2617/6000 reward=1.5345 profit=0.5345 on_time=1.0000 loss=-0.0000
INFO:  [DM] epoch 2618/6000 reward=1.5036 profit=0.5036 on_time=1.0000 loss=-0.0000
INFO:  [DM] epoch 2619/6000 reward=1.5157 profit=0.5157 on_time=1.0000 loss=-0.0000
INFO:  [DM] epoch 2620/6000 reward=1.5542 profit=0.5542 on_time=1.0000 loss=-0.0000
INFO:  [DM] epoch 2621/6000 reward=1.5126 profit=0.5126 on_time=1.0000 loss=-0.0000
INFO:  [DM] epoch 2622/6000 reward=1.5265 profit=0.5265 on_time=1.0000 loss=-0.0000
INFO:  [DM] epoch 2623/6000 reward=1.5162 profit=0.5162 on_time=1.0000 loss=-0.0000
INFO:  [DM] epoch 2624/6000 reward=1.5700 profit=0.5700 on_time=1.0000 loss=0.0002
INFO:  [DM] epoch 2625/6000 reward=1.5039 profit=0.5039 on_time=1.0000 loss=-0.0000
INFO:  [DM] epoch 2626/6000 reward=1.5546 profit=0.5546 on_time=1.0000 loss=0.0000
INFO:  [DM] epoch 2627/6000 reward=1.5159 profit=0.5159 on_time=1.0000 loss=-0.0000
INFO:  [DM] epoch 2628/6000 reward=1.5366 profit=0.5366 on_time=1.0000 loss=-0.0000
INFO:  [DM] epoch 2629/6000 reward=1.4806 profit=0.4806 on_time=1.0000 loss=0.0000
INFO:  [DM] epoch 2630/6000 reward=1.5105 profit=0.5105 on_time=1.0000 loss=-0.0000
INFO:  [DM] epoch 2631/6000 reward=1.4894 profit=0.4894 on_time=1.0000 loss=-0.0000
INFO:  [DM] epoch 2632/6000 reward=1.5112 profit=0.5112 on_time=1.0000 loss=-0.0000
INFO:  [DM] epoch 2633/6000 reward=1.5158 profit=0.5158 on_time=1.0000 loss=0.0002
INFO:  [DM] epoch 2634/6000 reward=1.5505 profit=0.5505 on_time=1.0000 loss=0.0000
INFO:  [DM] epoch 2635/6000 reward=1.5686 profit=0.5686 on_time=1.0000 loss=-0.0000
INFO:  [DM] epoch 2636/6000 reward=1.5533 profit=0.5533 on_time=1.0000 loss=-0.0000
INFO:  [DM] epoch 2637/6000 reward=1.4992 profit=0.4992 on_time=1.0000 loss=-0.0000
INFO:  [DM] epoch 2638/6000 reward=1.4863 profit=0.5019 on_time=0.9844 loss=-0.0000
INFO:  [DM] epoch 2639/6000 reward=1.5250 profit=0.5250 on_time=1.0000 loss=-0.0000
INFO:  [DM] epoch 2640/6000 reward=1.5236 profit=0.5236 on_time=1.0000 loss=0.0000
INFO:  [DM] epoch 2641/6000 reward=1.5271 profit=0.5271 on_time=1.0000 loss=0.0000
INFO:  [DM] epoch 2642/6000 reward=1.5364 profit=0.5364 on_time=1.0000 loss=-0.0000
INFO:  [DM] epoch 2643/6000 reward=1.4994 profit=0.4994 on_time=1.0000 loss=-0.0000
INFO:  [DM] epoch 2644/6000 reward=1.4630 profit=0.4630 on_time=1.0000 loss=-0.0000
INFO:  [DM] epoch 2645/6000 reward=1.4917 profit=0.4917 on_time=1.0000 loss=0.0000
INFO:  [DM] epoch 2646/6000 reward=1.5253 profit=0.5253 on_time=1.0000 loss=-0.0000
INFO:  [DM] epoch 2647/6000 reward=1.5107 profit=0.5107 on_time=1.0000 loss=-0.0000
INFO:  [DM] epoch 2648/6000 reward=1.5501 profit=0.5501 on_time=1.0000 loss=0.0000
INFO:  [DM] epoch 2649/6000 reward=1.5391 profit=0.5391 on_time=1.0000 loss=-0.0000
INFO:  [DM] epoch 2650/6000 reward=1.5179 profit=0.5335 on_time=0.9844 loss=-0.0064
INFO:  [DM] epoch 2651/6000 reward=1.5152 profit=0.5152 on_time=1.0000 loss=-0.0000
INFO:  [DM] epoch 2652/6000 reward=1.4601 profit=0.4601 on_time=1.0000 loss=-0.0000
INFO:  [DM] epoch 2653/6000 reward=1.4933 profit=0.4933 on_time=1.0000 loss=-0.0000
INFO:  [DM] epoch 2654/6000 reward=1.5467 profit=0.5467 on_time=1.0000 loss=-0.0000
INFO:  [DM] epoch 2655/6000 reward=1.5167 profit=0.5167 on_time=1.0000 loss=-0.0000
INFO:  [DM] epoch 2656/6000 reward=1.5278 profit=0.5278 on_time=1.0000 loss=-0.0000
INFO:  [DM] epoch 2657/6000 reward=1.5234 profit=0.5234 on_time=1.0000 loss=-0.0000
INFO:  [DM] epoch 2658/6000 reward=1.4759 profit=0.4759 on_time=1.0000 loss=-0.0000
INFO:  [DM] epoch 2659/6000 reward=1.5346 profit=0.5346 on_time=1.0000 loss=-0.0000
INFO:  [DM] epoch 2660/6000 reward=1.5360 profit=0.5360 on_time=1.0000 loss=-0.0000
INFO:  [DM] epoch 2661/6000 reward=1.5418 profit=0.5418 on_time=1.0000 loss=-0.0000
INFO:  [DM] epoch 2662/6000 reward=1.4985 profit=0.4985 on_time=1.0000 loss=-0.0000
INFO:  [DM] epoch 2663/6000 reward=1.5022 profit=0.5022 on_time=1.0000 loss=0.0000
INFO:  [DM] epoch 2664/6000 reward=1.5488 profit=0.5488 on_time=1.0000 loss=-0.0000
INFO:  [DM] epoch 2665/6000 reward=1.5070 profit=0.5070 on_time=1.0000 loss=-0.0000
INFO:  [DM] epoch 2666/6000 reward=1.4881 profit=0.4881 on_time=1.0000 loss=0.0000
INFO:  [DM] epoch 2667/6000 reward=1.5178 profit=0.5178 on_time=1.0000 loss=-0.0000
INFO:  [DM] epoch 2668/6000 reward=1.5305 profit=0.5305 on_time=1.0000 loss=-0.0000
INFO:  [DM] epoch 2669/6000 reward=1.4470 profit=0.4470 on_time=1.0000 loss=-0.0000
INFO:  [DM] epoch 2670/6000 reward=1.5119 profit=0.5119 on_time=1.0000 loss=-0.0000
INFO:  [DM] epoch 2671/6000 reward=1.5223 profit=0.5223 on_time=1.0000 loss=-0.0000
INFO:  [DM] epoch 2672/6000 reward=1.5285 profit=0.5285 on_time=1.0000 loss=0.0000
INFO:  [DM] epoch 2673/6000 reward=1.5047 profit=0.5047 on_time=1.0000 loss=-0.0000
INFO:  [DM] epoch 2674/6000 reward=1.5683 profit=0.5683 on_time=1.0000 loss=-0.0000
INFO:  [DM] epoch 2675/6000 reward=1.5311 profit=0.5311 on_time=1.0000 loss=-0.0001
INFO:  [DM] epoch 2676/6000 reward=1.5129 profit=0.5129 on_time=1.0000 loss=-0.0000
INFO:  [DM] epoch 2677/6000 reward=1.5199 profit=0.5199 on_time=1.0000 loss=-0.0000
INFO:  [DM] epoch 2678/6000 reward=1.5501 profit=0.5501 on_time=1.0000 loss=-0.0000
INFO:  [DM] epoch 2679/6000 reward=1.5225 profit=0.5225 on_time=1.0000 loss=-0.0000
INFO:  [DM] epoch 2680/6000 reward=1.5494 profit=0.5494 on_time=1.0000 loss=-0.0000
INFO:  [DM] epoch 2681/6000 reward=1.5260 profit=0.5260 on_time=1.0000 loss=-0.0000
INFO:  [DM] epoch 2682/6000 reward=1.4915 profit=0.4915 on_time=1.0000 loss=-0.0000
INFO:  [DM] epoch 2683/6000 reward=1.4976 profit=0.4976 on_time=1.0000 loss=-0.0000
INFO:  [DM] epoch 2684/6000 reward=1.5054 profit=0.5054 on_time=1.0000 loss=-0.0000
INFO:  [DM] epoch 2685/6000 reward=1.4705 profit=0.4705 on_time=1.0000 loss=-0.0000
INFO:  [DM] epoch 2686/6000 reward=1.5010 profit=0.5010 on_time=1.0000 loss=-0.0000
INFO:  [DM] epoch 2687/6000 reward=1.5230 profit=0.5230 on_time=1.0000 loss=-0.0000
INFO:  [DM] epoch 2688/6000 reward=1.4920 profit=0.4920 on_time=1.0000 loss=-0.0000
INFO:  [DM] epoch 2689/6000 reward=1.5178 profit=0.5178 on_time=1.0000 loss=-0.0000
INFO:  [DM] epoch 2690/6000 reward=1.5150 profit=0.5150 on_time=1.0000 loss=-0.0000
INFO:  [DM] epoch 2691/6000 reward=1.5486 profit=0.5486 on_time=1.0000 loss=-0.0000
INFO:  [DM] epoch 2692/6000 reward=1.4760 profit=0.4760 on_time=1.0000 loss=-0.0000
INFO:  [DM] epoch 2693/6000 reward=1.5012 profit=0.5012 on_time=1.0000 loss=-0.0000
INFO:  [DM] epoch 2694/6000 reward=1.5340 profit=0.5340 on_time=1.0000 loss=-0.0000
INFO:  [DM] epoch 2695/6000 reward=1.5039 profit=0.5039 on_time=1.0000 loss=0.0000
INFO:  [DM] epoch 2696/6000 reward=1.4841 profit=0.4841 on_time=1.0000 loss=-0.0000
INFO:  [DM] epoch 2697/6000 reward=1.5352 profit=0.5352 on_time=1.0000 loss=-0.0001
INFO:  [DM] epoch 2698/6000 reward=1.5161 profit=0.5161 on_time=1.0000 loss=-0.0000
INFO:  [DM] epoch 2699/6000 reward=1.5290 profit=0.5290 on_time=1.0000 loss=-0.0000
INFO:  [DM] epoch 2700/6000 reward=1.5585 profit=0.5585 on_time=1.0000 loss=-0.0047
INFO:  [DM] epoch 2701/6000 reward=1.5422 profit=0.5422 on_time=1.0000 loss=-0.0000
INFO:  [DM] epoch 2702/6000 reward=1.5058 profit=0.5214 on_time=0.9844 loss=-0.0012
INFO:  [DM] epoch 2703/6000 reward=1.5435 profit=0.5435 on_time=1.0000 loss=-0.0017
INFO:  [DM] epoch 2704/6000 reward=1.5092 profit=0.5092 on_time=1.0000 loss=-0.0000
INFO:  [DM] epoch 2705/6000 reward=1.5327 profit=0.5483 on_time=0.9844 loss=-0.0041
INFO:  [DM] epoch 2706/6000 reward=1.4854 profit=0.5479 on_time=0.9375 loss=-0.0456
INFO:  [DM] epoch 2707/6000 reward=1.4990 profit=0.5146 on_time=0.9844 loss=-0.0123
INFO:  [DM] epoch 2708/6000 reward=1.5244 profit=0.5244 on_time=1.0000 loss=-0.0000
INFO:  [DM] epoch 2709/6000 reward=1.4718 profit=0.5187 on_time=0.9531 loss=-0.0045
INFO:  [DM] epoch 2710/6000 reward=1.5112 profit=0.5112 on_time=1.0000 loss=-0.0000
INFO:  [DM] epoch 2711/6000 reward=1.4770 profit=0.5082 on_time=0.9688 loss=-0.0016
INFO:  [DM] epoch 2712/6000 reward=1.5289 profit=0.5289 on_time=1.0000 loss=-0.0000
INFO:  [DM] epoch 2713/6000 reward=1.5098 profit=0.5098 on_time=1.0000 loss=-0.0000
INFO:  [DM] epoch 2714/6000 reward=1.5197 profit=0.5197 on_time=1.0000 loss=-0.0000
INFO:  [DM] epoch 2715/6000 reward=1.5458 profit=0.5458 on_time=1.0000 loss=-0.0002
INFO:  [DM] epoch 2716/6000 reward=1.4976 profit=0.4976 on_time=1.0000 loss=-0.0000
INFO:  [DM] epoch 2717/6000 reward=1.5068 profit=0.5068 on_time=1.0000 loss=-0.0001
INFO:  [DM] epoch 2718/6000 reward=1.4438 profit=0.5375 on_time=0.9062 loss=-0.0273
INFO:  [DM] epoch 2719/6000 reward=1.4952 profit=0.5108 on_time=0.9844 loss=-0.0152
INFO:  [DM] epoch 2720/6000 reward=1.5150 profit=0.5150 on_time=1.0000 loss=0.0000
INFO:  [DM] epoch 2721/6000 reward=1.5178 profit=0.5178 on_time=1.0000 loss=-0.0008
INFO:  [DM] epoch 2722/6000 reward=1.5191 profit=0.5348 on_time=0.9844 loss=-0.0000
INFO:  [DM] epoch 2723/6000 reward=1.5007 profit=0.5163 on_time=0.9844 loss=-0.0038
INFO:  [DM] epoch 2724/6000 reward=1.4580 profit=0.4892 on_time=0.9688 loss=-0.0286
INFO:  [DM] epoch 2725/6000 reward=1.5344 profit=0.5344 on_time=1.0000 loss=0.0000
INFO:  [DM] epoch 2726/6000 reward=1.4804 profit=0.4804 on_time=1.0000 loss=-0.0000
INFO:  [DM] epoch 2727/6000 reward=1.5364 profit=0.5364 on_time=1.0000 loss=0.0000
INFO:  [DM] epoch 2728/6000 reward=1.5096 profit=0.5096 on_time=1.0000 loss=0.0000
INFO:  [DM] epoch 2729/6000 reward=1.5070 profit=0.5070 on_time=1.0000 loss=0.0000
INFO:  [DM] epoch 2730/6000 reward=1.5616 profit=0.5616 on_time=1.0000 loss=-0.0000
INFO:  [DM] epoch 2731/6000 reward=1.5342 profit=0.5498 on_time=0.9844 loss=-0.0026
INFO:  [DM] epoch 2732/6000 reward=1.5339 profit=0.5339 on_time=1.0000 loss=0.0000
INFO:  [DM] epoch 2733/6000 reward=1.4752 profit=0.4909 on_time=0.9844 loss=-0.0053
INFO:  [DM] epoch 2734/6000 reward=1.5321 profit=0.5790 on_time=0.9531 loss=-0.0047
INFO:  [DM] epoch 2735/6000 reward=1.4739 profit=0.5052 on_time=0.9688 loss=0.0000
INFO:  [DM] epoch 2736/6000 reward=1.4957 profit=0.5426 on_time=0.9531 loss=-0.0002
INFO:  [DM] epoch 2737/6000 reward=1.4430 profit=0.4899 on_time=0.9531 loss=-0.0005
INFO:  [DM] epoch 2738/6000 reward=1.5032 profit=0.5188 on_time=0.9844 loss=-0.0030
INFO:  [DM] epoch 2739/6000 reward=1.4624 profit=0.4937 on_time=0.9688 loss=-0.0070
INFO:  [DM] epoch 2740/6000 reward=1.5143 profit=0.5143 on_time=1.0000 loss=-0.0000
INFO:  [DM] epoch 2741/6000 reward=1.4872 profit=0.4872 on_time=1.0000 loss=-0.0000
INFO:  [DM] epoch 2742/6000 reward=1.5205 profit=0.5205 on_time=1.0000 loss=-0.0000
INFO:  [DM] epoch 2743/6000 reward=1.5397 profit=0.5397 on_time=1.0000 loss=0.0000
INFO:  [DM] epoch 2744/6000 reward=1.5511 profit=0.5511 on_time=1.0000 loss=-0.0004
INFO:  [DM] epoch 2745/6000 reward=1.4863 profit=0.4863 on_time=1.0000 loss=-0.0000
INFO:  [DM] epoch 2746/6000 reward=1.4880 profit=0.4880 on_time=1.0000 loss=-0.0000
INFO:  [DM] epoch 2747/6000 reward=1.4839 profit=0.4995 on_time=0.9844 loss=-0.0055
INFO:  [DM] epoch 2748/6000 reward=1.5730 profit=0.5730 on_time=1.0000 loss=-0.0002
INFO:  [DM] epoch 2749/6000 reward=1.5404 profit=0.5404 on_time=1.0000 loss=-0.0000
INFO:  [DM] epoch 2750/6000 reward=1.5068 profit=0.5068 on_time=1.0000 loss=0.0000
INFO:  [DM] epoch 2751/6000 reward=1.5134 profit=0.5134 on_time=1.0000 loss=-0.0000
INFO:  [DM] epoch 2752/6000 reward=1.5427 profit=0.5427 on_time=1.0000 loss=-0.0000
INFO:  [DM] epoch 2753/6000 reward=1.5310 profit=0.5310 on_time=1.0000 loss=-0.0000
INFO:  [DM] epoch 2754/6000 reward=1.5390 profit=0.5390 on_time=1.0000 loss=-0.0000
INFO:  [DM] epoch 2755/6000 reward=1.5417 profit=0.5417 on_time=1.0000 loss=-0.0000
INFO:  [DM] epoch 2756/6000 reward=1.5222 profit=0.5222 on_time=1.0000 loss=-0.0003
INFO:  [DM] epoch 2757/6000 reward=1.4702 profit=0.5015 on_time=0.9688 loss=-0.0520
INFO:  [DM] epoch 2758/6000 reward=1.5383 profit=0.5383 on_time=1.0000 loss=-0.0000
INFO:  [DM] epoch 2759/6000 reward=1.5546 profit=0.5546 on_time=1.0000 loss=-0.0000
INFO:  [DM] epoch 2760/6000 reward=1.4755 profit=0.4755 on_time=1.0000 loss=-0.0000
INFO:  [DM] epoch 2761/6000 reward=1.5306 profit=0.5306 on_time=1.0000 loss=-0.0000
INFO:  [DM] epoch 2762/6000 reward=1.5444 profit=0.5444 on_time=1.0000 loss=-0.0000
INFO:  [DM] epoch 2763/6000 reward=1.5137 profit=0.5137 on_time=1.0000 loss=-0.0000
INFO:  [DM] epoch 2764/6000 reward=1.5062 profit=0.5062 on_time=1.0000 loss=-0.0000
INFO:  [DM] epoch 2765/6000 reward=1.5525 profit=0.5525 on_time=1.0000 loss=-0.0000
INFO:  [DM] epoch 2766/6000 reward=1.5223 profit=0.5223 on_time=1.0000 loss=-0.0000
INFO:  [DM] epoch 2767/6000 reward=1.5160 profit=0.5160 on_time=1.0000 loss=-0.0000
INFO:  [DM] epoch 2768/6000 reward=1.5206 profit=0.5206 on_time=1.0000 loss=-0.0000
INFO:  [DM] epoch 2769/6000 reward=1.5382 profit=0.5382 on_time=1.0000 loss=-0.0000
INFO:  [DM] epoch 2770/6000 reward=1.5631 profit=0.5631 on_time=1.0000 loss=-0.0000
INFO:  [DM] epoch 2771/6000 reward=1.5026 profit=0.5026 on_time=1.0000 loss=0.0000
INFO:  [DM] epoch 2772/6000 reward=1.5237 profit=0.5237 on_time=1.0000 loss=-0.0000
INFO:  [DM] epoch 2773/6000 reward=1.5375 profit=0.5375 on_time=1.0000 loss=0.0000
INFO:  [DM] epoch 2774/6000 reward=1.5451 profit=0.5451 on_time=1.0000 loss=0.0000
INFO:  [DM] epoch 2775/6000 reward=1.5413 profit=0.5413 on_time=1.0000 loss=-0.0000
INFO:  [DM] epoch 2776/6000 reward=1.5404 profit=0.5404 on_time=1.0000 loss=-0.0000
INFO:  [DM] epoch 2777/6000 reward=1.5058 profit=0.5058 on_time=1.0000 loss=-0.0000
INFO:  [DM] epoch 2778/6000 reward=1.5287 profit=0.5287 on_time=1.0000 loss=-0.0000
INFO:  [DM] epoch 2779/6000 reward=1.5453 profit=0.5453 on_time=1.0000 loss=0.0001
INFO:  [DM] epoch 2780/6000 reward=1.5055 profit=0.5055 on_time=1.0000 loss=-0.0000
INFO:  [DM] epoch 2781/6000 reward=1.5191 profit=0.5191 on_time=1.0000 loss=-0.0000
INFO:  [DM] epoch 2782/6000 reward=1.5426 profit=0.5426 on_time=1.0000 loss=-0.0000
INFO:  [DM] epoch 2783/6000 reward=1.5168 profit=0.5168 on_time=1.0000 loss=-0.0000
INFO:  [DM] epoch 2784/6000 reward=1.4991 profit=0.4991 on_time=1.0000 loss=-0.0000
INFO:  [DM] epoch 2785/6000 reward=1.5013 profit=0.5013 on_time=1.0000 loss=-0.0000
INFO:  [DM] epoch 2786/6000 reward=1.5020 profit=0.5020 on_time=1.0000 loss=0.0000
INFO:  [DM] epoch 2787/6000 reward=1.5258 profit=0.5258 on_time=1.0000 loss=-0.0000
INFO:  [DM] epoch 2788/6000 reward=1.5352 profit=0.5352 on_time=1.0000 loss=-0.0000
INFO:  [DM] epoch 2789/6000 reward=1.5138 profit=0.5138 on_time=1.0000 loss=0.0000
INFO:  [DM] epoch 2790/6000 reward=1.5460 profit=0.5460 on_time=1.0000 loss=-0.0000
INFO:  [DM] epoch 2791/6000 reward=1.4987 profit=0.4987 on_time=1.0000 loss=-0.0000
INFO:  [DM] epoch 2792/6000 reward=1.5371 profit=0.5371 on_time=1.0000 loss=-0.0000
INFO:  [DM] epoch 2793/6000 reward=1.5362 profit=0.5362 on_time=1.0000 loss=-0.0000
INFO:  [DM] epoch 2794/6000 reward=1.5121 profit=0.5121 on_time=1.0000 loss=-0.0000
INFO:  [DM] epoch 2795/6000 reward=1.5378 profit=0.5378 on_time=1.0000 loss=-0.0000
INFO:  [DM] epoch 2796/6000 reward=1.5122 profit=0.5122 on_time=1.0000 loss=0.0001
INFO:  [DM] epoch 2797/6000 reward=1.5214 profit=0.5214 on_time=1.0000 loss=-0.0000
INFO:  [DM] epoch 2798/6000 reward=1.4892 profit=0.4892 on_time=1.0000 loss=-0.0000
INFO:  [DM] epoch 2799/6000 reward=1.5395 profit=0.5395 on_time=1.0000 loss=-0.0000
INFO:  [DM] epoch 2800/6000 reward=1.5378 profit=0.5378 on_time=1.0000 loss=0.0000
INFO:  [DM] epoch 2801/6000 reward=1.5455 profit=0.5455 on_time=1.0000 loss=0.0000
INFO:  [DM] epoch 2802/6000 reward=1.5361 profit=0.5361 on_time=1.0000 loss=-0.0010
INFO:  [DM] epoch 2803/6000 reward=1.5061 profit=0.5061 on_time=1.0000 loss=-0.0000
INFO:  [DM] epoch 2804/6000 reward=1.4905 profit=0.4905 on_time=1.0000 loss=-0.0000
INFO:  [DM] epoch 2805/6000 reward=1.5147 profit=0.5147 on_time=1.0000 loss=-0.0000
INFO:  [DM] epoch 2806/6000 reward=1.5310 profit=0.5310 on_time=1.0000 loss=-0.0001
INFO:  [DM] epoch 2807/6000 reward=1.5150 profit=0.5150 on_time=1.0000 loss=-0.0000
INFO:  [DM] epoch 2808/6000 reward=1.5186 profit=0.5186 on_time=1.0000 loss=-0.0000
INFO:  [DM] epoch 2809/6000 reward=1.5175 profit=0.5175 on_time=1.0000 loss=0.0000
INFO:  [DM] epoch 2810/6000 reward=1.4871 profit=0.4871 on_time=1.0000 loss=-0.0000
INFO:  [DM] epoch 2811/6000 reward=1.5289 profit=0.5289 on_time=1.0000 loss=0.0000
INFO:  [DM] epoch 2812/6000 reward=1.5507 profit=0.5507 on_time=1.0000 loss=-0.0000
INFO:  [DM] epoch 2813/6000 reward=1.5236 profit=0.5236 on_time=1.0000 loss=-0.0001
INFO:  [DM] epoch 2814/6000 reward=1.5171 profit=0.5171 on_time=1.0000 loss=-0.0000
INFO:  [DM] epoch 2815/6000 reward=1.4912 profit=0.4912 on_time=1.0000 loss=-0.0000
INFO:  [DM] epoch 2816/6000 reward=1.5093 profit=0.5093 on_time=1.0000 loss=-0.0029
INFO:  [DM] epoch 2817/6000 reward=1.4828 profit=0.4985 on_time=0.9844 loss=-0.0023
INFO:  [DM] epoch 2818/6000 reward=1.4583 profit=0.4896 on_time=0.9688 loss=-0.0426
INFO:  [DM] epoch 2819/6000 reward=1.4889 profit=0.5046 on_time=0.9844 loss=-0.0103
INFO:  [DM] epoch 2820/6000 reward=1.5179 profit=0.5179 on_time=1.0000 loss=-0.0001
INFO:  [DM] epoch 2821/6000 reward=1.4964 profit=0.4964 on_time=1.0000 loss=-0.0000
INFO:  [DM] epoch 2822/6000 reward=1.5752 profit=0.5752 on_time=1.0000 loss=-0.0000
INFO:  [DM] epoch 2823/6000 reward=1.5142 profit=0.5298 on_time=0.9844 loss=-0.0094
INFO:  [DM] epoch 2824/6000 reward=1.5339 profit=0.5339 on_time=1.0000 loss=-0.0001
INFO:  [DM] epoch 2825/6000 reward=1.5582 profit=0.5582 on_time=1.0000 loss=-0.0000
INFO:  [DM] epoch 2826/6000 reward=1.5057 profit=0.5057 on_time=1.0000 loss=0.0000
INFO:  [DM] epoch 2827/6000 reward=1.5265 profit=0.5265 on_time=1.0000 loss=-0.0000
INFO:  [DM] epoch 2828/6000 reward=1.4940 profit=0.5097 on_time=0.9844 loss=-0.0001
INFO:  [DM] epoch 2829/6000 reward=1.5190 profit=0.5347 on_time=0.9844 loss=-0.0132
INFO:  [DM] epoch 2830/6000 reward=1.5469 profit=0.5469 on_time=1.0000 loss=-0.0000
INFO:  [DM] epoch 2831/6000 reward=1.5200 profit=0.5200 on_time=1.0000 loss=-0.0000
INFO:  [DM] epoch 2832/6000 reward=1.5699 profit=0.5699 on_time=1.0000 loss=-0.0001
INFO:  [DM] epoch 2833/6000 reward=1.5123 profit=0.5123 on_time=1.0000 loss=-0.0000
INFO:  [DM] epoch 2834/6000 reward=1.4895 profit=0.4895 on_time=1.0000 loss=-0.0001
INFO:  [DM] epoch 2835/6000 reward=1.4783 profit=0.4783 on_time=1.0000 loss=0.0000
INFO:  [DM] epoch 2836/6000 reward=1.4880 profit=0.4880 on_time=1.0000 loss=0.0000
INFO:  [DM] epoch 2837/6000 reward=1.5480 profit=0.5480 on_time=1.0000 loss=0.0000
INFO:  [DM] epoch 2838/6000 reward=1.5445 profit=0.5445 on_time=1.0000 loss=0.0000
INFO:  [DM] epoch 2839/6000 reward=1.5196 profit=0.5196 on_time=1.0000 loss=0.0000
INFO:  [DM] epoch 2840/6000 reward=1.4918 profit=0.5074 on_time=0.9844 loss=-0.0002
INFO:  [DM] epoch 2841/6000 reward=1.5207 profit=0.5207 on_time=1.0000 loss=0.0000
INFO:  [DM] epoch 2842/6000 reward=1.5565 profit=0.5565 on_time=1.0000 loss=0.0001
INFO:  [DM] epoch 2843/6000 reward=1.4813 profit=0.4969 on_time=0.9844 loss=-0.0033
INFO:  [DM] epoch 2844/6000 reward=1.5528 profit=0.5528 on_time=1.0000 loss=-0.0000
INFO:  [DM] epoch 2845/6000 reward=1.5128 profit=0.5128 on_time=1.0000 loss=0.0000
INFO:  [DM] epoch 2846/6000 reward=1.4967 profit=0.4967 on_time=1.0000 loss=0.0000
INFO:  [DM] epoch 2847/6000 reward=1.5308 profit=0.5308 on_time=1.0000 loss=-0.0000
INFO:  [DM] epoch 2848/6000 reward=1.5057 profit=0.5057 on_time=1.0000 loss=0.0005
INFO:  [DM] epoch 2849/6000 reward=1.5643 profit=0.5643 on_time=1.0000 loss=-0.0000
INFO:  [DM] epoch 2850/6000 reward=1.5007 profit=0.5163 on_time=0.9844 loss=-0.0000
INFO:  [DM] epoch 2851/6000 reward=1.5126 profit=0.5283 on_time=0.9844 loss=0.0000
INFO:  [DM] epoch 2852/6000 reward=1.4846 profit=0.4846 on_time=1.0000 loss=-0.0000
INFO:  [DM] epoch 2853/6000 reward=1.4958 profit=0.5115 on_time=0.9844 loss=-0.0000
INFO:  [DM] epoch 2854/6000 reward=1.5442 profit=0.5442 on_time=1.0000 loss=-0.0000
INFO:  [DM] epoch 2855/6000 reward=1.4895 profit=0.4895 on_time=1.0000 loss=-0.0000
INFO:  [DM] epoch 2856/6000 reward=1.4942 profit=0.5098 on_time=0.9844 loss=-0.0000
INFO:  [DM] epoch 2857/6000 reward=1.5337 profit=0.5493 on_time=0.9844 loss=-0.0000
INFO:  [DM] epoch 2858/6000 reward=1.4962 profit=0.4962 on_time=1.0000 loss=-0.0000
INFO:  [DM] epoch 2859/6000 reward=1.5229 profit=0.5229 on_time=1.0000 loss=-0.0000
INFO:  [DM] epoch 2860/6000 reward=1.4897 profit=0.4897 on_time=1.0000 loss=-0.0002
INFO:  [DM] epoch 2861/6000 reward=1.5405 profit=0.5405 on_time=1.0000 loss=-0.0000
INFO:  [DM] epoch 2862/6000 reward=1.5135 profit=0.5448 on_time=0.9688 loss=-0.0005
INFO:  [DM] epoch 2863/6000 reward=1.5048 profit=0.5204 on_time=0.9844 loss=-0.0000
INFO:  [DM] epoch 2864/6000 reward=1.5388 profit=0.5388 on_time=1.0000 loss=-0.0000
INFO:  [DM] epoch 2865/6000 reward=1.4589 profit=0.4589 on_time=1.0000 loss=0.0000
INFO:  [DM] epoch 2866/6000 reward=1.5037 profit=0.5037 on_time=1.0000 loss=0.0005
INFO:  [DM] epoch 2867/6000 reward=1.5094 profit=0.5406 on_time=0.9688 loss=-0.0019
INFO:  [DM] epoch 2868/6000 reward=1.4879 profit=0.5035 on_time=0.9844 loss=-0.0003
INFO:  [DM] epoch 2869/6000 reward=1.4925 profit=0.5081 on_time=0.9844 loss=0.0000
INFO:  [DM] epoch 2870/6000 reward=1.5019 profit=0.5019 on_time=1.0000 loss=-0.0000
INFO:  [DM] epoch 2871/6000 reward=1.4981 profit=0.4981 on_time=1.0000 loss=-0.0000
INFO:  [DM] epoch 2872/6000 reward=1.4651 profit=0.4651 on_time=1.0000 loss=0.0000
INFO:  [DM] epoch 2873/6000 reward=1.5250 profit=0.5250 on_time=1.0000 loss=-0.0000
INFO:  [DM] epoch 2874/6000 reward=1.5306 profit=0.5306 on_time=1.0000 loss=-0.0000
INFO:  [DM] epoch 2875/6000 reward=1.5280 profit=0.5280 on_time=1.0000 loss=-0.0000
INFO:  [DM] epoch 2876/6000 reward=1.4948 profit=0.5105 on_time=0.9844 loss=-0.0000
INFO:  [DM] epoch 2877/6000 reward=1.4953 profit=0.4953 on_time=1.0000 loss=-0.0000
INFO:  [DM] epoch 2878/6000 reward=1.5028 profit=0.5028 on_time=1.0000 loss=-0.0000
INFO:  [DM] epoch 2879/6000 reward=1.5565 profit=0.5565 on_time=1.0000 loss=-0.0000
INFO:  [DM] epoch 2880/6000 reward=1.4828 profit=0.4828 on_time=1.0000 loss=-0.0000
INFO:  [DM] epoch 2881/6000 reward=1.5318 profit=0.5318 on_time=1.0000 loss=-0.0000
INFO:  [DM] epoch 2882/6000 reward=1.4798 profit=0.4798 on_time=1.0000 loss=-0.0000
INFO:  [DM] epoch 2883/6000 reward=1.5014 profit=0.5170 on_time=0.9844 loss=0.0000
INFO:  [DM] epoch 2884/6000 reward=1.4972 profit=0.5284 on_time=0.9688 loss=-0.0014
INFO:  [DM] epoch 2885/6000 reward=1.5008 profit=0.5008 on_time=1.0000 loss=-0.0000
INFO:  [DM] epoch 2886/6000 reward=1.5076 profit=0.5076 on_time=1.0000 loss=-0.0000
INFO:  [DM] epoch 2887/6000 reward=1.4648 profit=0.4804 on_time=0.9844 loss=-0.0010
INFO:  [DM] epoch 2888/6000 reward=1.4908 profit=0.4908 on_time=1.0000 loss=-0.0000
INFO:  [DM] epoch 2889/6000 reward=1.5635 profit=0.5635 on_time=1.0000 loss=-0.0000
INFO:  [DM] epoch 2890/6000 reward=1.5459 profit=0.5459 on_time=1.0000 loss=-0.0000
INFO:  [DM] epoch 2891/6000 reward=1.5139 profit=0.5139 on_time=1.0000 loss=-0.0000
INFO:  [DM] epoch 2892/6000 reward=1.5047 profit=0.5047 on_time=1.0000 loss=-0.0000
INFO:  [DM] epoch 2893/6000 reward=1.4934 profit=0.4934 on_time=1.0000 loss=-0.0000
INFO:  [DM] epoch 2894/6000 reward=1.4800 profit=0.4800 on_time=1.0000 loss=-0.0000
INFO:  [DM] epoch 2895/6000 reward=1.5138 profit=0.5138 on_time=1.0000 loss=-0.0000
INFO:  [DM] epoch 2896/6000 reward=1.5021 profit=0.5021 on_time=1.0000 loss=-0.0000
INFO:  [DM] epoch 2897/6000 reward=1.4924 profit=0.4924 on_time=1.0000 loss=-0.0000
INFO:  [DM] epoch 2898/6000 reward=1.5313 profit=0.5313 on_time=1.0000 loss=-0.0000
INFO:  [DM] epoch 2899/6000 reward=1.4975 profit=0.4975 on_time=1.0000 loss=-0.0000
INFO:  [DM] epoch 2900/6000 reward=1.5253 profit=0.5253 on_time=1.0000 loss=-0.0000
INFO:  [DM] epoch 2901/6000 reward=1.5175 profit=0.5175 on_time=1.0000 loss=-0.0000
INFO:  [DM] epoch 2902/6000 reward=1.5074 profit=0.5074 on_time=1.0000 loss=-0.0000
INFO:  [DM] epoch 2903/6000 reward=1.5222 profit=0.5222 on_time=1.0000 loss=-0.0000
INFO:  [DM] epoch 2904/6000 reward=1.5798 profit=0.5798 on_time=1.0000 loss=-0.0000
INFO:  [DM] epoch 2905/6000 reward=1.5097 profit=0.5097 on_time=1.0000 loss=-0.0000
INFO:  [DM] epoch 2906/6000 reward=1.5327 profit=0.5327 on_time=1.0000 loss=-0.0000
INFO:  [DM] epoch 2907/6000 reward=1.4952 profit=0.4952 on_time=1.0000 loss=-0.0000
INFO:  [DM] epoch 2908/6000 reward=1.5089 profit=0.5089 on_time=1.0000 loss=0.0000
INFO:  [DM] epoch 2909/6000 reward=1.5296 profit=0.5296 on_time=1.0000 loss=-0.0000
INFO:  [DM] epoch 2910/6000 reward=1.5010 profit=0.5010 on_time=1.0000 loss=-0.0000
INFO:  [DM] epoch 2911/6000 reward=1.5433 profit=0.5433 on_time=1.0000 loss=-0.0000
INFO:  [DM] epoch 2912/6000 reward=1.5630 profit=0.5630 on_time=1.0000 loss=-0.0000
INFO:  [DM] epoch 2913/6000 reward=1.5491 profit=0.5491 on_time=1.0000 loss=-0.0000
INFO:  [DM] epoch 2914/6000 reward=1.5207 profit=0.5207 on_time=1.0000 loss=-0.0000
INFO:  [DM] epoch 2915/6000 reward=1.5462 profit=0.5462 on_time=1.0000 loss=-0.0000
INFO:  [DM] epoch 2916/6000 reward=1.5385 profit=0.5385 on_time=1.0000 loss=-0.0000
INFO:  [DM] epoch 2917/6000 reward=1.5130 profit=0.5130 on_time=1.0000 loss=-0.0000
INFO:  [DM] epoch 2918/6000 reward=1.5281 profit=0.5281 on_time=1.0000 loss=-0.0000
INFO:  [DM] epoch 2919/6000 reward=1.5058 profit=0.5058 on_time=1.0000 loss=-0.0000
INFO:  [DM] epoch 2920/6000 reward=1.4888 profit=0.4888 on_time=1.0000 loss=-0.0000
INFO:  [DM] epoch 2921/6000 reward=1.4661 profit=0.4661 on_time=1.0000 loss=-0.0000
INFO:  [DM] epoch 2922/6000 reward=1.5089 profit=0.5089 on_time=1.0000 loss=-0.0000
INFO:  [DM] epoch 2923/6000 reward=1.5701 profit=0.5701 on_time=1.0000 loss=-0.0000
INFO:  [DM] epoch 2924/6000 reward=1.5278 profit=0.5278 on_time=1.0000 loss=-0.0000
INFO:  [DM] epoch 2925/6000 reward=1.5370 profit=0.5370 on_time=1.0000 loss=-0.0000
INFO:  [DM] epoch 2926/6000 reward=1.5278 profit=0.5277 on_time=1.0000 loss=-0.0000
INFO:  [DM] epoch 2927/6000 reward=1.5114 profit=0.5114 on_time=1.0000 loss=-0.0000
INFO:  [DM] epoch 2928/6000 reward=1.5092 profit=0.5092 on_time=1.0000 loss=-0.0000
INFO:  [DM] epoch 2929/6000 reward=1.4781 profit=0.4781 on_time=1.0000 loss=-0.0000
INFO:  [DM] epoch 2930/6000 reward=1.5250 profit=0.5250 on_time=1.0000 loss=-0.0012
INFO:  [DM] epoch 2931/6000 reward=1.5445 profit=0.5445 on_time=1.0000 loss=0.0000
INFO:  [DM] epoch 2932/6000 reward=1.5089 profit=0.5089 on_time=1.0000 loss=-0.0000
INFO:  [DM] epoch 2933/6000 reward=1.5022 profit=0.5022 on_time=1.0000 loss=-0.0000
INFO:  [DM] epoch 2934/6000 reward=1.5290 profit=0.5290 on_time=1.0000 loss=-0.0000
INFO:  [DM] epoch 2935/6000 reward=1.5350 profit=0.5350 on_time=1.0000 loss=0.0000
INFO:  [DM] epoch 2936/6000 reward=1.4969 profit=0.4969 on_time=1.0000 loss=-0.0000
INFO:  [DM] epoch 2937/6000 reward=1.4994 profit=0.4994 on_time=1.0000 loss=-0.0000
INFO:  [DM] epoch 2938/6000 reward=1.5291 profit=0.5291 on_time=1.0000 loss=-0.0000
INFO:  [DM] epoch 2939/6000 reward=1.4769 profit=0.4769 on_time=1.0000 loss=0.0009
INFO:  [DM] epoch 2940/6000 reward=1.5829 profit=0.5829 on_time=1.0000 loss=0.0000
INFO:  [DM] epoch 2941/6000 reward=1.4969 profit=0.4969 on_time=1.0000 loss=0.0000
INFO:  [DM] epoch 2942/6000 reward=1.5250 profit=0.5406 on_time=0.9844 loss=-0.0006
INFO:  [DM] epoch 2943/6000 reward=1.5570 profit=0.5570 on_time=1.0000 loss=0.0000
INFO:  [DM] epoch 2944/6000 reward=1.5502 profit=0.5502 on_time=1.0000 loss=-0.0000
INFO:  [DM] epoch 2945/6000 reward=1.4988 profit=0.5145 on_time=0.9844 loss=-0.0000
INFO:  [DM] epoch 2946/6000 reward=1.5001 profit=0.5001 on_time=1.0000 loss=-0.0000
INFO:  [DM] epoch 2947/6000 reward=1.5107 profit=0.5263 on_time=0.9844 loss=0.0000
INFO:  [DM] epoch 2948/6000 reward=1.5130 profit=0.5287 on_time=0.9844 loss=-0.0627
INFO:  [DM] epoch 2949/6000 reward=1.5309 profit=0.5309 on_time=1.0000 loss=-0.0000
INFO:  [DM] epoch 2950/6000 reward=1.5031 profit=0.5031 on_time=1.0000 loss=0.0006
INFO:  [DM] epoch 2951/6000 reward=1.4879 profit=0.4879 on_time=1.0000 loss=-0.0000
INFO:  [DM] epoch 2952/6000 reward=1.5019 profit=0.5019 on_time=1.0000 loss=0.0000
INFO:  [DM] epoch 2953/6000 reward=1.4946 profit=0.4946 on_time=1.0000 loss=-0.0000
INFO:  [DM] epoch 2954/6000 reward=1.4900 profit=0.5056 on_time=0.9844 loss=-0.0092
INFO:  [DM] epoch 2955/6000 reward=1.5557 profit=0.5557 on_time=1.0000 loss=-0.0000
INFO:  [DM] epoch 2956/6000 reward=1.5213 profit=0.5213 on_time=1.0000 loss=-0.0000
INFO:  [DM] epoch 2957/6000 reward=1.5508 profit=0.5508 on_time=1.0000 loss=-0.0000
INFO:  [DM] epoch 2958/6000 reward=1.5292 profit=0.5292 on_time=1.0000 loss=-0.0000
INFO:  [DM] epoch 2959/6000 reward=1.5140 profit=0.5140 on_time=1.0000 loss=-0.0000
INFO:  [DM] epoch 2960/6000 reward=1.4699 profit=0.4855 on_time=0.9844 loss=-0.0130
INFO:  [DM] epoch 2961/6000 reward=1.4904 profit=0.4904 on_time=1.0000 loss=-0.0000
INFO:  [DM] epoch 2962/6000 reward=1.5332 profit=0.5332 on_time=1.0000 loss=0.0000
INFO:  [DM] epoch 2963/6000 reward=1.5285 profit=0.5285 on_time=1.0000 loss=0.0000
INFO:  [DM] epoch 2964/6000 reward=1.4861 profit=0.5174 on_time=0.9688 loss=-0.0128
INFO:  [DM] epoch 2965/6000 reward=1.4969 profit=0.4969 on_time=1.0000 loss=0.0000
INFO:  [DM] epoch 2966/6000 reward=1.5092 profit=0.5092 on_time=1.0000 loss=0.0000
INFO:  [DM] epoch 2967/6000 reward=1.4841 profit=0.4841 on_time=1.0000 loss=-0.0000
INFO:  [DM] epoch 2968/6000 reward=1.5150 profit=0.5150 on_time=1.0000 loss=-0.0000
INFO:  [DM] epoch 2969/6000 reward=1.4963 profit=0.4963 on_time=1.0000 loss=0.0000
INFO:  [DM] epoch 2970/6000 reward=1.4712 profit=0.4712 on_time=1.0000 loss=-0.0000
INFO:  [DM] epoch 2971/6000 reward=1.5334 profit=0.5334 on_time=1.0000 loss=-0.0000
INFO:  [DM] epoch 2972/6000 reward=1.5324 profit=0.5324 on_time=1.0000 loss=-0.0000
INFO:  [DM] epoch 2973/6000 reward=1.5114 profit=0.5114 on_time=1.0000 loss=0.0000
INFO:  [DM] epoch 2974/6000 reward=1.4916 profit=0.4916 on_time=1.0000 loss=-0.0000
INFO:  [DM] epoch 2975/6000 reward=1.5298 profit=0.5298 on_time=1.0000 loss=-0.0000
INFO:  [DM] epoch 2976/6000 reward=1.5094 profit=0.5250 on_time=0.9844 loss=-0.0000
INFO:  [DM] epoch 2977/6000 reward=1.4971 profit=0.5127 on_time=0.9844 loss=-0.0000
INFO:  [DM] epoch 2978/6000 reward=1.5106 profit=0.5106 on_time=1.0000 loss=-0.0000
INFO:  [DM] epoch 2979/6000 reward=1.4637 profit=0.4793 on_time=0.9844 loss=-0.0006
INFO:  [DM] epoch 2980/6000 reward=1.5139 profit=0.5295 on_time=0.9844 loss=-0.0028
INFO:  [DM] epoch 2981/6000 reward=1.5076 profit=0.5232 on_time=0.9844 loss=-0.0058
INFO:  [DM] epoch 2982/6000 reward=1.5092 profit=0.5092 on_time=1.0000 loss=-0.0000
INFO:  [DM] epoch 2983/6000 reward=1.5402 profit=0.5402 on_time=1.0000 loss=-0.0000
INFO:  [DM] epoch 2984/6000 reward=1.5042 profit=0.5198 on_time=0.9844 loss=-0.0238
INFO:  [DM] epoch 2985/6000 reward=1.5147 profit=0.5147 on_time=1.0000 loss=0.0000
INFO:  [DM] epoch 2986/6000 reward=1.5274 profit=0.5274 on_time=1.0000 loss=-0.0000
INFO:  [DM] epoch 2987/6000 reward=1.5327 profit=0.5327 on_time=1.0000 loss=-0.0000
INFO:  [DM] epoch 2988/6000 reward=1.5074 profit=0.5074 on_time=1.0000 loss=-0.0000
INFO:  [DM] epoch 2989/6000 reward=1.4839 profit=0.4839 on_time=1.0000 loss=-0.0000
INFO:  [DM] epoch 2990/6000 reward=1.5102 profit=0.5102 on_time=1.0000 loss=-0.0000
INFO:  [DM] epoch 2991/6000 reward=1.5103 profit=0.5260 on_time=0.9844 loss=-0.0081
INFO:  [DM] epoch 2992/6000 reward=1.5291 profit=0.5291 on_time=1.0000 loss=-0.0000
INFO:  [DM] epoch 2993/6000 reward=1.5321 profit=0.5321 on_time=1.0000 loss=0.0000
INFO:  [DM] epoch 2994/6000 reward=1.5222 profit=0.5379 on_time=0.9844 loss=-0.0105
INFO:  [DM] epoch 2995/6000 reward=1.5156 profit=0.5156 on_time=1.0000 loss=-0.0000
INFO:  [DM] epoch 2996/6000 reward=1.5299 profit=0.5299 on_time=1.0000 loss=-0.0000
INFO:  [DM] epoch 2997/6000 reward=1.5541 profit=0.5541 on_time=1.0000 loss=-0.0000
INFO:  [DM] epoch 2998/6000 reward=1.5190 profit=0.5346 on_time=0.9844 loss=-0.0004
INFO:  [DM] epoch 2999/6000 reward=1.5131 profit=0.5131 on_time=1.0000 loss=0.0000
INFO:  [DM] epoch 3000/6000 reward=1.4788 profit=0.4944 on_time=0.9844 loss=-0.0003
INFO:  [DM] epoch 3001/6000 reward=1.5419 profit=0.5419 on_time=1.0000 loss=0.0000
INFO:  [DM] epoch 3002/6000 reward=1.5478 profit=0.5478 on_time=1.0000 loss=-0.0000
INFO:  [DM] epoch 3003/6000 reward=1.5023 profit=0.5023 on_time=1.0000 loss=-0.0000
INFO:  [DM] epoch 3004/6000 reward=1.4785 profit=0.5098 on_time=0.9688 loss=-0.0015
INFO:  [DM] epoch 3005/6000 reward=1.5171 profit=0.5171 on_time=1.0000 loss=-0.0000
INFO:  [DM] epoch 3006/6000 reward=1.5454 profit=0.5454 on_time=1.0000 loss=0.0000
INFO:  [DM] epoch 3007/6000 reward=1.4943 profit=0.4943 on_time=1.0000 loss=0.0021
INFO:  [DM] epoch 3008/6000 reward=1.5384 profit=0.5384 on_time=1.0000 loss=-0.0000
INFO:  [DM] epoch 3009/6000 reward=1.4699 profit=0.4699 on_time=1.0000 loss=0.0000
INFO:  [DM] epoch 3010/6000 reward=1.5550 profit=0.5550 on_time=1.0000 loss=-0.0000
INFO:  [DM] epoch 3011/6000 reward=1.5185 profit=0.5185 on_time=1.0000 loss=-0.0000
INFO:  [DM] epoch 3012/6000 reward=1.4897 profit=0.4897 on_time=1.0000 loss=0.0000
INFO:  [DM] epoch 3013/6000 reward=1.4866 profit=0.4866 on_time=1.0000 loss=0.0000
INFO:  [DM] epoch 3014/6000 reward=1.4995 profit=0.4995 on_time=1.0000 loss=0.0000
INFO:  [DM] epoch 3015/6000 reward=1.5297 profit=0.5297 on_time=1.0000 loss=-0.0000
INFO:  [DM] epoch 3016/6000 reward=1.5126 profit=0.5126 on_time=1.0000 loss=0.0000
INFO:  [DM] epoch 3017/6000 reward=1.4952 profit=0.5108 on_time=0.9844 loss=-0.0504
INFO:  [DM] epoch 3018/6000 reward=1.4923 profit=0.4923 on_time=1.0000 loss=-0.0000
INFO:  [DM] epoch 3019/6000 reward=1.4743 profit=0.4743 on_time=1.0000 loss=0.0000
INFO:  [DM] epoch 3020/6000 reward=1.5578 profit=0.5578 on_time=1.0000 loss=-0.0000
INFO:  [DM] epoch 3021/6000 reward=1.4993 profit=0.4993 on_time=1.0000 loss=-0.0000
INFO:  [DM] epoch 3022/6000 reward=1.5026 profit=0.5026 on_time=1.0000 loss=-0.0000
INFO:  [DM] epoch 3023/6000 reward=1.5062 profit=0.5218 on_time=0.9844 loss=-0.0000
INFO:  [DM] epoch 3024/6000 reward=1.5116 profit=0.5116 on_time=1.0000 loss=-0.0000
INFO:  [DM] epoch 3025/6000 reward=1.4426 profit=0.4582 on_time=0.9844 loss=-0.0002
INFO:  [DM] epoch 3026/6000 reward=1.5516 profit=0.5516 on_time=1.0000 loss=-0.0000
INFO:  [DM] epoch 3027/6000 reward=1.5017 profit=0.5173 on_time=0.9844 loss=-0.0006
INFO:  [DM] epoch 3028/6000 reward=1.4221 profit=0.4534 on_time=0.9688 loss=-0.0026
INFO:  [DM] epoch 3029/6000 reward=1.4203 profit=0.4828 on_time=0.9375 loss=-0.0210
INFO:  [DM] epoch 3030/6000 reward=1.4488 profit=0.4956 on_time=0.9531 loss=-0.0072
INFO:  [DM] epoch 3031/6000 reward=1.4950 profit=0.5419 on_time=0.9531 loss=-0.0004
INFO:  [DM] epoch 3032/6000 reward=1.4941 profit=0.4941 on_time=1.0000 loss=-0.0000
INFO:  [DM] epoch 3033/6000 reward=1.5141 profit=0.5141 on_time=1.0000 loss=-0.0000
INFO:  [DM] epoch 3034/6000 reward=1.4851 profit=0.5320 on_time=0.9531 loss=-0.0023
INFO:  [DM] epoch 3035/6000 reward=1.4903 profit=0.4903 on_time=1.0000 loss=0.0000
INFO:  [DM] epoch 3036/6000 reward=1.5213 profit=0.5526 on_time=0.9688 loss=-0.0056
INFO:  [DM] epoch 3037/6000 reward=1.5232 profit=0.5232 on_time=1.0000 loss=-0.0000
INFO:  [DM] epoch 3038/6000 reward=1.5618 profit=0.5618 on_time=1.0000 loss=-0.0000
INFO:  [DM] epoch 3039/6000 reward=1.5389 profit=0.5389 on_time=1.0000 loss=0.0000
INFO:  [DM] epoch 3040/6000 reward=1.5379 profit=0.5379 on_time=1.0000 loss=-0.0000
INFO:  [DM] epoch 3041/6000 reward=1.5121 profit=0.5121 on_time=1.0000 loss=-0.0000
INFO:  [DM] epoch 3042/6000 reward=1.5174 profit=0.5174 on_time=1.0000 loss=0.0028
INFO:  [DM] epoch 3043/6000 reward=1.4627 profit=0.4627 on_time=1.0000 loss=0.0000
INFO:  [DM] epoch 3044/6000 reward=1.5106 profit=0.5106 on_time=1.0000 loss=-0.0000
INFO:  [DM] epoch 3045/6000 reward=1.5325 profit=0.5325 on_time=1.0000 loss=-0.0000
INFO:  [DM] epoch 3046/6000 reward=1.5580 profit=0.5580 on_time=1.0000 loss=-0.0000
INFO:  [DM] epoch 3047/6000 reward=1.5045 profit=0.5201 on_time=0.9844 loss=-0.0013
INFO:  [DM] epoch 3048/6000 reward=1.5110 profit=0.5110 on_time=1.0000 loss=-0.0000
INFO:  [DM] epoch 3049/6000 reward=1.4991 profit=0.4991 on_time=1.0000 loss=-0.0000
INFO:  [DM] epoch 3050/6000 reward=1.4867 profit=0.4867 on_time=1.0000 loss=0.0000
INFO:  [DM] epoch 3051/6000 reward=1.5146 profit=0.5146 on_time=1.0000 loss=-0.0000
INFO:  [DM] epoch 3052/6000 reward=1.5166 profit=0.5166 on_time=1.0000 loss=0.0011
INFO:  [DM] epoch 3053/6000 reward=1.5295 profit=0.5295 on_time=1.0000 loss=-0.0000
INFO:  [DM] epoch 3054/6000 reward=1.5169 profit=0.5169 on_time=1.0000 loss=-0.0000
INFO:  [DM] epoch 3055/6000 reward=1.5179 profit=0.5179 on_time=1.0000 loss=-0.0000
INFO:  [DM] epoch 3056/6000 reward=1.4804 profit=0.4804 on_time=1.0000 loss=-0.0000
INFO:  [DM] epoch 3057/6000 reward=1.5269 profit=0.5269 on_time=1.0000 loss=-0.0000
INFO:  [DM] epoch 3058/6000 reward=1.4875 profit=0.4875 on_time=1.0000 loss=-0.0000
INFO:  [DM] epoch 3059/6000 reward=1.5383 profit=0.5383 on_time=1.0000 loss=-0.0000
INFO:  [DM] epoch 3060/6000 reward=1.5223 profit=0.5223 on_time=1.0000 loss=0.0000
INFO:  [DM] epoch 3061/6000 reward=1.4572 profit=0.4572 on_time=1.0000 loss=-0.0000
INFO:  [DM] epoch 3062/6000 reward=1.5072 profit=0.5072 on_time=1.0000 loss=-0.0000
INFO:  [DM] epoch 3063/6000 reward=1.4941 profit=0.4941 on_time=1.0000 loss=-0.0000
INFO:  [DM] epoch 3064/6000 reward=1.5049 profit=0.5049 on_time=1.0000 loss=-0.0000
INFO:  [DM] epoch 3065/6000 reward=1.5439 profit=0.5439 on_time=1.0000 loss=-0.0000
INFO:  [DM] epoch 3066/6000 reward=1.4900 profit=0.4900 on_time=1.0000 loss=-0.0000
INFO:  [DM] epoch 3067/6000 reward=1.5110 profit=0.5110 on_time=1.0000 loss=-0.0000
INFO:  [DM] epoch 3068/6000 reward=1.5270 profit=0.5270 on_time=1.0000 loss=-0.0000
INFO:  [DM] epoch 3069/6000 reward=1.5117 profit=0.5117 on_time=1.0000 loss=-0.0000
INFO:  [DM] epoch 3070/6000 reward=1.5148 profit=0.5148 on_time=1.0000 loss=-0.0000
INFO:  [DM] epoch 3071/6000 reward=1.4887 profit=0.4887 on_time=1.0000 loss=-0.0000
INFO:  [DM] epoch 3072/6000 reward=1.4939 profit=0.4939 on_time=1.0000 loss=-0.0000
INFO:  [DM] epoch 3073/6000 reward=1.5146 profit=0.5146 on_time=1.0000 loss=-0.0000
INFO:  [DM] epoch 3074/6000 reward=1.5334 profit=0.5334 on_time=1.0000 loss=-0.0000
INFO:  [DM] epoch 3075/6000 reward=1.5256 profit=0.5256 on_time=1.0000 loss=-0.0000
INFO:  [DM] epoch 3076/6000 reward=1.4816 profit=0.4816 on_time=1.0000 loss=-0.0000
INFO:  [DM] epoch 3077/6000 reward=1.5027 profit=0.5027 on_time=1.0000 loss=-0.0000
INFO:  [DM] epoch 3078/6000 reward=1.5205 profit=0.5205 on_time=1.0000 loss=-0.0000
INFO:  [DM] epoch 3079/6000 reward=1.5192 profit=0.5192 on_time=1.0000 loss=-0.0000
INFO:  [DM] epoch 3080/6000 reward=1.5483 profit=0.5483 on_time=1.0000 loss=-0.0000
INFO:  [DM] epoch 3081/6000 reward=1.4858 profit=0.4858 on_time=1.0000 loss=-0.0000
INFO:  [DM] epoch 3082/6000 reward=1.4657 profit=0.4657 on_time=1.0000 loss=0.0000
INFO:  [DM] epoch 3083/6000 reward=1.5123 profit=0.5123 on_time=1.0000 loss=-0.0000
INFO:  [DM] epoch 3084/6000 reward=1.4980 profit=0.4980 on_time=1.0000 loss=-0.0000
INFO:  [DM] epoch 3085/6000 reward=1.5213 profit=0.5213 on_time=1.0000 loss=-0.0000
INFO:  [DM] epoch 3086/6000 reward=1.5144 profit=0.5144 on_time=1.0000 loss=-0.0000
INFO:  [DM] epoch 3087/6000 reward=1.5213 profit=0.5213 on_time=1.0000 loss=-0.0000
INFO:  [DM] epoch 3088/6000 reward=1.5456 profit=0.5456 on_time=1.0000 loss=-0.0000
INFO:  [DM] epoch 3089/6000 reward=1.4852 profit=0.4852 on_time=1.0000 loss=-0.0000
INFO:  [DM] epoch 3090/6000 reward=1.5276 profit=0.5276 on_time=1.0000 loss=-0.0000
INFO:  [DM] epoch 3091/6000 reward=1.5099 profit=0.5099 on_time=1.0000 loss=-0.0000
INFO:  [DM] epoch 3092/6000 reward=1.5232 profit=0.5232 on_time=1.0000 loss=-0.0000
INFO:  [DM] epoch 3093/6000 reward=1.4900 profit=0.4900 on_time=1.0000 loss=-0.0000
INFO:  [DM] epoch 3094/6000 reward=1.5365 profit=0.5365 on_time=1.0000 loss=-0.0000
INFO:  [DM] epoch 3095/6000 reward=1.4843 profit=0.4843 on_time=1.0000 loss=-0.0000
INFO:  [DM] epoch 3096/6000 reward=1.4886 profit=0.4886 on_time=1.0000 loss=-0.0000
INFO:  [DM] epoch 3097/6000 reward=1.5419 profit=0.5419 on_time=1.0000 loss=-0.0000
INFO:  [DM] epoch 3098/6000 reward=1.5185 profit=0.5185 on_time=1.0000 loss=-0.0000
INFO:  [DM] epoch 3099/6000 reward=1.5442 profit=0.5442 on_time=1.0000 loss=-0.0000
INFO:  [DM] epoch 3100/6000 reward=1.5708 profit=0.5708 on_time=1.0000 loss=-0.0000
INFO:  [DM] epoch 3101/6000 reward=1.5210 profit=0.5210 on_time=1.0000 loss=-0.0000
INFO:  [DM] epoch 3102/6000 reward=1.4947 profit=0.4947 on_time=1.0000 loss=-0.0000
INFO:  [DM] epoch 3103/6000 reward=1.5114 profit=0.5114 on_time=1.0000 loss=0.0000
INFO:  [DM] epoch 3104/6000 reward=1.5091 profit=0.5091 on_time=1.0000 loss=-0.0000
INFO:  [DM] epoch 3105/6000 reward=1.5446 profit=0.5446 on_time=1.0000 loss=-0.0000
INFO:  [DM] epoch 3106/6000 reward=1.5377 profit=0.5377 on_time=1.0000 loss=-0.0000
INFO:  [DM] epoch 3107/6000 reward=1.4871 profit=0.4871 on_time=1.0000 loss=-0.0000
INFO:  [DM] epoch 3108/6000 reward=1.5619 profit=0.5619 on_time=1.0000 loss=-0.0000
INFO:  [DM] epoch 3109/6000 reward=1.5456 profit=0.5456 on_time=1.0000 loss=-0.0000
INFO:  [DM] epoch 3110/6000 reward=1.5417 profit=0.5417 on_time=1.0000 loss=-0.0000
INFO:  [DM] epoch 3111/6000 reward=1.4980 profit=0.4980 on_time=1.0000 loss=-0.0000
INFO:  [DM] epoch 3112/6000 reward=1.5580 profit=0.5580 on_time=1.0000 loss=-0.0000
INFO:  [DM] epoch 3113/6000 reward=1.5068 profit=0.5068 on_time=1.0000 loss=-0.0000
INFO:  [DM] epoch 3114/6000 reward=1.4882 profit=0.4882 on_time=1.0000 loss=0.0000
INFO:  [DM] epoch 3115/6000 reward=1.5496 profit=0.5496 on_time=1.0000 loss=-0.0000
INFO:  [DM] epoch 3116/6000 reward=1.5823 profit=0.5823 on_time=1.0000 loss=-0.0000
INFO:  [DM] epoch 3117/6000 reward=1.5057 profit=0.5057 on_time=1.0000 loss=-0.0000
INFO:  [DM] epoch 3118/6000 reward=1.5262 profit=0.5262 on_time=1.0000 loss=-0.0000
INFO:  [DM] epoch 3119/6000 reward=1.4752 profit=0.4752 on_time=1.0000 loss=-0.0000
INFO:  [DM] epoch 3120/6000 reward=1.5090 profit=0.5090 on_time=1.0000 loss=-0.0000
INFO:  [DM] epoch 3121/6000 reward=1.5702 profit=0.5702 on_time=1.0000 loss=0.0000
INFO:  [DM] epoch 3122/6000 reward=1.5566 profit=0.5566 on_time=1.0000 loss=-0.0000
INFO:  [DM] epoch 3123/6000 reward=1.5037 profit=0.5037 on_time=1.0000 loss=-0.0000
INFO:  [DM] epoch 3124/6000 reward=1.5076 profit=0.5076 on_time=1.0000 loss=-0.0000
INFO:  [DM] epoch 3125/6000 reward=1.5255 profit=0.5255 on_time=1.0000 loss=-0.0000
INFO:  [DM] epoch 3126/6000 reward=1.5213 profit=0.5213 on_time=1.0000 loss=-0.0000
INFO:  [DM] epoch 3127/6000 reward=1.5259 profit=0.5259 on_time=1.0000 loss=0.0000
INFO:  [DM] epoch 3128/6000 reward=1.5378 profit=0.5378 on_time=1.0000 loss=-0.0000
INFO:  [DM] epoch 3129/6000 reward=1.5192 profit=0.5192 on_time=1.0000 loss=0.0000
INFO:  [DM] epoch 3130/6000 reward=1.4976 profit=0.4976 on_time=1.0000 loss=-0.0000
INFO:  [DM] epoch 3131/6000 reward=1.4903 profit=0.4903 on_time=1.0000 loss=-0.0000
INFO:  [DM] epoch 3132/6000 reward=1.5262 profit=0.5262 on_time=1.0000 loss=-0.0000
INFO:  [DM] epoch 3133/6000 reward=1.5267 profit=0.5267 on_time=1.0000 loss=-0.0000
INFO:  [DM] epoch 3134/6000 reward=1.5338 profit=0.5338 on_time=1.0000 loss=-0.0000
INFO:  [DM] epoch 3135/6000 reward=1.5829 profit=0.5829 on_time=1.0000 loss=-0.0000
INFO:  [DM] epoch 3136/6000 reward=1.5656 profit=0.5656 on_time=1.0000 loss=-0.0000
INFO:  [DM] epoch 3137/6000 reward=1.5665 profit=0.5665 on_time=1.0000 loss=-0.0000
INFO:  [DM] epoch 3138/6000 reward=1.5292 profit=0.5292 on_time=1.0000 loss=-0.0000
INFO:  [DM] epoch 3139/6000 reward=1.5422 profit=0.5422 on_time=1.0000 loss=-0.0000
INFO:  [DM] epoch 3140/6000 reward=1.5188 profit=0.5188 on_time=1.0000 loss=-0.0000
INFO:  [DM] epoch 3141/6000 reward=1.4994 profit=0.4994 on_time=1.0000 loss=-0.0000
INFO:  [DM] epoch 3142/6000 reward=1.5162 profit=0.5162 on_time=1.0000 loss=-0.0000
INFO:  [DM] epoch 3143/6000 reward=1.5288 profit=0.5288 on_time=1.0000 loss=-0.0000
INFO:  [DM] epoch 3144/6000 reward=1.5361 profit=0.5361 on_time=1.0000 loss=-0.0000
INFO:  [DM] epoch 3145/6000 reward=1.5110 profit=0.5110 on_time=1.0000 loss=0.0024
INFO:  [DM] epoch 3146/6000 reward=1.5058 profit=0.5058 on_time=1.0000 loss=0.0000
INFO:  [DM] epoch 3147/6000 reward=1.5239 profit=0.5239 on_time=1.0000 loss=-0.0000
INFO:  [DM] epoch 3148/6000 reward=1.4907 profit=0.4907 on_time=1.0000 loss=-0.0000
INFO:  [DM] epoch 3149/6000 reward=1.5686 profit=0.5686 on_time=1.0000 loss=-0.0000
INFO:  [DM] epoch 3150/6000 reward=1.5511 profit=0.5511 on_time=1.0000 loss=-0.0000
INFO:  [DM] epoch 3151/6000 reward=1.5190 profit=0.5190 on_time=1.0000 loss=-0.0000
INFO:  [DM] epoch 3152/6000 reward=1.5220 profit=0.5220 on_time=1.0000 loss=-0.0000
INFO:  [DM] epoch 3153/6000 reward=1.5073 profit=0.5073 on_time=1.0000 loss=-0.0000
INFO:  [DM] epoch 3154/6000 reward=1.5138 profit=0.5138 on_time=1.0000 loss=-0.0000
INFO:  [DM] epoch 3155/6000 reward=1.5341 profit=0.5341 on_time=1.0000 loss=-0.0000
INFO:  [DM] epoch 3156/6000 reward=1.4998 profit=0.4998 on_time=1.0000 loss=-0.0000
INFO:  [DM] epoch 3157/6000 reward=1.4765 profit=0.4765 on_time=1.0000 loss=-0.0000
INFO:  [DM] epoch 3158/6000 reward=1.5454 profit=0.5454 on_time=1.0000 loss=-0.0000
INFO:  [DM] epoch 3159/6000 reward=1.5036 profit=0.5036 on_time=1.0000 loss=-0.0000
INFO:  [DM] epoch 3160/6000 reward=1.4620 profit=0.4620 on_time=1.0000 loss=-0.0000
INFO:  [DM] epoch 3161/6000 reward=1.4424 profit=0.4424 on_time=1.0000 loss=-0.0000
INFO:  [DM] epoch 3162/6000 reward=1.5308 profit=0.5308 on_time=1.0000 loss=-0.0000
INFO:  [DM] epoch 3163/6000 reward=1.5165 profit=0.5165 on_time=1.0000 loss=-0.0000
INFO:  [DM] epoch 3164/6000 reward=1.5287 profit=0.5287 on_time=1.0000 loss=0.0000
INFO:  [DM] epoch 3165/6000 reward=1.5071 profit=0.5071 on_time=1.0000 loss=0.0000
INFO:  [DM] epoch 3166/6000 reward=1.5331 profit=0.5331 on_time=1.0000 loss=0.0000
INFO:  [DM] epoch 3167/6000 reward=1.4895 profit=0.4895 on_time=1.0000 loss=-0.0000
INFO:  [DM] epoch 3168/6000 reward=1.4891 profit=0.4891 on_time=1.0000 loss=-0.0000
INFO:  [DM] epoch 3169/6000 reward=1.5166 profit=0.5166 on_time=1.0000 loss=-0.0000
INFO:  [DM] epoch 3170/6000 reward=1.5534 profit=0.5534 on_time=1.0000 loss=0.0000
INFO:  [DM] epoch 3171/6000 reward=1.5378 profit=0.5378 on_time=1.0000 loss=-0.0000
INFO:  [DM] epoch 3172/6000 reward=1.4780 profit=0.4780 on_time=1.0000 loss=-0.0000
INFO:  [DM] epoch 3173/6000 reward=1.5219 profit=0.5219 on_time=1.0000 loss=-0.0000
INFO:  [DM] epoch 3174/6000 reward=1.5512 profit=0.5512 on_time=1.0000 loss=-0.0000
INFO:  [DM] epoch 3175/6000 reward=1.5143 profit=0.5143 on_time=1.0000 loss=-0.0000
INFO:  [DM] epoch 3176/6000 reward=1.5050 profit=0.5050 on_time=1.0000 loss=-0.0000
INFO:  [DM] epoch 3177/6000 reward=1.5469 profit=0.5469 on_time=1.0000 loss=-0.0000
INFO:  [DM] epoch 3178/6000 reward=1.5409 profit=0.5409 on_time=1.0000 loss=-0.0000
INFO:  [DM] epoch 3179/6000 reward=1.5156 profit=0.5156 on_time=1.0000 loss=0.0000
INFO:  [DM] epoch 3180/6000 reward=1.5160 profit=0.5317 on_time=0.9844 loss=-0.0002
INFO:  [DM] epoch 3181/6000 reward=1.5154 profit=0.5154 on_time=1.0000 loss=-0.0000
INFO:  [DM] epoch 3182/6000 reward=1.4908 profit=0.4908 on_time=1.0000 loss=-0.0000
INFO:  [DM] epoch 3183/6000 reward=1.4827 profit=0.4827 on_time=1.0000 loss=-0.0000
INFO:  [DM] epoch 3184/6000 reward=1.4900 profit=0.4900 on_time=1.0000 loss=-0.0000
INFO:  [DM] epoch 3185/6000 reward=1.5600 profit=0.5600 on_time=1.0000 loss=0.0000
INFO:  [DM] epoch 3186/6000 reward=1.5185 profit=0.5185 on_time=1.0000 loss=-0.0000
INFO:  [DM] epoch 3187/6000 reward=1.5233 profit=0.5233 on_time=1.0000 loss=-0.0000
INFO:  [DM] epoch 3188/6000 reward=1.5429 profit=0.5429 on_time=1.0000 loss=-0.0000
INFO:  [DM] epoch 3189/6000 reward=1.5185 profit=0.5185 on_time=1.0000 loss=-0.0000
INFO:  [DM] epoch 3190/6000 reward=1.5810 profit=0.5810 on_time=1.0000 loss=-0.0000
INFO:  [DM] epoch 3191/6000 reward=1.5349 profit=0.5349 on_time=1.0000 loss=-0.0000
INFO:  [DM] epoch 3192/6000 reward=1.5210 profit=0.5210 on_time=1.0000 loss=-0.0000
INFO:  [DM] epoch 3193/6000 reward=1.5128 profit=0.5128 on_time=1.0000 loss=-0.0000
INFO:  [DM] epoch 3194/6000 reward=1.5122 profit=0.5122 on_time=1.0000 loss=-0.0000
INFO:  [DM] epoch 3195/6000 reward=1.5180 profit=0.5180 on_time=1.0000 loss=0.0000
INFO:  [DM] epoch 3196/6000 reward=1.5355 profit=0.5355 on_time=1.0000 loss=-0.0000
INFO:  [DM] epoch 3197/6000 reward=1.5188 profit=0.5188 on_time=1.0000 loss=-0.0000
INFO:  [DM] epoch 3198/6000 reward=1.5753 profit=0.5753 on_time=1.0000 loss=0.0000
INFO:  [DM] epoch 3199/6000 reward=1.5581 profit=0.5581 on_time=1.0000 loss=-0.0000
INFO:  [DM] epoch 3200/6000 reward=1.5414 profit=0.5414 on_time=1.0000 loss=-0.0000
INFO:  [DM] epoch 3201/6000 reward=1.5061 profit=0.5061 on_time=1.0000 loss=-0.0000
INFO:  [DM] epoch 3202/6000 reward=1.5259 profit=0.5259 on_time=1.0000 loss=-0.0000
INFO:  [DM] epoch 3203/6000 reward=1.5057 profit=0.5057 on_time=1.0000 loss=-0.0000
INFO:  [DM] epoch 3204/6000 reward=1.5002 profit=0.5002 on_time=1.0000 loss=0.0000
INFO:  [DM] epoch 3205/6000 reward=1.5028 profit=0.5028 on_time=1.0000 loss=0.0000
INFO:  [DM] epoch 3206/6000 reward=1.4911 profit=0.4911 on_time=1.0000 loss=-0.0000
INFO:  [DM] epoch 3207/6000 reward=1.5498 profit=0.5498 on_time=1.0000 loss=-0.0000
INFO:  [DM] epoch 3208/6000 reward=1.5226 profit=0.5226 on_time=1.0000 loss=0.0000
INFO:  [DM] epoch 3209/6000 reward=1.5459 profit=0.5459 on_time=1.0000 loss=-0.0000
INFO:  [DM] epoch 3210/6000 reward=1.5597 profit=0.5597 on_time=1.0000 loss=0.0000
INFO:  [DM] epoch 3211/6000 reward=1.5197 profit=0.5197 on_time=1.0000 loss=-0.0000
INFO:  [DM] epoch 3212/6000 reward=1.5190 profit=0.5190 on_time=1.0000 loss=-0.0000
INFO:  [DM] epoch 3213/6000 reward=1.5426 profit=0.5426 on_time=1.0000 loss=-0.0000
INFO:  [DM] epoch 3214/6000 reward=1.5288 profit=0.5288 on_time=1.0000 loss=-0.0000
INFO:  [DM] epoch 3215/6000 reward=1.5104 profit=0.5104 on_time=1.0000 loss=0.0000
INFO:  [DM] epoch 3216/6000 reward=1.5302 profit=0.5302 on_time=1.0000 loss=-0.0000
INFO:  [DM] epoch 3217/6000 reward=1.5183 profit=0.5183 on_time=1.0000 loss=-0.0000
INFO:  [DM] epoch 3218/6000 reward=1.5520 profit=0.5520 on_time=1.0000 loss=-0.0000
INFO:  [DM] epoch 3219/6000 reward=1.5036 profit=0.5036 on_time=1.0000 loss=-0.0000
INFO:  [DM] epoch 3220/6000 reward=1.5087 profit=0.5087 on_time=1.0000 loss=-0.0000
INFO:  [DM] epoch 3221/6000 reward=1.5112 profit=0.5112 on_time=1.0000 loss=-0.0000
INFO:  [DM] epoch 3222/6000 reward=1.5203 profit=0.5359 on_time=0.9844 loss=-0.0013
INFO:  [DM] epoch 3223/6000 reward=1.5388 profit=0.5388 on_time=1.0000 loss=0.0000
INFO:  [DM] epoch 3224/6000 reward=1.4806 profit=0.4806 on_time=1.0000 loss=0.0000
INFO:  [DM] epoch 3225/6000 reward=1.5149 profit=0.5149 on_time=1.0000 loss=0.0020
INFO:  [DM] epoch 3226/6000 reward=1.5421 profit=0.5421 on_time=1.0000 loss=0.0000
INFO:  [DM] epoch 3227/6000 reward=1.5428 profit=0.5584 on_time=0.9844 loss=-0.1020
INFO:  [DM] epoch 3228/6000 reward=1.5469 profit=0.5469 on_time=1.0000 loss=-0.0000
INFO:  [DM] epoch 3229/6000 reward=1.5446 profit=0.5446 on_time=1.0000 loss=0.0000
INFO:  [DM] epoch 3230/6000 reward=1.5350 profit=0.5350 on_time=1.0000 loss=0.0000
INFO:  [DM] epoch 3231/6000 reward=1.5389 profit=0.5389 on_time=1.0000 loss=0.0000
INFO:  [DM] epoch 3232/6000 reward=1.4807 profit=0.4807 on_time=1.0000 loss=-0.0000
INFO:  [DM] epoch 3233/6000 reward=1.5392 profit=0.5392 on_time=1.0000 loss=-0.0000
INFO:  [DM] epoch 3234/6000 reward=1.4855 profit=0.4855 on_time=1.0000 loss=0.0000
INFO:  [DM] epoch 3235/6000 reward=1.5131 profit=0.5131 on_time=1.0000 loss=0.0000
INFO:  [DM] epoch 3236/6000 reward=1.5527 profit=0.5527 on_time=1.0000 loss=0.0000
INFO:  [DM] epoch 3237/6000 reward=1.5083 profit=0.5083 on_time=1.0000 loss=-0.0001
INFO:  [DM] epoch 3238/6000 reward=1.5592 profit=0.5592 on_time=1.0000 loss=-0.0000
INFO:  [DM] epoch 3239/6000 reward=1.5491 profit=0.5491 on_time=1.0000 loss=-0.0000
INFO:  [DM] epoch 3240/6000 reward=1.4961 profit=0.4961 on_time=1.0000 loss=0.0033
INFO:  [DM] epoch 3241/6000 reward=1.5324 profit=0.5324 on_time=1.0000 loss=-0.0000
INFO:  [DM] epoch 3242/6000 reward=1.4590 profit=0.4747 on_time=0.9844 loss=-0.0330
INFO:  [DM] epoch 3243/6000 reward=1.5097 profit=0.5097 on_time=1.0000 loss=0.0000
INFO:  [DM] epoch 3244/6000 reward=1.5447 profit=0.5447 on_time=1.0000 loss=-0.0000
INFO:  [DM] epoch 3245/6000 reward=1.5278 profit=0.5278 on_time=1.0000 loss=-0.0000
INFO:  [DM] epoch 3246/6000 reward=1.5077 profit=0.5233 on_time=0.9844 loss=-0.0074
INFO:  [DM] epoch 3247/6000 reward=1.5136 profit=0.5136 on_time=1.0000 loss=0.0013
INFO:  [DM] epoch 3248/6000 reward=1.4716 profit=0.4872 on_time=0.9844 loss=-0.0006
INFO:  [DM] epoch 3249/6000 reward=1.4838 profit=0.4994 on_time=0.9844 loss=-0.0276
INFO:  [DM] epoch 3250/6000 reward=1.5661 profit=0.5661 on_time=1.0000 loss=0.0000
INFO:  [DM] epoch 3251/6000 reward=1.4910 profit=0.5066 on_time=0.9844 loss=-0.0285
INFO:  [DM] epoch 3252/6000 reward=1.5192 profit=0.5349 on_time=0.9844 loss=-0.0013
INFO:  [DM] epoch 3253/6000 reward=1.4957 profit=0.4957 on_time=1.0000 loss=-0.0000
INFO:  [DM] epoch 3254/6000 reward=1.4862 profit=0.5018 on_time=0.9844 loss=-0.0071
INFO:  [DM] epoch 3255/6000 reward=1.5023 profit=0.5023 on_time=1.0000 loss=-0.0000
INFO:  [DM] epoch 3256/6000 reward=1.5259 profit=0.5259 on_time=1.0000 loss=-0.0000
INFO:  [DM] epoch 3257/6000 reward=1.5058 profit=0.5058 on_time=1.0000 loss=0.0000
INFO:  [DM] epoch 3258/6000 reward=1.5486 profit=0.5486 on_time=1.0000 loss=-0.0000
INFO:  [DM] epoch 3259/6000 reward=1.5051 profit=0.5051 on_time=1.0000 loss=-0.0000
INFO:  [DM] epoch 3260/6000 reward=1.5322 profit=0.5322 on_time=1.0000 loss=-0.0000
INFO:  [DM] epoch 3261/6000 reward=1.4903 profit=0.4903 on_time=1.0000 loss=0.0001
INFO:  [DM] epoch 3262/6000 reward=1.5388 profit=0.5545 on_time=0.9844 loss=-0.0107
INFO:  [DM] epoch 3263/6000 reward=1.5083 profit=0.5239 on_time=0.9844 loss=-0.0528
INFO:  [DM] epoch 3264/6000 reward=1.5816 profit=0.5816 on_time=1.0000 loss=-0.0000
INFO:  [DM] epoch 3265/6000 reward=1.5068 profit=0.5068 on_time=1.0000 loss=-0.0000
INFO:  [DM] epoch 3266/6000 reward=1.5234 profit=0.5234 on_time=1.0000 loss=-0.0000
INFO:  [DM] epoch 3267/6000 reward=1.4785 profit=0.4785 on_time=1.0000 loss=0.0000
INFO:  [DM] epoch 3268/6000 reward=1.5218 profit=0.5218 on_time=1.0000 loss=-0.0000
INFO:  [DM] epoch 3269/6000 reward=1.4911 profit=0.4911 on_time=1.0000 loss=-0.0000
INFO:  [DM] epoch 3270/6000 reward=1.4891 profit=0.5047 on_time=0.9844 loss=-0.0025
INFO:  [DM] epoch 3271/6000 reward=1.4893 profit=0.5206 on_time=0.9688 loss=-0.0089
INFO:  [DM] epoch 3272/6000 reward=1.5143 profit=0.5143 on_time=1.0000 loss=-0.0000
INFO:  [DM] epoch 3273/6000 reward=1.5133 profit=0.5133 on_time=1.0000 loss=-0.0000
INFO:  [DM] epoch 3274/6000 reward=1.5019 profit=0.5019 on_time=1.0000 loss=0.0000
INFO:  [DM] epoch 3275/6000 reward=1.5361 profit=0.5361 on_time=1.0000 loss=-0.0009
INFO:  [DM] epoch 3276/6000 reward=1.5382 profit=0.5539 on_time=0.9844 loss=-0.0060
INFO:  [DM] epoch 3277/6000 reward=1.5446 profit=0.5446 on_time=1.0000 loss=-0.0000
INFO:  [DM] epoch 3278/6000 reward=1.4975 profit=0.5131 on_time=0.9844 loss=-0.0132
INFO:  [DM] epoch 3279/6000 reward=1.4903 profit=0.5059 on_time=0.9844 loss=-0.0229
INFO:  [DM] epoch 3280/6000 reward=1.5122 profit=0.5122 on_time=1.0000 loss=0.0000
INFO:  [DM] epoch 3281/6000 reward=1.5080 profit=0.5080 on_time=1.0000 loss=-0.0000
INFO:  [DM] epoch 3282/6000 reward=1.5177 profit=0.5177 on_time=1.0000 loss=0.0000
INFO:  [DM] epoch 3283/6000 reward=1.5385 profit=0.5385 on_time=1.0000 loss=0.0000
INFO:  [DM] epoch 3284/6000 reward=1.5289 profit=0.5289 on_time=1.0000 loss=-0.0000
INFO:  [DM] epoch 3285/6000 reward=1.5020 profit=0.5020 on_time=1.0000 loss=0.0000
INFO:  [DM] epoch 3286/6000 reward=1.5222 profit=0.5222 on_time=1.0000 loss=-0.0000
INFO:  [DM] epoch 3287/6000 reward=1.5149 profit=0.5149 on_time=1.0000 loss=-0.0000
INFO:  [DM] epoch 3288/6000 reward=1.5062 profit=0.5218 on_time=0.9844 loss=-0.0333
INFO:  [DM] epoch 3289/6000 reward=1.5323 profit=0.5323 on_time=1.0000 loss=-0.0000
INFO:  [DM] epoch 3290/6000 reward=1.4996 profit=0.4996 on_time=1.0000 loss=0.0000
INFO:  [DM] epoch 3291/6000 reward=1.5171 profit=0.5171 on_time=1.0000 loss=0.0000
INFO:  [DM] epoch 3292/6000 reward=1.5291 profit=0.5291 on_time=1.0000 loss=-0.0000
INFO:  [DM] epoch 3293/6000 reward=1.5393 profit=0.5393 on_time=1.0000 loss=-0.0000
INFO:  [DM] epoch 3294/6000 reward=1.4897 profit=0.4897 on_time=1.0000 loss=-0.0000
INFO:  [DM] epoch 3295/6000 reward=1.5603 profit=0.5603 on_time=1.0000 loss=0.0000
INFO:  [DM] epoch 3296/6000 reward=1.5032 profit=0.5189 on_time=0.9844 loss=-0.0000
INFO:  [DM] epoch 3297/6000 reward=1.5542 profit=0.5542 on_time=1.0000 loss=-0.0000
INFO:  [DM] epoch 3298/6000 reward=1.5558 profit=0.5558 on_time=1.0000 loss=-0.0000
INFO:  [DM] epoch 3299/6000 reward=1.5306 profit=0.5306 on_time=1.0000 loss=-0.0000
INFO:  [DM] epoch 3300/6000 reward=1.4954 profit=0.4954 on_time=1.0000 loss=-0.0000
INFO:  [DM] epoch 3301/6000 reward=1.5378 profit=0.5378 on_time=1.0000 loss=-0.0000
INFO:  [DM] epoch 3302/6000 reward=1.5016 profit=0.5016 on_time=1.0000 loss=-0.0000
INFO:  [DM] epoch 3303/6000 reward=1.5035 profit=0.5035 on_time=1.0000 loss=-0.0001
INFO:  [DM] epoch 3304/6000 reward=1.5419 profit=0.5419 on_time=1.0000 loss=-0.0000
INFO:  [DM] epoch 3305/6000 reward=1.5089 profit=0.5089 on_time=1.0000 loss=-0.0000
INFO:  [DM] epoch 3306/6000 reward=1.5169 profit=0.5169 on_time=1.0000 loss=-0.0000
INFO:  [DM] epoch 3307/6000 reward=1.4575 profit=0.4575 on_time=1.0000 loss=0.0000
INFO:  [DM] epoch 3308/6000 reward=1.5493 profit=0.5493 on_time=1.0000 loss=-0.0000
INFO:  [DM] epoch 3309/6000 reward=1.5160 profit=0.5160 on_time=1.0000 loss=0.0000
INFO:  [DM] epoch 3310/6000 reward=1.5269 profit=0.5269 on_time=1.0000 loss=0.0000
INFO:  [DM] epoch 3311/6000 reward=1.4980 profit=0.4980 on_time=1.0000 loss=-0.0000
INFO:  [DM] epoch 3312/6000 reward=1.4798 profit=0.4798 on_time=1.0000 loss=-0.0000
INFO:  [DM] epoch 3313/6000 reward=1.4984 profit=0.4984 on_time=1.0000 loss=-0.0000
INFO:  [DM] epoch 3314/6000 reward=1.5143 profit=0.5143 on_time=1.0000 loss=-0.0000
INFO:  [DM] epoch 3315/6000 reward=1.5213 profit=0.5213 on_time=1.0000 loss=-0.0000
INFO:  [DM] epoch 3316/6000 reward=1.5062 profit=0.5062 on_time=1.0000 loss=-0.0000
INFO:  [DM] epoch 3317/6000 reward=1.5244 profit=0.5244 on_time=1.0000 loss=0.0000
INFO:  [DM] epoch 3318/6000 reward=1.5207 profit=0.5207 on_time=1.0000 loss=0.0000
INFO:  [DM] epoch 3319/6000 reward=1.5158 profit=0.5158 on_time=1.0000 loss=-0.0005
INFO:  [DM] epoch 3320/6000 reward=1.5299 profit=0.5299 on_time=1.0000 loss=0.0000
INFO:  [DM] epoch 3321/6000 reward=1.4926 profit=0.5082 on_time=0.9844 loss=-0.0002
INFO:  [DM] epoch 3322/6000 reward=1.5529 profit=0.5529 on_time=1.0000 loss=0.0000
INFO:  [DM] epoch 3323/6000 reward=1.5048 profit=0.5205 on_time=0.9844 loss=-0.0010
INFO:  [DM] epoch 3324/6000 reward=1.5490 profit=0.5490 on_time=1.0000 loss=0.0032
INFO:  [DM] epoch 3325/6000 reward=1.4914 profit=0.5070 on_time=0.9844 loss=-0.0001
INFO:  [DM] epoch 3326/6000 reward=1.5555 profit=0.5555 on_time=1.0000 loss=-0.0000
INFO:  [DM] epoch 3327/6000 reward=1.5649 profit=0.5649 on_time=1.0000 loss=-0.0000
INFO:  [DM] epoch 3328/6000 reward=1.4969 profit=0.4969 on_time=1.0000 loss=-0.0000
INFO:  [DM] epoch 3329/6000 reward=1.5212 profit=0.5212 on_time=1.0000 loss=-0.0000
INFO:  [DM] epoch 3330/6000 reward=1.5245 profit=0.5245 on_time=1.0000 loss=-0.0000
INFO:  [DM] epoch 3331/6000 reward=1.5540 profit=0.5540 on_time=1.0000 loss=-0.0000
INFO:  [DM] epoch 3332/6000 reward=1.4899 profit=0.4899 on_time=1.0000 loss=-0.0000
INFO:  [DM] epoch 3333/6000 reward=1.5202 profit=0.5202 on_time=1.0000 loss=0.0000
INFO:  [DM] epoch 3334/6000 reward=1.5111 profit=0.5111 on_time=1.0000 loss=0.0000
INFO:  [DM] epoch 3335/6000 reward=1.5475 profit=0.5475 on_time=1.0000 loss=-0.0000
INFO:  [DM] epoch 3336/6000 reward=1.5006 profit=0.5006 on_time=1.0000 loss=-0.0000
INFO:  [DM] epoch 3337/6000 reward=1.5140 profit=0.5140 on_time=1.0000 loss=-0.0000
INFO:  [DM] epoch 3338/6000 reward=1.5474 profit=0.5474 on_time=1.0000 loss=0.0000
INFO:  [DM] epoch 3339/6000 reward=1.5088 profit=0.5088 on_time=1.0000 loss=-0.0000
INFO:  [DM] epoch 3340/6000 reward=1.5142 profit=0.5142 on_time=1.0000 loss=0.0000
INFO:  [DM] epoch 3341/6000 reward=1.5555 profit=0.5555 on_time=1.0000 loss=-0.0000
INFO:  [DM] epoch 3342/6000 reward=1.5172 profit=0.5172 on_time=1.0000 loss=-0.0000
INFO:  [DM] epoch 3343/6000 reward=1.5181 profit=0.5181 on_time=1.0000 loss=-0.0000
INFO:  [DM] epoch 3344/6000 reward=1.4979 profit=0.5291 on_time=0.9688 loss=-0.0024
INFO:  [DM] epoch 3345/6000 reward=1.4904 profit=0.4904 on_time=1.0000 loss=-0.0000
INFO:  [DM] epoch 3346/6000 reward=1.5177 profit=0.5177 on_time=1.0000 loss=-0.0000
INFO:  [DM] epoch 3347/6000 reward=1.5355 profit=0.5355 on_time=1.0000 loss=-0.0000
INFO:  [DM] epoch 3348/6000 reward=1.5152 profit=0.5152 on_time=1.0000 loss=-0.0000
INFO:  [DM] epoch 3349/6000 reward=1.4737 profit=0.4737 on_time=1.0000 loss=-0.0000
INFO:  [DM] epoch 3350/6000 reward=1.5133 profit=0.5133 on_time=1.0000 loss=-0.0000
INFO:  [DM] epoch 3351/6000 reward=1.5302 profit=0.5302 on_time=1.0000 loss=-0.0000
INFO:  [DM] epoch 3352/6000 reward=1.5174 profit=0.5174 on_time=1.0000 loss=-0.0000
INFO:  [DM] epoch 3353/6000 reward=1.5238 profit=0.5238 on_time=1.0000 loss=-0.0000
INFO:  [DM] epoch 3354/6000 reward=1.4952 profit=0.4952 on_time=1.0000 loss=-0.0000
INFO:  [DM] epoch 3355/6000 reward=1.5019 profit=0.5019 on_time=1.0000 loss=-0.0000
INFO:  [DM] epoch 3356/6000 reward=1.5693 profit=0.5693 on_time=1.0000 loss=-0.0000
INFO:  [DM] epoch 3357/6000 reward=1.4961 profit=0.4961 on_time=1.0000 loss=-0.0000
INFO:  [DM] epoch 3358/6000 reward=1.4959 profit=0.4959 on_time=1.0000 loss=0.0000
INFO:  [DM] epoch 3359/6000 reward=1.5463 profit=0.5463 on_time=1.0000 loss=-0.0000
INFO:  [DM] epoch 3360/6000 reward=1.5093 profit=0.5093 on_time=1.0000 loss=-0.0000
INFO:  [DM] epoch 3361/6000 reward=1.5420 profit=0.5420 on_time=1.0000 loss=-0.0000
INFO:  [DM] epoch 3362/6000 reward=1.5185 profit=0.5185 on_time=1.0000 loss=-0.0000
INFO:  [DM] epoch 3363/6000 reward=1.5369 profit=0.5369 on_time=1.0000 loss=-0.0000
INFO:  [DM] epoch 3364/6000 reward=1.4766 profit=0.4766 on_time=1.0000 loss=-0.0000
INFO:  [DM] epoch 3365/6000 reward=1.5143 profit=0.5143 on_time=1.0000 loss=-0.0000
INFO:  [DM] epoch 3366/6000 reward=1.4898 profit=0.4898 on_time=1.0000 loss=-0.0000
INFO:  [DM] epoch 3367/6000 reward=1.5163 profit=0.5163 on_time=1.0000 loss=-0.0000
INFO:  [DM] epoch 3368/6000 reward=1.5178 profit=0.5178 on_time=1.0000 loss=-0.0000
INFO:  [DM] epoch 3369/6000 reward=1.5086 profit=0.5086 on_time=1.0000 loss=-0.0000
INFO:  [DM] epoch 3370/6000 reward=1.5479 profit=0.5479 on_time=1.0000 loss=-0.0084
INFO:  [DM] epoch 3371/6000 reward=1.5269 profit=0.5269 on_time=1.0000 loss=-0.0000
INFO:  [DM] epoch 3372/6000 reward=1.5821 profit=0.5821 on_time=1.0000 loss=-0.0000
INFO:  [DM] epoch 3373/6000 reward=1.5198 profit=0.5354 on_time=0.9844 loss=-0.0000
INFO:  [DM] epoch 3374/6000 reward=1.4964 profit=0.4964 on_time=1.0000 loss=-0.0000
INFO:  [DM] epoch 3375/6000 reward=1.5000 profit=0.5313 on_time=0.9688 loss=-0.0093
INFO:  [DM] epoch 3376/6000 reward=1.5081 profit=0.5081 on_time=1.0000 loss=0.0013
INFO:  [DM] epoch 3377/6000 reward=1.5238 profit=0.5238 on_time=1.0000 loss=-0.0000
INFO:  [DM] epoch 3378/6000 reward=1.4859 profit=0.4859 on_time=1.0000 loss=0.0000
INFO:  [DM] epoch 3379/6000 reward=1.5162 profit=0.5162 on_time=1.0000 loss=-0.0000
INFO:  [DM] epoch 3380/6000 reward=1.5526 profit=0.5526 on_time=1.0000 loss=-0.0000
INFO:  [DM] epoch 3381/6000 reward=1.5416 profit=0.5416 on_time=1.0000 loss=-0.0000
INFO:  [DM] epoch 3382/6000 reward=1.5312 profit=0.5312 on_time=1.0000 loss=-0.0001
INFO:  [DM] epoch 3383/6000 reward=1.5197 profit=0.5197 on_time=1.0000 loss=-0.0000
INFO:  [DM] epoch 3384/6000 reward=1.4956 profit=0.5112 on_time=0.9844 loss=-0.0000
INFO:  [DM] epoch 3385/6000 reward=1.5243 profit=0.5243 on_time=1.0000 loss=-0.0000
INFO:  [DM] epoch 3386/6000 reward=1.4845 profit=0.4845 on_time=1.0000 loss=-0.0000
INFO:  [DM] epoch 3387/6000 reward=1.5184 profit=0.5184 on_time=1.0000 loss=-0.0000
INFO:  [DM] epoch 3388/6000 reward=1.5279 profit=0.5279 on_time=1.0000 loss=0.0000
INFO:  [DM] epoch 3389/6000 reward=1.4931 profit=0.4931 on_time=1.0000 loss=0.0000
INFO:  [DM] epoch 3390/6000 reward=1.5078 profit=0.5078 on_time=1.0000 loss=-0.0000
INFO:  [DM] epoch 3391/6000 reward=1.5424 profit=0.5424 on_time=1.0000 loss=-0.0004
INFO:  [DM] epoch 3392/6000 reward=1.5270 profit=0.5426 on_time=0.9844 loss=-0.0001
INFO:  [DM] epoch 3393/6000 reward=1.5055 profit=0.5055 on_time=1.0000 loss=-0.0000
INFO:  [DM] epoch 3394/6000 reward=1.4933 profit=0.5089 on_time=0.9844 loss=-0.0149
INFO:  [DM] epoch 3395/6000 reward=1.4856 profit=0.4856 on_time=1.0000 loss=-0.0000
INFO:  [DM] epoch 3396/6000 reward=1.5858 profit=0.5858 on_time=1.0000 loss=-0.0000
INFO:  [DM] epoch 3397/6000 reward=1.4998 profit=0.5310 on_time=0.9688 loss=-0.0157
INFO:  [DM] epoch 3398/6000 reward=1.4835 profit=0.4991 on_time=0.9844 loss=-0.0003
INFO:  [DM] epoch 3399/6000 reward=1.5029 profit=0.5029 on_time=1.0000 loss=-0.0000
INFO:  [DM] epoch 3400/6000 reward=1.4905 profit=0.4905 on_time=1.0000 loss=0.0000
INFO:  [DM] epoch 3401/6000 reward=1.5558 profit=0.5558 on_time=1.0000 loss=-0.0000
INFO:  [DM] epoch 3402/6000 reward=1.4922 profit=0.5078 on_time=0.9844 loss=0.0000
INFO:  [DM] epoch 3403/6000 reward=1.4950 profit=0.5106 on_time=0.9844 loss=-0.0124
INFO:  [DM] epoch 3404/6000 reward=1.5434 profit=0.5434 on_time=1.0000 loss=-0.0000
INFO:  [DM] epoch 3405/6000 reward=1.5158 profit=0.5314 on_time=0.9844 loss=-0.0001
INFO:  [DM] epoch 3406/6000 reward=1.5108 profit=0.5108 on_time=1.0000 loss=0.0000
INFO:  [DM] epoch 3407/6000 reward=1.5156 profit=0.5156 on_time=1.0000 loss=0.0003
INFO:  [DM] epoch 3408/6000 reward=1.4900 profit=0.4900 on_time=1.0000 loss=0.0000
INFO:  [DM] epoch 3409/6000 reward=1.4910 profit=0.5066 on_time=0.9844 loss=-0.0025
INFO:  [DM] epoch 3410/6000 reward=1.5317 profit=0.5317 on_time=1.0000 loss=-0.0000
INFO:  [DM] epoch 3411/6000 reward=1.5102 profit=0.5102 on_time=1.0000 loss=0.0000
INFO:  [DM] epoch 3412/6000 reward=1.5006 profit=0.5006 on_time=1.0000 loss=-0.0000
INFO:  [DM] epoch 3413/6000 reward=1.5355 profit=0.5355 on_time=1.0000 loss=-0.0000
INFO:  [DM] epoch 3414/6000 reward=1.5233 profit=0.5233 on_time=1.0000 loss=-0.0000
INFO:  [DM] epoch 3415/6000 reward=1.5058 profit=0.5058 on_time=1.0000 loss=-0.0000
INFO:  [DM] epoch 3416/6000 reward=1.4885 profit=0.4885 on_time=1.0000 loss=-0.0000
INFO:  [DM] epoch 3417/6000 reward=1.5314 profit=0.5314 on_time=1.0000 loss=-0.0000
INFO:  [DM] epoch 3418/6000 reward=1.5239 profit=0.5239 on_time=1.0000 loss=-0.0000
INFO:  [DM] epoch 3419/6000 reward=1.5139 profit=0.5139 on_time=1.0000 loss=-0.0000
INFO:  [DM] epoch 3420/6000 reward=1.5221 profit=0.5221 on_time=1.0000 loss=-0.0000
INFO:  [DM] epoch 3421/6000 reward=1.4854 profit=0.4854 on_time=1.0000 loss=-0.0000
INFO:  [DM] epoch 3422/6000 reward=1.4957 profit=0.4957 on_time=1.0000 loss=0.0000
INFO:  [DM] epoch 3423/6000 reward=1.5168 profit=0.5168 on_time=1.0000 loss=-0.0000
INFO:  [DM] epoch 3424/6000 reward=1.5128 profit=0.5128 on_time=1.0000 loss=-0.0000
INFO:  [DM] epoch 3425/6000 reward=1.5472 profit=0.5472 on_time=1.0000 loss=-0.0000
INFO:  [DM] epoch 3426/6000 reward=1.5140 profit=0.5140 on_time=1.0000 loss=-0.0000
INFO:  [DM] epoch 3427/6000 reward=1.5155 profit=0.5155 on_time=1.0000 loss=0.0000
INFO:  [DM] epoch 3428/6000 reward=1.4885 profit=0.4885 on_time=1.0000 loss=0.0000
INFO:  [DM] epoch 3429/6000 reward=1.5070 profit=0.5070 on_time=1.0000 loss=-0.0000
INFO:  [DM] epoch 3430/6000 reward=1.5022 profit=0.5022 on_time=1.0000 loss=-0.0000
INFO:  [DM] epoch 3431/6000 reward=1.5277 profit=0.5433 on_time=0.9844 loss=-0.0050
INFO:  [DM] epoch 3432/6000 reward=1.5126 profit=0.5126 on_time=1.0000 loss=-0.0000
INFO:  [DM] epoch 3433/6000 reward=1.5153 profit=0.5153 on_time=1.0000 loss=-0.0000
INFO:  [DM] epoch 3434/6000 reward=1.5129 profit=0.5129 on_time=1.0000 loss=-0.0000
INFO:  [DM] epoch 3435/6000 reward=1.5144 profit=0.5144 on_time=1.0000 loss=-0.0000
INFO:  [DM] epoch 3436/6000 reward=1.5019 profit=0.5019 on_time=1.0000 loss=0.0000
INFO:  [DM] epoch 3437/6000 reward=1.4868 profit=0.4868 on_time=1.0000 loss=0.0000
INFO:  [DM] epoch 3438/6000 reward=1.5105 profit=0.5105 on_time=1.0000 loss=-0.0000
INFO:  [DM] epoch 3439/6000 reward=1.5183 profit=0.5183 on_time=1.0000 loss=0.0000
INFO:  [DM] epoch 3440/6000 reward=1.5629 profit=0.5629 on_time=1.0000 loss=0.0000
INFO:  [DM] epoch 3441/6000 reward=1.4904 profit=0.5061 on_time=0.9844 loss=-0.0095
INFO:  [DM] epoch 3442/6000 reward=1.5033 profit=0.5033 on_time=1.0000 loss=-0.0000
INFO:  [DM] epoch 3443/6000 reward=1.5629 profit=0.5629 on_time=1.0000 loss=-0.0001
INFO:  [DM] epoch 3444/6000 reward=1.5081 profit=0.5081 on_time=1.0000 loss=-0.0000
INFO:  [DM] epoch 3445/6000 reward=1.5410 profit=0.5410 on_time=1.0000 loss=-0.0000
INFO:  [DM] epoch 3446/6000 reward=1.5057 profit=0.5057 on_time=1.0000 loss=0.0000
INFO:  [DM] epoch 3447/6000 reward=1.5035 profit=0.5035 on_time=1.0000 loss=-0.0000
INFO:  [DM] epoch 3448/6000 reward=1.4976 profit=0.4976 on_time=1.0000 loss=0.0000
INFO:  [DM] epoch 3449/6000 reward=1.5557 profit=0.5557 on_time=1.0000 loss=-0.0000
INFO:  [DM] epoch 3450/6000 reward=1.4903 profit=0.4903 on_time=1.0000 loss=-0.0000
INFO:  [DM] epoch 3451/6000 reward=1.4732 profit=0.4889 on_time=0.9844 loss=0.0062
INFO:  [DM] epoch 3452/6000 reward=1.5110 profit=0.5266 on_time=0.9844 loss=-0.0052
INFO:  [DM] epoch 3453/6000 reward=1.4752 profit=0.4752 on_time=1.0000 loss=-0.0000
INFO:  [DM] epoch 3454/6000 reward=1.5635 profit=0.5635 on_time=1.0000 loss=0.0000
INFO:  [DM] epoch 3455/6000 reward=1.6021 profit=0.6021 on_time=1.0000 loss=-0.0000
INFO:  [DM] epoch 3456/6000 reward=1.5479 profit=0.5479 on_time=1.0000 loss=-0.0000
INFO:  [DM] epoch 3457/6000 reward=1.5150 profit=0.5307 on_time=0.9844 loss=-0.0009
INFO:  [DM] epoch 3458/6000 reward=1.5167 profit=0.5167 on_time=1.0000 loss=-0.0000
INFO:  [DM] epoch 3459/6000 reward=1.5065 profit=0.5065 on_time=1.0000 loss=-0.0000
INFO:  [DM] epoch 3460/6000 reward=1.5125 profit=0.5125 on_time=1.0000 loss=-0.0000
INFO:  [DM] epoch 3461/6000 reward=1.5354 profit=0.5354 on_time=1.0000 loss=-0.0000
INFO:  [DM] epoch 3462/6000 reward=1.5415 profit=0.5415 on_time=1.0000 loss=-0.0000
INFO:  [DM] epoch 3463/6000 reward=1.4891 profit=0.4891 on_time=1.0000 loss=-0.0000
INFO:  [DM] epoch 3464/6000 reward=1.5265 profit=0.5265 on_time=1.0000 loss=0.0000
INFO:  [DM] epoch 3465/6000 reward=1.5242 profit=0.5242 on_time=1.0000 loss=-0.0000
INFO:  [DM] epoch 3466/6000 reward=1.5430 profit=0.5430 on_time=1.0000 loss=0.0000
INFO:  [DM] epoch 3467/6000 reward=1.5328 profit=0.5328 on_time=1.0000 loss=-0.0000
INFO:  [DM] epoch 3468/6000 reward=1.5697 profit=0.5697 on_time=1.0000 loss=-0.0000
INFO:  [DM] epoch 3469/6000 reward=1.4719 profit=0.4875 on_time=0.9844 loss=-0.0065
INFO:  [DM] epoch 3470/6000 reward=1.5216 profit=0.5216 on_time=1.0000 loss=-0.0000
INFO:  [DM] epoch 3471/6000 reward=1.5747 profit=0.5747 on_time=1.0000 loss=-0.0000
INFO:  [DM] epoch 3472/6000 reward=1.5415 profit=0.5415 on_time=1.0000 loss=-0.0000
INFO:  [DM] epoch 3473/6000 reward=1.4982 profit=0.4982 on_time=1.0000 loss=-0.0000
INFO:  [DM] epoch 3474/6000 reward=1.5402 profit=0.5402 on_time=1.0000 loss=-0.0000
INFO:  [DM] epoch 3475/6000 reward=1.4810 profit=0.4810 on_time=1.0000 loss=-0.0000
INFO:  [DM] epoch 3476/6000 reward=1.5262 profit=0.5262 on_time=1.0000 loss=-0.0000
INFO:  [DM] epoch 3477/6000 reward=1.5194 profit=0.5194 on_time=1.0000 loss=-0.0000
INFO:  [DM] epoch 3478/6000 reward=1.5227 profit=0.5227 on_time=1.0000 loss=-0.0000
INFO:  [DM] epoch 3479/6000 reward=1.5416 profit=0.5416 on_time=1.0000 loss=-0.0000
INFO:  [DM] epoch 3480/6000 reward=1.5291 profit=0.5291 on_time=1.0000 loss=0.0000
INFO:  [DM] epoch 3481/6000 reward=1.5504 profit=0.5504 on_time=1.0000 loss=0.0000
INFO:  [DM] epoch 3482/6000 reward=1.5640 profit=0.5640 on_time=1.0000 loss=0.0008
INFO:  [DM] epoch 3483/6000 reward=1.4770 profit=0.4770 on_time=1.0000 loss=-0.0000
INFO:  [DM] epoch 3484/6000 reward=1.5335 profit=0.5335 on_time=1.0000 loss=-0.0000
INFO:  [DM] epoch 3485/6000 reward=1.5142 profit=0.5142 on_time=1.0000 loss=-0.0000
INFO:  [DM] epoch 3486/6000 reward=1.5667 profit=0.5667 on_time=1.0000 loss=-0.0000
INFO:  [DM] epoch 3487/6000 reward=1.5075 profit=0.5075 on_time=1.0000 loss=-0.0000
INFO:  [DM] epoch 3488/6000 reward=1.5593 profit=0.5593 on_time=1.0000 loss=-0.0000
INFO:  [DM] epoch 3489/6000 reward=1.5024 profit=0.5024 on_time=1.0000 loss=-0.0000
INFO:  [DM] epoch 3490/6000 reward=1.5436 profit=0.5436 on_time=1.0000 loss=-0.0000
INFO:  [DM] epoch 3491/6000 reward=1.5204 profit=0.5204 on_time=1.0000 loss=-0.0000
INFO:  [DM] epoch 3492/6000 reward=1.5045 profit=0.5045 on_time=1.0000 loss=-0.0000
INFO:  [DM] epoch 3493/6000 reward=1.5397 profit=0.5397 on_time=1.0000 loss=-0.0000
INFO:  [DM] epoch 3494/6000 reward=1.5186 profit=0.5186 on_time=1.0000 loss=-0.0000
INFO:  [DM] epoch 3495/6000 reward=1.5132 profit=0.5132 on_time=1.0000 loss=-0.0000
INFO:  [DM] epoch 3496/6000 reward=1.5201 profit=0.5201 on_time=1.0000 loss=-0.0000
INFO:  [DM] epoch 3497/6000 reward=1.5274 profit=0.5274 on_time=1.0000 loss=-0.0000
INFO:  [DM] epoch 3498/6000 reward=1.5154 profit=0.5154 on_time=1.0000 loss=-0.0000
INFO:  [DM] epoch 3499/6000 reward=1.5556 profit=0.5556 on_time=1.0000 loss=-0.0000
INFO:  [DM] epoch 3500/6000 reward=1.5249 profit=0.5249 on_time=1.0000 loss=-0.0000
INFO:  [DM] epoch 3501/6000 reward=1.5812 profit=0.5812 on_time=1.0000 loss=0.0000
INFO:  [DM] epoch 3502/6000 reward=1.5032 profit=0.5032 on_time=1.0000 loss=-0.0000
INFO:  [DM] epoch 3503/6000 reward=1.5327 profit=0.5327 on_time=1.0000 loss=-0.0000
INFO:  [DM] epoch 3504/6000 reward=1.5402 profit=0.5402 on_time=1.0000 loss=-0.0000
INFO:  [DM] epoch 3505/6000 reward=1.5168 profit=0.5168 on_time=1.0000 loss=-0.0000
INFO:  [DM] epoch 3506/6000 reward=1.4855 profit=0.4855 on_time=1.0000 loss=-0.0000
INFO:  [DM] epoch 3507/6000 reward=1.5028 profit=0.5028 on_time=1.0000 loss=0.0000
INFO:  [DM] epoch 3508/6000 reward=1.5158 profit=0.5158 on_time=1.0000 loss=0.0000
INFO:  [DM] epoch 3509/6000 reward=1.5672 profit=0.5672 on_time=1.0000 loss=-0.0000
INFO:  [DM] epoch 3510/6000 reward=1.5043 profit=0.5043 on_time=1.0000 loss=0.0000
INFO:  [DM] epoch 3511/6000 reward=1.5183 profit=0.5183 on_time=1.0000 loss=-0.0000
INFO:  [DM] epoch 3512/6000 reward=1.5063 profit=0.5063 on_time=1.0000 loss=0.0003
INFO:  [DM] epoch 3513/6000 reward=1.5141 profit=0.5141 on_time=1.0000 loss=-0.0000
INFO:  [DM] epoch 3514/6000 reward=1.5001 profit=0.5001 on_time=1.0000 loss=0.0000
INFO:  [DM] epoch 3515/6000 reward=1.4973 profit=0.4973 on_time=1.0000 loss=-0.0000
INFO:  [DM] epoch 3516/6000 reward=1.5621 profit=0.5621 on_time=1.0000 loss=-0.0000
INFO:  [DM] epoch 3517/6000 reward=1.4937 profit=0.4937 on_time=1.0000 loss=-0.0000
INFO:  [DM] epoch 3518/6000 reward=1.4952 profit=0.4952 on_time=1.0000 loss=-0.0000
INFO:  [DM] epoch 3519/6000 reward=1.4873 profit=0.4873 on_time=1.0000 loss=-0.0000
INFO:  [DM] epoch 3520/6000 reward=1.4873 profit=0.4873 on_time=1.0000 loss=-0.0000
INFO:  [DM] epoch 3521/6000 reward=1.5325 profit=0.5325 on_time=1.0000 loss=-0.0000
INFO:  [DM] epoch 3522/6000 reward=1.5049 profit=0.5049 on_time=1.0000 loss=-0.0000
INFO:  [DM] epoch 3523/6000 reward=1.5597 profit=0.5597 on_time=1.0000 loss=-0.0000
INFO:  [DM] epoch 3524/6000 reward=1.5251 profit=0.5251 on_time=1.0000 loss=-0.0000
INFO:  [DM] epoch 3525/6000 reward=1.4905 profit=0.4905 on_time=1.0000 loss=-0.0000
INFO:  [DM] epoch 3526/6000 reward=1.5445 profit=0.5445 on_time=1.0000 loss=-0.0000
INFO:  [DM] epoch 3527/6000 reward=1.4984 profit=0.4984 on_time=1.0000 loss=-0.0000
INFO:  [DM] epoch 3528/6000 reward=1.5082 profit=0.5082 on_time=1.0000 loss=-0.0000
INFO:  [DM] epoch 3529/6000 reward=1.4840 profit=0.4840 on_time=1.0000 loss=0.0000
INFO:  [DM] epoch 3530/6000 reward=1.5159 profit=0.5159 on_time=1.0000 loss=-0.0000
INFO:  [DM] epoch 3531/6000 reward=1.5184 profit=0.5184 on_time=1.0000 loss=-0.0000
INFO:  [DM] epoch 3532/6000 reward=1.5044 profit=0.5044 on_time=1.0000 loss=-0.0000
INFO:  [DM] epoch 3533/6000 reward=1.5555 profit=0.5555 on_time=1.0000 loss=0.0000
INFO:  [DM] epoch 3534/6000 reward=1.5267 profit=0.5267 on_time=1.0000 loss=-0.0000
INFO:  [DM] epoch 3535/6000 reward=1.5722 profit=0.5722 on_time=1.0000 loss=-0.0000
INFO:  [DM] epoch 3536/6000 reward=1.5716 profit=0.5716 on_time=1.0000 loss=-0.0000
INFO:  [DM] epoch 3537/6000 reward=1.5201 profit=0.5201 on_time=1.0000 loss=0.0000
INFO:  [DM] epoch 3538/6000 reward=1.4971 profit=0.4971 on_time=1.0000 loss=-0.0000
INFO:  [DM] epoch 3539/6000 reward=1.5486 profit=0.5486 on_time=1.0000 loss=-0.0000
INFO:  [DM] epoch 3540/6000 reward=1.5138 profit=0.5138 on_time=1.0000 loss=-0.0000
INFO:  [DM] epoch 3541/6000 reward=1.5097 profit=0.5097 on_time=1.0000 loss=0.0000
INFO:  [DM] epoch 3542/6000 reward=1.5116 profit=0.5116 on_time=1.0000 loss=-0.0000
INFO:  [DM] epoch 3543/6000 reward=1.4901 profit=0.4901 on_time=1.0000 loss=-0.0000
INFO:  [DM] epoch 3544/6000 reward=1.4990 profit=0.4990 on_time=1.0000 loss=-0.0000
INFO:  [DM] epoch 3545/6000 reward=1.5073 profit=0.5073 on_time=1.0000 loss=0.0000
INFO:  [DM] epoch 3546/6000 reward=1.5225 profit=0.5225 on_time=1.0000 loss=-0.0000
INFO:  [DM] epoch 3547/6000 reward=1.5514 profit=0.5514 on_time=1.0000 loss=-0.0000
INFO:  [DM] epoch 3548/6000 reward=1.4984 profit=0.4984 on_time=1.0000 loss=-0.0000
INFO:  [DM] epoch 3549/6000 reward=1.5669 profit=0.5669 on_time=1.0000 loss=0.0000
INFO:  [DM] epoch 3550/6000 reward=1.4889 profit=0.4889 on_time=1.0000 loss=0.0000
INFO:  [DM] epoch 3551/6000 reward=1.5243 profit=0.5243 on_time=1.0000 loss=-0.0000
INFO:  [DM] epoch 3552/6000 reward=1.5113 profit=0.5113 on_time=1.0000 loss=-0.0000
INFO:  [DM] epoch 3553/6000 reward=1.5120 profit=0.5120 on_time=1.0000 loss=-0.0000
INFO:  [DM] epoch 3554/6000 reward=1.5012 profit=0.5012 on_time=1.0000 loss=-0.0000
INFO:  [DM] epoch 3555/6000 reward=1.4922 profit=0.4922 on_time=1.0000 loss=-0.0000
INFO:  [DM] epoch 3556/6000 reward=1.5281 profit=0.5281 on_time=1.0000 loss=-0.0000
INFO:  [DM] epoch 3557/6000 reward=1.4904 profit=0.4904 on_time=1.0000 loss=0.0000
INFO:  [DM] epoch 3558/6000 reward=1.5378 profit=0.5378 on_time=1.0000 loss=0.0000
INFO:  [DM] epoch 3559/6000 reward=1.5179 profit=0.5179 on_time=1.0000 loss=-0.0000
INFO:  [DM] epoch 3560/6000 reward=1.5311 profit=0.5311 on_time=1.0000 loss=0.0000
INFO:  [DM] epoch 3561/6000 reward=1.5148 profit=0.5148 on_time=1.0000 loss=-0.0000
INFO:  [DM] epoch 3562/6000 reward=1.4995 profit=0.4995 on_time=1.0000 loss=-0.0000
INFO:  [DM] epoch 3563/6000 reward=1.4692 profit=0.4848 on_time=0.9844 loss=-0.0106
INFO:  [DM] epoch 3564/6000 reward=1.5641 profit=0.5641 on_time=1.0000 loss=-0.0000
INFO:  [DM] epoch 3565/6000 reward=1.4952 profit=0.4952 on_time=1.0000 loss=-0.0000
INFO:  [DM] epoch 3566/6000 reward=1.5223 profit=0.5223 on_time=1.0000 loss=-0.0000
INFO:  [DM] epoch 3567/6000 reward=1.5089 profit=0.5089 on_time=1.0000 loss=-0.0000
INFO:  [DM] epoch 3568/6000 reward=1.4862 profit=0.4862 on_time=1.0000 loss=-0.0000
INFO:  [DM] epoch 3569/6000 reward=1.5216 profit=0.5216 on_time=1.0000 loss=-0.0000
INFO:  [DM] epoch 3570/6000 reward=1.5386 profit=0.5386 on_time=1.0000 loss=-0.0000
INFO:  [DM] epoch 3571/6000 reward=1.5434 profit=0.5434 on_time=1.0000 loss=-0.0000
INFO:  [DM] epoch 3572/6000 reward=1.5649 profit=0.5649 on_time=1.0000 loss=0.0000
INFO:  [DM] epoch 3573/6000 reward=1.5144 profit=0.5144 on_time=1.0000 loss=-0.0000
INFO:  [DM] epoch 3574/6000 reward=1.5209 profit=0.5209 on_time=1.0000 loss=-0.0000
INFO:  [DM] epoch 3575/6000 reward=1.5986 profit=0.5986 on_time=1.0000 loss=-0.0000
INFO:  [DM] epoch 3576/6000 reward=1.5103 profit=0.5260 on_time=0.9844 loss=-0.0051
INFO:  [DM] epoch 3577/6000 reward=1.5382 profit=0.5382 on_time=1.0000 loss=-0.0000
INFO:  [DM] epoch 3578/6000 reward=1.5148 profit=0.5148 on_time=1.0000 loss=-0.0000
INFO:  [DM] epoch 3579/6000 reward=1.5098 profit=0.5098 on_time=1.0000 loss=-0.0000
INFO:  [DM] epoch 3580/6000 reward=1.5431 profit=0.5431 on_time=1.0000 loss=-0.0093
INFO:  [DM] epoch 3581/6000 reward=1.5533 profit=0.5533 on_time=1.0000 loss=0.0005
INFO:  [DM] epoch 3582/6000 reward=1.5139 profit=0.5295 on_time=0.9844 loss=-0.0374
INFO:  [DM] epoch 3583/6000 reward=1.4956 profit=0.5112 on_time=0.9844 loss=-0.0002
INFO:  [DM] epoch 3584/6000 reward=1.4716 profit=0.4716 on_time=1.0000 loss=0.0001
INFO:  [DM] epoch 3585/6000 reward=1.5241 profit=0.5553 on_time=0.9688 loss=-0.0055
INFO:  [DM] epoch 3586/6000 reward=1.5205 profit=0.5518 on_time=0.9688 loss=-0.0265
INFO:  [DM] epoch 3587/6000 reward=1.5241 profit=0.5241 on_time=1.0000 loss=-0.0000
INFO:  [DM] epoch 3588/6000 reward=1.4491 profit=0.5116 on_time=0.9375 loss=-0.0181
INFO:  [DM] epoch 3589/6000 reward=1.5367 profit=0.5679 on_time=0.9688 loss=-0.0053
INFO:  [DM] epoch 3590/6000 reward=1.4740 profit=0.4896 on_time=0.9844 loss=0.0014
INFO:  [DM] epoch 3591/6000 reward=1.4711 profit=0.4868 on_time=0.9844 loss=-0.0004
INFO:  [DM] epoch 3592/6000 reward=1.4855 profit=0.5167 on_time=0.9688 loss=-0.0080
INFO:  [DM] epoch 3593/6000 reward=1.5257 profit=0.5413 on_time=0.9844 loss=-0.0015
INFO:  [DM] epoch 3594/6000 reward=1.4443 profit=0.4912 on_time=0.9531 loss=-0.0013
INFO:  [DM] epoch 3595/6000 reward=1.4868 profit=0.5181 on_time=0.9688 loss=-0.0118
INFO:  [DM] epoch 3596/6000 reward=1.5190 profit=0.5347 on_time=0.9844 loss=-0.0004
INFO:  [DM] epoch 3597/6000 reward=1.5097 profit=0.5097 on_time=1.0000 loss=0.0000
INFO:  [DM] epoch 3598/6000 reward=1.5223 profit=0.5223 on_time=1.0000 loss=0.0000
INFO:  [DM] epoch 3599/6000 reward=1.5311 profit=0.5468 on_time=0.9844 loss=-0.0010
INFO:  [DM] epoch 3600/6000 reward=1.5205 profit=0.5361 on_time=0.9844 loss=-0.0040
INFO:  [DM] epoch 3601/6000 reward=1.4678 profit=0.4834 on_time=0.9844 loss=-0.0010
INFO:  [DM] epoch 3602/6000 reward=1.5053 profit=0.5053 on_time=1.0000 loss=-0.0000
INFO:  [DM] epoch 3603/6000 reward=1.4906 profit=0.5062 on_time=0.9844 loss=-0.0165
INFO:  [DM] epoch 3604/6000 reward=1.5006 profit=0.5006 on_time=1.0000 loss=-0.0000
INFO:  [DM] epoch 3605/6000 reward=1.5298 profit=0.5298 on_time=1.0000 loss=-0.0000
INFO:  [DM] epoch 3606/6000 reward=1.5156 profit=0.5156 on_time=1.0000 loss=0.0000
INFO:  [DM] epoch 3607/6000 reward=1.5203 profit=0.5203 on_time=1.0000 loss=-0.0000
INFO:  [DM] epoch 3608/6000 reward=1.5265 profit=0.5265 on_time=1.0000 loss=-0.0000
INFO:  [DM] epoch 3609/6000 reward=1.5044 profit=0.5044 on_time=1.0000 loss=-0.0000
INFO:  [DM] epoch 3610/6000 reward=1.4752 profit=0.4908 on_time=0.9844 loss=0.0001
INFO:  [DM] epoch 3611/6000 reward=1.5267 profit=0.5267 on_time=1.0000 loss=0.0000
INFO:  [DM] epoch 3612/6000 reward=1.5103 profit=0.5415 on_time=0.9688 loss=-0.0696
INFO:  [DM] epoch 3613/6000 reward=1.5458 profit=0.5458 on_time=1.0000 loss=0.0000
INFO:  [DM] epoch 3614/6000 reward=1.4937 profit=0.4937 on_time=1.0000 loss=-0.0000
INFO:  [DM] epoch 3615/6000 reward=1.4936 profit=0.4936 on_time=1.0000 loss=-0.0004
INFO:  [DM] epoch 3616/6000 reward=1.4973 profit=0.4973 on_time=1.0000 loss=-0.0000
INFO:  [DM] epoch 3617/6000 reward=1.5033 profit=0.5033 on_time=1.0000 loss=-0.0000
INFO:  [DM] epoch 3618/6000 reward=1.5015 profit=0.5015 on_time=1.0000 loss=-0.0001
INFO:  [DM] epoch 3619/6000 reward=1.4974 profit=0.4974 on_time=1.0000 loss=-0.0000
INFO:  [DM] epoch 3620/6000 reward=1.5303 profit=0.5303 on_time=1.0000 loss=0.0000
INFO:  [DM] epoch 3621/6000 reward=1.4897 profit=0.4897 on_time=1.0000 loss=-0.0000
INFO:  [DM] epoch 3622/6000 reward=1.4990 profit=0.4990 on_time=1.0000 loss=-0.0000
INFO:  [DM] epoch 3623/6000 reward=1.5033 profit=0.5033 on_time=1.0000 loss=0.0000
INFO:  [DM] epoch 3624/6000 reward=1.5334 profit=0.5334 on_time=1.0000 loss=0.0000
INFO:  [DM] epoch 3625/6000 reward=1.5295 profit=0.5295 on_time=1.0000 loss=-0.0000
INFO:  [DM] epoch 3626/6000 reward=1.5065 profit=0.5377 on_time=0.9688 loss=-0.0002
INFO:  [DM] epoch 3627/6000 reward=1.5104 profit=0.5261 on_time=0.9844 loss=-0.0002
INFO:  [DM] epoch 3628/6000 reward=1.4805 profit=0.4961 on_time=0.9844 loss=-0.0000
INFO:  [DM] epoch 3629/6000 reward=1.5117 profit=0.5273 on_time=0.9844 loss=-0.0001
INFO:  [DM] epoch 3630/6000 reward=1.4682 profit=0.4839 on_time=0.9844 loss=-0.0021
INFO:  [DM] epoch 3631/6000 reward=1.5033 profit=0.5033 on_time=1.0000 loss=0.0000
INFO:  [DM] epoch 3632/6000 reward=1.4741 profit=0.4897 on_time=0.9844 loss=-0.0001
INFO:  [DM] epoch 3633/6000 reward=1.5135 profit=0.5135 on_time=1.0000 loss=-0.0000
INFO:  [DM] epoch 3634/6000 reward=1.5134 profit=0.5134 on_time=1.0000 loss=0.0000
INFO:  [DM] epoch 3635/6000 reward=1.4858 profit=0.5014 on_time=0.9844 loss=-0.0004
INFO:  [DM] epoch 3636/6000 reward=1.5263 profit=0.5263 on_time=1.0000 loss=0.0000
INFO:  [DM] epoch 3637/6000 reward=1.5522 profit=0.5522 on_time=1.0000 loss=-0.0000
INFO:  [DM] epoch 3638/6000 reward=1.5197 profit=0.5353 on_time=0.9844 loss=-0.0000
INFO:  [DM] epoch 3639/6000 reward=1.4416 profit=0.4884 on_time=0.9531 loss=-0.0435
INFO:  [DM] epoch 3640/6000 reward=1.5055 profit=0.5055 on_time=1.0000 loss=-0.0000
INFO:  [DM] epoch 3641/6000 reward=1.4620 profit=0.4776 on_time=0.9844 loss=-0.0000
INFO:  [DM] epoch 3642/6000 reward=1.4970 profit=0.4970 on_time=1.0000 loss=-0.0000
INFO:  [DM] epoch 3643/6000 reward=1.5282 profit=0.5282 on_time=1.0000 loss=-0.0000
INFO:  [DM] epoch 3644/6000 reward=1.4818 profit=0.4818 on_time=1.0000 loss=0.0000
INFO:  [DM] epoch 3645/6000 reward=1.5312 profit=0.5312 on_time=1.0000 loss=-0.0000
INFO:  [DM] epoch 3646/6000 reward=1.5354 profit=0.5354 on_time=1.0000 loss=-0.0000
INFO:  [DM] epoch 3647/6000 reward=1.5325 profit=0.5325 on_time=1.0000 loss=-0.0000
INFO:  [DM] epoch 3648/6000 reward=1.5069 profit=0.5069 on_time=1.0000 loss=-0.0000
INFO:  [DM] epoch 3649/6000 reward=1.5359 profit=0.5359 on_time=1.0000 loss=-0.0000
INFO:  [DM] epoch 3650/6000 reward=1.5562 profit=0.5562 on_time=1.0000 loss=-0.0000
INFO:  [DM] epoch 3651/6000 reward=1.5288 profit=0.5288 on_time=1.0000 loss=0.0000
INFO:  [DM] epoch 3652/6000 reward=1.5703 profit=0.5703 on_time=1.0000 loss=-0.0000
INFO:  [DM] epoch 3653/6000 reward=1.5221 profit=0.5221 on_time=1.0000 loss=-0.0000
INFO:  [DM] epoch 3654/6000 reward=1.5216 profit=0.5216 on_time=1.0000 loss=-0.0000
INFO:  [DM] epoch 3655/6000 reward=1.5393 profit=0.5393 on_time=1.0000 loss=-0.0000
INFO:  [DM] epoch 3656/6000 reward=1.5215 profit=0.5215 on_time=1.0000 loss=-0.0000
INFO:  [DM] epoch 3657/6000 reward=1.5225 profit=0.5225 on_time=1.0000 loss=-0.0000
INFO:  [DM] epoch 3658/6000 reward=1.5554 profit=0.5554 on_time=1.0000 loss=-0.0000
INFO:  [DM] epoch 3659/6000 reward=1.5060 profit=0.5060 on_time=1.0000 loss=-0.0000
INFO:  [DM] epoch 3660/6000 reward=1.5347 profit=0.5347 on_time=1.0000 loss=-0.0000
INFO:  [DM] epoch 3661/6000 reward=1.5089 profit=0.5089 on_time=1.0000 loss=-0.0000
INFO:  [DM] epoch 3662/6000 reward=1.5167 profit=0.5167 on_time=1.0000 loss=-0.0000
INFO:  [DM] epoch 3663/6000 reward=1.5502 profit=0.5502 on_time=1.0000 loss=-0.0000
INFO:  [DM] epoch 3664/6000 reward=1.5307 profit=0.5307 on_time=1.0000 loss=-0.0000
INFO:  [DM] epoch 3665/6000 reward=1.5262 profit=0.5262 on_time=1.0000 loss=-0.0000
INFO:  [DM] epoch 3666/6000 reward=1.5118 profit=0.5118 on_time=1.0000 loss=-0.0000
INFO:  [DM] epoch 3667/6000 reward=1.5292 profit=0.5292 on_time=1.0000 loss=-0.0000
INFO:  [DM] epoch 3668/6000 reward=1.5534 profit=0.5534 on_time=1.0000 loss=0.0000
INFO:  [DM] epoch 3669/6000 reward=1.5199 profit=0.5199 on_time=1.0000 loss=-0.0000
INFO:  [DM] epoch 3670/6000 reward=1.5278 profit=0.5278 on_time=1.0000 loss=-0.0000
INFO:  [DM] epoch 3671/6000 reward=1.5260 profit=0.5260 on_time=1.0000 loss=-0.0000
INFO:  [DM] epoch 3672/6000 reward=1.4973 profit=0.4973 on_time=1.0000 loss=0.0000
INFO:  [DM] epoch 3673/6000 reward=1.5408 profit=0.5408 on_time=1.0000 loss=0.0000
INFO:  [DM] epoch 3674/6000 reward=1.5190 profit=0.5190 on_time=1.0000 loss=-0.0000
INFO:  [DM] epoch 3675/6000 reward=1.5512 profit=0.5512 on_time=1.0000 loss=-0.0000
INFO:  [DM] epoch 3676/6000 reward=1.5187 profit=0.5187 on_time=1.0000 loss=0.0000
INFO:  [DM] epoch 3677/6000 reward=1.5399 profit=0.5399 on_time=1.0000 loss=-0.0000
INFO:  [DM] epoch 3678/6000 reward=1.4985 profit=0.5141 on_time=0.9844 loss=-0.0110
INFO:  [DM] epoch 3679/6000 reward=1.5345 profit=0.5345 on_time=1.0000 loss=-0.0000
INFO:  [DM] epoch 3680/6000 reward=1.5051 profit=0.5051 on_time=1.0000 loss=-0.0000
INFO:  [DM] epoch 3681/6000 reward=1.5225 profit=0.5225 on_time=1.0000 loss=-0.0000
INFO:  [DM] epoch 3682/6000 reward=1.5337 profit=0.5337 on_time=1.0000 loss=-0.0000
INFO:  [DM] epoch 3683/6000 reward=1.4896 profit=0.4896 on_time=1.0000 loss=-0.0000
INFO:  [DM] epoch 3684/6000 reward=1.5339 profit=0.5339 on_time=1.0000 loss=-0.0000
INFO:  [DM] epoch 3685/6000 reward=1.5264 profit=0.5264 on_time=1.0000 loss=0.0000
INFO:  [DM] epoch 3686/6000 reward=1.5115 profit=0.5115 on_time=1.0000 loss=-0.0000
INFO:  [DM] epoch 3687/6000 reward=1.4857 profit=0.4857 on_time=1.0000 loss=-0.0000
INFO:  [DM] epoch 3688/6000 reward=1.5190 profit=0.5190 on_time=1.0000 loss=-0.0000
INFO:  [DM] epoch 3689/6000 reward=1.5474 profit=0.5474 on_time=1.0000 loss=-0.0000
INFO:  [DM] epoch 3690/6000 reward=1.5451 profit=0.5451 on_time=1.0000 loss=-0.0000
INFO:  [DM] epoch 3691/6000 reward=1.5026 profit=0.5026 on_time=1.0000 loss=-0.0000
INFO:  [DM] epoch 3692/6000 reward=1.5320 profit=0.5477 on_time=0.9844 loss=-0.0226
INFO:  [DM] epoch 3693/6000 reward=1.4942 profit=0.4942 on_time=1.0000 loss=-0.0000
INFO:  [DM] epoch 3694/6000 reward=1.5110 profit=0.5110 on_time=1.0000 loss=0.0000
INFO:  [DM] epoch 3695/6000 reward=1.4745 profit=0.4745 on_time=1.0000 loss=-0.0000
INFO:  [DM] epoch 3696/6000 reward=1.5210 profit=0.5210 on_time=1.0000 loss=-0.0000
INFO:  [DM] epoch 3697/6000 reward=1.4867 profit=0.4867 on_time=1.0000 loss=-0.0000
INFO:  [DM] epoch 3698/6000 reward=1.5106 profit=0.5106 on_time=1.0000 loss=-0.0000
INFO:  [DM] epoch 3699/6000 reward=1.4946 profit=0.4946 on_time=1.0000 loss=-0.0000
INFO:  [DM] epoch 3700/6000 reward=1.5014 profit=0.5014 on_time=1.0000 loss=-0.0000
INFO:  [DM] epoch 3701/6000 reward=1.4891 profit=0.4891 on_time=1.0000 loss=-0.0000
INFO:  [DM] epoch 3702/6000 reward=1.4631 profit=0.4631 on_time=1.0000 loss=-0.0000
INFO:  [DM] epoch 3703/6000 reward=1.5104 profit=0.5104 on_time=1.0000 loss=-0.0000
INFO:  [DM] epoch 3704/6000 reward=1.5241 profit=0.5241 on_time=1.0000 loss=-0.0000
INFO:  [DM] epoch 3705/6000 reward=1.5165 profit=0.5165 on_time=1.0000 loss=-0.0000
INFO:  [DM] epoch 3706/6000 reward=1.5130 profit=0.5130 on_time=1.0000 loss=-0.0000
INFO:  [DM] epoch 3707/6000 reward=1.4854 profit=0.4854 on_time=1.0000 loss=-0.0000
INFO:  [DM] epoch 3708/6000 reward=1.5006 profit=0.5006 on_time=1.0000 loss=-0.0000
INFO:  [DM] epoch 3709/6000 reward=1.5087 profit=0.5087 on_time=1.0000 loss=0.0000
INFO:  [DM] epoch 3710/6000 reward=1.5879 profit=0.5879 on_time=1.0000 loss=-0.0000
INFO:  [DM] epoch 3711/6000 reward=1.5576 profit=0.5576 on_time=1.0000 loss=-0.0000
INFO:  [DM] epoch 3712/6000 reward=1.4893 profit=0.4893 on_time=1.0000 loss=-0.0000
INFO:  [DM] epoch 3713/6000 reward=1.5157 profit=0.5157 on_time=1.0000 loss=-0.0000
INFO:  [DM] epoch 3714/6000 reward=1.5401 profit=0.5401 on_time=1.0000 loss=-0.0000
INFO:  [DM] epoch 3715/6000 reward=1.5297 profit=0.5297 on_time=1.0000 loss=-0.0000
INFO:  [DM] epoch 3716/6000 reward=1.5438 profit=0.5438 on_time=1.0000 loss=-0.0000
INFO:  [DM] epoch 3717/6000 reward=1.5362 profit=0.5362 on_time=1.0000 loss=0.0000
INFO:  [DM] epoch 3718/6000 reward=1.4824 profit=0.4824 on_time=1.0000 loss=-0.0000
INFO:  [DM] epoch 3719/6000 reward=1.5330 profit=0.5330 on_time=1.0000 loss=-0.0000
INFO:  [DM] epoch 3720/6000 reward=1.5069 profit=0.5069 on_time=1.0000 loss=0.0000
INFO:  [DM] epoch 3721/6000 reward=1.5018 profit=0.5018 on_time=1.0000 loss=-0.0000
INFO:  [DM] epoch 3722/6000 reward=1.5142 profit=0.5142 on_time=1.0000 loss=-0.0000
INFO:  [DM] epoch 3723/6000 reward=1.4978 profit=0.4978 on_time=1.0000 loss=-0.0000
INFO:  [DM] epoch 3724/6000 reward=1.5500 profit=0.5500 on_time=1.0000 loss=-0.0000
INFO:  [DM] epoch 3725/6000 reward=1.5320 profit=0.5320 on_time=1.0000 loss=0.0000
INFO:  [DM] epoch 3726/6000 reward=1.5107 profit=0.5263 on_time=0.9844 loss=-0.0011
INFO:  [DM] epoch 3727/6000 reward=1.5204 profit=0.5204 on_time=1.0000 loss=-0.0000
INFO:  [DM] epoch 3728/6000 reward=1.4832 profit=0.4832 on_time=1.0000 loss=-0.0000
INFO:  [DM] epoch 3729/6000 reward=1.5441 profit=0.5441 on_time=1.0000 loss=-0.0000
INFO:  [DM] epoch 3730/6000 reward=1.5096 profit=0.5096 on_time=1.0000 loss=-0.0000
INFO:  [DM] epoch 3731/6000 reward=1.5339 profit=0.5339 on_time=1.0000 loss=0.0000
INFO:  [DM] epoch 3732/6000 reward=1.5141 profit=0.5141 on_time=1.0000 loss=-0.0000
INFO:  [DM] epoch 3733/6000 reward=1.5091 profit=0.5091 on_time=1.0000 loss=-0.0000
INFO:  [DM] epoch 3734/6000 reward=1.5460 profit=0.5460 on_time=1.0000 loss=-0.0000
INFO:  [DM] epoch 3735/6000 reward=1.5222 profit=0.5222 on_time=1.0000 loss=-0.0000
INFO:  [DM] epoch 3736/6000 reward=1.5210 profit=0.5210 on_time=1.0000 loss=-0.0000
INFO:  [DM] epoch 3737/6000 reward=1.5342 profit=0.5342 on_time=1.0000 loss=-0.0000
INFO:  [DM] epoch 3738/6000 reward=1.5063 profit=0.5063 on_time=1.0000 loss=-0.0000
INFO:  [DM] epoch 3739/6000 reward=1.4891 profit=0.4891 on_time=1.0000 loss=-0.0000
INFO:  [DM] epoch 3740/6000 reward=1.5310 profit=0.5310 on_time=1.0000 loss=-0.0000
INFO:  [DM] epoch 3741/6000 reward=1.4984 profit=0.4984 on_time=1.0000 loss=-0.0000
INFO:  [DM] epoch 3742/6000 reward=1.5333 profit=0.5333 on_time=1.0000 loss=0.0000
INFO:  [DM] epoch 3743/6000 reward=1.5518 profit=0.5518 on_time=1.0000 loss=-0.0000
INFO:  [DM] epoch 3744/6000 reward=1.5073 profit=0.5073 on_time=1.0000 loss=-0.0000
INFO:  [DM] epoch 3745/6000 reward=1.5210 profit=0.5210 on_time=1.0000 loss=0.0000
INFO:  [DM] epoch 3746/6000 reward=1.5310 profit=0.5310 on_time=1.0000 loss=-0.0007
INFO:  [DM] epoch 3747/6000 reward=1.5780 profit=0.5780 on_time=1.0000 loss=-0.0000
INFO:  [DM] epoch 3748/6000 reward=1.4946 profit=0.4946 on_time=1.0000 loss=-0.0000
INFO:  [DM] epoch 3749/6000 reward=1.4976 profit=0.4976 on_time=1.0000 loss=-0.0000
INFO:  [DM] epoch 3750/6000 reward=1.4985 profit=0.4985 on_time=1.0000 loss=-0.0000
INFO:  [DM] epoch 3751/6000 reward=1.5782 profit=0.5782 on_time=1.0000 loss=-0.0000
INFO:  [DM] epoch 3752/6000 reward=1.5273 profit=0.5273 on_time=1.0000 loss=-0.0000
INFO:  [DM] epoch 3753/6000 reward=1.4803 profit=0.4803 on_time=1.0000 loss=-0.0000
INFO:  [DM] epoch 3754/6000 reward=1.5741 profit=0.5741 on_time=1.0000 loss=-0.0000
INFO:  [DM] epoch 3755/6000 reward=1.4670 profit=0.4826 on_time=0.9844 loss=-0.0869
INFO:  [DM] epoch 3756/6000 reward=1.5493 profit=0.5493 on_time=1.0000 loss=-0.0000
INFO:  [DM] epoch 3757/6000 reward=1.4949 profit=0.4949 on_time=1.0000 loss=-0.0000
INFO:  [DM] epoch 3758/6000 reward=1.5594 profit=0.5594 on_time=1.0000 loss=-0.0000
INFO:  [DM] epoch 3759/6000 reward=1.4525 profit=0.4681 on_time=0.9844 loss=-0.0071
INFO:  [DM] epoch 3760/6000 reward=1.5299 profit=0.5299 on_time=1.0000 loss=-0.0000
INFO:  [DM] epoch 3761/6000 reward=1.5166 profit=0.5166 on_time=1.0000 loss=-0.0000
INFO:  [DM] epoch 3762/6000 reward=1.5246 profit=0.5246 on_time=1.0000 loss=-0.0000
INFO:  [DM] epoch 3763/6000 reward=1.5099 profit=0.5099 on_time=1.0000 loss=0.0000
INFO:  [DM] epoch 3764/6000 reward=1.5014 profit=0.5014 on_time=1.0000 loss=-0.0000
INFO:  [DM] epoch 3765/6000 reward=1.5121 profit=0.5121 on_time=1.0000 loss=0.0003
INFO:  [DM] epoch 3766/6000 reward=1.4803 profit=0.4959 on_time=0.9844 loss=-0.0057
INFO:  [DM] epoch 3767/6000 reward=1.4882 profit=0.4882 on_time=1.0000 loss=-0.0000
INFO:  [DM] epoch 3768/6000 reward=1.4894 profit=0.4894 on_time=1.0000 loss=-0.0151
INFO:  [DM] epoch 3769/6000 reward=1.5250 profit=0.5250 on_time=1.0000 loss=-0.0000
INFO:  [DM] epoch 3770/6000 reward=1.5108 profit=0.5108 on_time=1.0000 loss=-0.0000
INFO:  [DM] epoch 3771/6000 reward=1.4869 profit=0.4869 on_time=1.0000 loss=-0.0001
INFO:  [DM] epoch 3772/6000 reward=1.5316 profit=0.5316 on_time=1.0000 loss=-0.0001
INFO:  [DM] epoch 3773/6000 reward=1.5081 profit=0.5081 on_time=1.0000 loss=0.0002
INFO:  [DM] epoch 3774/6000 reward=1.4730 profit=0.5043 on_time=0.9688 loss=-0.0143
INFO:  [DM] epoch 3775/6000 reward=1.4708 profit=0.5177 on_time=0.9531 loss=-0.0017
INFO:  [DM] epoch 3776/6000 reward=1.5176 profit=0.5801 on_time=0.9375 loss=-0.0000
INFO:  [DM] epoch 3777/6000 reward=1.4807 profit=0.5276 on_time=0.9531 loss=-0.0011
INFO:  [DM] epoch 3778/6000 reward=1.5107 profit=0.5263 on_time=0.9844 loss=-0.0000
INFO:  [DM] epoch 3779/6000 reward=1.4510 profit=0.4979 on_time=0.9531 loss=-0.0113
INFO:  [DM] epoch 3780/6000 reward=1.5249 profit=0.5249 on_time=1.0000 loss=-0.0000
INFO:  [DM] epoch 3781/6000 reward=1.5051 profit=0.5051 on_time=1.0000 loss=-0.0000
INFO:  [DM] epoch 3782/6000 reward=1.4751 profit=0.4908 on_time=0.9844 loss=-0.0017
INFO:  [DM] epoch 3783/6000 reward=1.4900 profit=0.4900 on_time=1.0000 loss=-0.0000
INFO:  [DM] epoch 3784/6000 reward=1.5353 profit=0.5353 on_time=1.0000 loss=-0.0003
INFO:  [DM] epoch 3785/6000 reward=1.5250 profit=0.5250 on_time=1.0000 loss=0.0000
INFO:  [DM] epoch 3786/6000 reward=1.5346 profit=0.5503 on_time=0.9844 loss=-0.0000
INFO:  [DM] epoch 3787/6000 reward=1.5018 profit=0.5018 on_time=1.0000 loss=0.0001
INFO:  [DM] epoch 3788/6000 reward=1.4963 profit=0.4963 on_time=1.0000 loss=0.0011
INFO:  [DM] epoch 3789/6000 reward=1.5157 profit=0.5157 on_time=1.0000 loss=0.0000
INFO:  [DM] epoch 3790/6000 reward=1.5068 profit=0.5224 on_time=0.9844 loss=-0.0027
INFO:  [DM] epoch 3791/6000 reward=1.5101 profit=0.5101 on_time=1.0000 loss=-0.0017
INFO:  [DM] epoch 3792/6000 reward=1.5090 profit=0.5090 on_time=1.0000 loss=-0.0000
INFO:  [DM] epoch 3793/6000 reward=1.4603 profit=0.5071 on_time=0.9531 loss=-0.0022
INFO:  [DM] epoch 3794/6000 reward=1.4751 profit=0.4751 on_time=1.0000 loss=0.0000
INFO:  [DM] epoch 3795/6000 reward=1.5784 profit=0.5784 on_time=1.0000 loss=0.0000
INFO:  [DM] epoch 3796/6000 reward=1.5045 profit=0.5201 on_time=0.9844 loss=-0.0000
INFO:  [DM] epoch 3797/6000 reward=1.4881 profit=0.5193 on_time=0.9688 loss=-0.0342
INFO:  [DM] epoch 3798/6000 reward=1.5458 profit=0.5458 on_time=1.0000 loss=0.0000
INFO:  [DM] epoch 3799/6000 reward=1.5237 profit=0.5237 on_time=1.0000 loss=0.0003
INFO:  [DM] epoch 3800/6000 reward=1.5019 profit=0.5331 on_time=0.9688 loss=-0.0079
INFO:  [DM] epoch 3801/6000 reward=1.4936 profit=0.4936 on_time=1.0000 loss=-0.0000
INFO:  [DM] epoch 3802/6000 reward=1.5355 profit=0.5355 on_time=1.0000 loss=-0.0000
INFO:  [DM] epoch 3803/6000 reward=1.5211 profit=0.5211 on_time=1.0000 loss=0.0000
INFO:  [DM] epoch 3804/6000 reward=1.5290 profit=0.5290 on_time=1.0000 loss=0.0000
INFO:  [DM] epoch 3805/6000 reward=1.5034 profit=0.5034 on_time=1.0000 loss=-0.0000
INFO:  [DM] epoch 3806/6000 reward=1.5032 profit=0.5032 on_time=1.0000 loss=-0.0000
INFO:  [DM] epoch 3807/6000 reward=1.5109 profit=0.5109 on_time=1.0000 loss=-0.0000
INFO:  [DM] epoch 3808/6000 reward=1.5261 profit=0.5261 on_time=1.0000 loss=-0.0000
INFO:  [DM] epoch 3809/6000 reward=1.4932 profit=0.4932 on_time=1.0000 loss=-0.0000
INFO:  [DM] epoch 3810/6000 reward=1.5284 profit=0.5284 on_time=1.0000 loss=-0.0000
INFO:  [DM] epoch 3811/6000 reward=1.4872 profit=0.5028 on_time=0.9844 loss=-0.0018
INFO:  [DM] epoch 3812/6000 reward=1.5173 profit=0.5173 on_time=1.0000 loss=0.0000
INFO:  [DM] epoch 3813/6000 reward=1.5410 profit=0.5566 on_time=0.9844 loss=-0.0458
INFO:  [DM] epoch 3814/6000 reward=1.5355 profit=0.5511 on_time=0.9844 loss=-0.0010
INFO:  [DM] epoch 3815/6000 reward=1.5530 profit=0.5530 on_time=1.0000 loss=-0.0000
INFO:  [DM] epoch 3816/6000 reward=1.5433 profit=0.5433 on_time=1.0000 loss=-0.0000
INFO:  [DM] epoch 3817/6000 reward=1.5267 profit=0.5267 on_time=1.0000 loss=0.0000
INFO:  [DM] epoch 3818/6000 reward=1.5313 profit=0.5313 on_time=1.0000 loss=-0.0000
INFO:  [DM] epoch 3819/6000 reward=1.5287 profit=0.5287 on_time=1.0000 loss=-0.0008
INFO:  [DM] epoch 3820/6000 reward=1.5320 profit=0.5320 on_time=1.0000 loss=-0.0000
INFO:  [DM] epoch 3821/6000 reward=1.5367 profit=0.5367 on_time=1.0000 loss=-0.0000
INFO:  [DM] epoch 3822/6000 reward=1.5405 profit=0.5561 on_time=0.9844 loss=-0.0004
INFO:  [DM] epoch 3823/6000 reward=1.5387 profit=0.5699 on_time=0.9688 loss=-0.0000
INFO:  [DM] epoch 3824/6000 reward=1.5281 profit=0.5281 on_time=1.0000 loss=-0.0000
INFO:  [DM] epoch 3825/6000 reward=1.4791 profit=0.5104 on_time=0.9688 loss=-0.0003
INFO:  [DM] epoch 3826/6000 reward=1.5061 profit=0.5061 on_time=1.0000 loss=-0.0006
INFO:  [DM] epoch 3827/6000 reward=1.5167 profit=0.5324 on_time=0.9844 loss=-0.0021
INFO:  [DM] epoch 3828/6000 reward=1.4976 profit=0.5132 on_time=0.9844 loss=-0.0043
INFO:  [DM] epoch 3829/6000 reward=1.5345 profit=0.5345 on_time=1.0000 loss=0.0000
INFO:  [DM] epoch 3830/6000 reward=1.5111 profit=0.5111 on_time=1.0000 loss=0.0000
INFO:  [DM] epoch 3831/6000 reward=1.5139 profit=0.5139 on_time=1.0000 loss=0.0000
INFO:  [DM] epoch 3832/6000 reward=1.4598 profit=0.4598 on_time=1.0000 loss=0.0000
INFO:  [DM] epoch 3833/6000 reward=1.5208 profit=0.5364 on_time=0.9844 loss=-0.0000
INFO:  [DM] epoch 3834/6000 reward=1.5144 profit=0.5144 on_time=1.0000 loss=-0.0002
INFO:  [DM] epoch 3835/6000 reward=1.4556 profit=0.4869 on_time=0.9688 loss=-0.0186
INFO:  [DM] epoch 3836/6000 reward=1.4793 profit=0.4949 on_time=0.9844 loss=-0.0001
INFO:  [DM] epoch 3837/6000 reward=1.5237 profit=0.5237 on_time=1.0000 loss=0.0000
INFO:  [DM] epoch 3838/6000 reward=1.4963 profit=0.5275 on_time=0.9688 loss=-0.0126
INFO:  [DM] epoch 3839/6000 reward=1.5490 profit=0.5490 on_time=1.0000 loss=0.0000
INFO:  [DM] epoch 3840/6000 reward=1.4972 profit=0.4972 on_time=1.0000 loss=-0.0000
INFO:  [DM] epoch 3841/6000 reward=1.5091 profit=0.5091 on_time=1.0000 loss=-0.0000
INFO:  [DM] epoch 3842/6000 reward=1.5007 profit=0.5007 on_time=1.0000 loss=-0.0000
INFO:  [DM] epoch 3843/6000 reward=1.4844 profit=0.5000 on_time=0.9844 loss=-0.0001
INFO:  [DM] epoch 3844/6000 reward=1.5439 profit=0.5439 on_time=1.0000 loss=0.0001
INFO:  [DM] epoch 3845/6000 reward=1.5212 profit=0.5212 on_time=1.0000 loss=-0.0000
INFO:  [DM] epoch 3846/6000 reward=1.4619 profit=0.4931 on_time=0.9688 loss=-0.0005
INFO:  [DM] epoch 3847/6000 reward=1.5285 profit=0.5441 on_time=0.9844 loss=-0.0001
INFO:  [DM] epoch 3848/6000 reward=1.4822 profit=0.4822 on_time=1.0000 loss=-0.0000
INFO:  [DM] epoch 3849/6000 reward=1.5418 profit=0.5418 on_time=1.0000 loss=0.0000
INFO:  [DM] epoch 3850/6000 reward=1.5252 profit=0.5252 on_time=1.0000 loss=-0.0000
INFO:  [DM] epoch 3851/6000 reward=1.5198 profit=0.5354 on_time=0.9844 loss=-0.0000
INFO:  [DM] epoch 3852/6000 reward=1.4732 profit=0.4889 on_time=0.9844 loss=-0.0009
INFO:  [DM] epoch 3853/6000 reward=1.4764 profit=0.4920 on_time=0.9844 loss=-0.0000
INFO:  [DM] epoch 3854/6000 reward=1.5010 profit=0.5479 on_time=0.9531 loss=-0.0100
INFO:  [DM] epoch 3855/6000 reward=1.5204 profit=0.5204 on_time=1.0000 loss=-0.0000
INFO:  [DM] epoch 3856/6000 reward=1.4813 profit=0.4813 on_time=1.0000 loss=-0.0000
INFO:  [DM] epoch 3857/6000 reward=1.5588 profit=0.5744 on_time=0.9844 loss=-0.0000
INFO:  [DM] epoch 3858/6000 reward=1.4584 profit=0.4897 on_time=0.9688 loss=-0.0001
INFO:  [DM] epoch 3859/6000 reward=1.4903 profit=0.5371 on_time=0.9531 loss=-0.0001
INFO:  [DM] epoch 3860/6000 reward=1.5558 profit=0.5714 on_time=0.9844 loss=-0.0000
INFO:  [DM] epoch 3861/6000 reward=1.4968 profit=0.5124 on_time=0.9844 loss=-0.0000
INFO:  [DM] epoch 3862/6000 reward=1.5390 profit=0.5703 on_time=0.9688 loss=-0.0000
INFO:  [DM] epoch 3863/6000 reward=1.5467 profit=0.5623 on_time=0.9844 loss=-0.0002
INFO:  [DM] epoch 3864/6000 reward=1.5550 profit=0.5707 on_time=0.9844 loss=-0.0016
INFO:  [DM] epoch 3865/6000 reward=1.4901 profit=0.5057 on_time=0.9844 loss=-0.0001
INFO:  [DM] epoch 3866/6000 reward=1.5602 profit=0.5602 on_time=1.0000 loss=-0.0003
INFO:  [DM] epoch 3867/6000 reward=1.5550 profit=0.5550 on_time=1.0000 loss=-0.0000
INFO:  [DM] epoch 3868/6000 reward=1.5231 profit=0.5231 on_time=1.0000 loss=-0.0000
INFO:  [DM] epoch 3869/6000 reward=1.5354 profit=0.5511 on_time=0.9844 loss=-0.0000
INFO:  [DM] epoch 3870/6000 reward=1.4899 profit=0.5055 on_time=0.9844 loss=-0.0006
INFO:  [DM] epoch 3871/6000 reward=1.5452 profit=0.5452 on_time=1.0000 loss=-0.0000
INFO:  [DM] epoch 3872/6000 reward=1.4995 profit=0.5151 on_time=0.9844 loss=0.0000
INFO:  [DM] epoch 3873/6000 reward=1.4429 profit=0.5210 on_time=0.9219 loss=-0.0029
INFO:  [DM] epoch 3874/6000 reward=1.4733 profit=0.4889 on_time=0.9844 loss=0.0001
INFO:  [DM] epoch 3875/6000 reward=1.4916 profit=0.5228 on_time=0.9688 loss=-0.0013
INFO:  [DM] epoch 3876/6000 reward=1.4382 profit=0.4850 on_time=0.9531 loss=-0.0010
INFO:  [DM] epoch 3877/6000 reward=1.5133 profit=0.5290 on_time=0.9844 loss=-0.0041
INFO:  [DM] epoch 3878/6000 reward=1.5044 profit=0.5044 on_time=1.0000 loss=-0.0000
INFO:  [DM] epoch 3879/6000 reward=1.5278 profit=0.5278 on_time=1.0000 loss=-0.0000
INFO:  [DM] epoch 3880/6000 reward=1.5156 profit=0.5156 on_time=1.0000 loss=-0.0000
INFO:  [DM] epoch 3881/6000 reward=1.5122 profit=0.5122 on_time=1.0000 loss=0.0000
INFO:  [DM] epoch 3882/6000 reward=1.5281 profit=0.5281 on_time=1.0000 loss=-0.0000
INFO:  [DM] epoch 3883/6000 reward=1.4999 profit=0.5155 on_time=0.9844 loss=-0.0046
INFO:  [DM] epoch 3884/6000 reward=1.5247 profit=0.5247 on_time=1.0000 loss=-0.0000
INFO:  [DM] epoch 3885/6000 reward=1.4965 profit=0.4965 on_time=1.0000 loss=-0.0000
INFO:  [DM] epoch 3886/6000 reward=1.5021 profit=0.5021 on_time=1.0000 loss=-0.0000
INFO:  [DM] epoch 3887/6000 reward=1.5328 profit=0.5328 on_time=1.0000 loss=-0.0000
INFO:  [DM] epoch 3888/6000 reward=1.5344 profit=0.5344 on_time=1.0000 loss=-0.0000
INFO:  [DM] epoch 3889/6000 reward=1.5104 profit=0.5104 on_time=1.0000 loss=-0.0000
INFO:  [DM] epoch 3890/6000 reward=1.4822 profit=0.4822 on_time=1.0000 loss=-0.0000
INFO:  [DM] epoch 3891/6000 reward=1.5062 profit=0.5062 on_time=1.0000 loss=-0.0000
INFO:  [DM] epoch 3892/6000 reward=1.5836 profit=0.5836 on_time=1.0000 loss=-0.0000
INFO:  [DM] epoch 3893/6000 reward=1.5427 profit=0.5427 on_time=1.0000 loss=0.0000
INFO:  [DM] epoch 3894/6000 reward=1.5354 profit=0.5354 on_time=1.0000 loss=-0.0000
INFO:  [DM] epoch 3895/6000 reward=1.5426 profit=0.5426 on_time=1.0000 loss=-0.0000
INFO:  [DM] epoch 3896/6000 reward=1.4775 profit=0.4775 on_time=1.0000 loss=-0.0000
INFO:  [DM] epoch 3897/6000 reward=1.4681 profit=0.4681 on_time=1.0000 loss=-0.0000
INFO:  [DM] epoch 3898/6000 reward=1.5120 profit=0.5120 on_time=1.0000 loss=-0.0000
INFO:  [DM] epoch 3899/6000 reward=1.5338 profit=0.5338 on_time=1.0000 loss=-0.0000
INFO:  [DM] epoch 3900/6000 reward=1.5593 profit=0.5593 on_time=1.0000 loss=-0.0000
INFO:  [DM] epoch 3901/6000 reward=1.5323 profit=0.5323 on_time=1.0000 loss=-0.0000
INFO:  [DM] epoch 3902/6000 reward=1.5299 profit=0.5299 on_time=1.0000 loss=-0.0000
INFO:  [DM] epoch 3903/6000 reward=1.5012 profit=0.5012 on_time=1.0000 loss=-0.0000
INFO:  [DM] epoch 3904/6000 reward=1.5125 profit=0.5125 on_time=1.0000 loss=-0.0000
INFO:  [DM] epoch 3905/6000 reward=1.4581 profit=0.4581 on_time=1.0000 loss=-0.0000
INFO:  [DM] epoch 3906/6000 reward=1.4857 profit=0.4857 on_time=1.0000 loss=-0.0000
INFO:  [DM] epoch 3907/6000 reward=1.5249 profit=0.5249 on_time=1.0000 loss=-0.0000
INFO:  [DM] epoch 3908/6000 reward=1.5285 profit=0.5285 on_time=1.0000 loss=-0.0000
INFO:  [DM] epoch 3909/6000 reward=1.5159 profit=0.5159 on_time=1.0000 loss=-0.0000
INFO:  [DM] epoch 3910/6000 reward=1.5367 profit=0.5367 on_time=1.0000 loss=-0.0000
INFO:  [DM] epoch 3911/6000 reward=1.5648 profit=0.5648 on_time=1.0000 loss=-0.0000
INFO:  [DM] epoch 3912/6000 reward=1.4862 profit=0.4862 on_time=1.0000 loss=-0.0000
INFO:  [DM] epoch 3913/6000 reward=1.4989 profit=0.4989 on_time=1.0000 loss=-0.0000
INFO:  [DM] epoch 3914/6000 reward=1.5719 profit=0.5719 on_time=1.0000 loss=-0.0000
INFO:  [DM] epoch 3915/6000 reward=1.5127 profit=0.5127 on_time=1.0000 loss=-0.0000
INFO:  [DM] epoch 3916/6000 reward=1.5336 profit=0.5336 on_time=1.0000 loss=-0.0000
INFO:  [DM] epoch 3917/6000 reward=1.5073 profit=0.5073 on_time=1.0000 loss=-0.0000
INFO:  [DM] epoch 3918/6000 reward=1.5102 profit=0.5102 on_time=1.0000 loss=-0.0000
INFO:  [DM] epoch 3919/6000 reward=1.5145 profit=0.5145 on_time=1.0000 loss=-0.0000
INFO:  [DM] epoch 3920/6000 reward=1.5174 profit=0.5174 on_time=1.0000 loss=-0.0000
INFO:  [DM] epoch 3921/6000 reward=1.5481 profit=0.5481 on_time=1.0000 loss=-0.0000
INFO:  [DM] epoch 3922/6000 reward=1.5396 profit=0.5396 on_time=1.0000 loss=-0.0000
INFO:  [DM] epoch 3923/6000 reward=1.5108 profit=0.5108 on_time=1.0000 loss=-0.0000
INFO:  [DM] epoch 3924/6000 reward=1.4948 profit=0.4948 on_time=1.0000 loss=-0.0000
INFO:  [DM] epoch 3925/6000 reward=1.5162 profit=0.5162 on_time=1.0000 loss=-0.0000
INFO:  [DM] epoch 3926/6000 reward=1.5302 profit=0.5302 on_time=1.0000 loss=-0.0000
INFO:  [DM] epoch 3927/6000 reward=1.4921 profit=0.4921 on_time=1.0000 loss=-0.0000
INFO:  [DM] epoch 3928/6000 reward=1.5289 profit=0.5289 on_time=1.0000 loss=-0.0000
INFO:  [DM] epoch 3929/6000 reward=1.5326 profit=0.5326 on_time=1.0000 loss=-0.0000
INFO:  [DM] epoch 3930/6000 reward=1.5465 profit=0.5465 on_time=1.0000 loss=-0.0000
INFO:  [DM] epoch 3931/6000 reward=1.5004 profit=0.5004 on_time=1.0000 loss=-0.0000
INFO:  [DM] epoch 3932/6000 reward=1.5349 profit=0.5349 on_time=1.0000 loss=-0.0000
INFO:  [DM] epoch 3933/6000 reward=1.4912 profit=0.4912 on_time=1.0000 loss=-0.0000
INFO:  [DM] epoch 3934/6000 reward=1.5181 profit=0.5181 on_time=1.0000 loss=-0.0000
INFO:  [DM] epoch 3935/6000 reward=1.4826 profit=0.4826 on_time=1.0000 loss=-0.0000
INFO:  [DM] epoch 3936/6000 reward=1.5102 profit=0.5102 on_time=1.0000 loss=-0.0000
INFO:  [DM] epoch 3937/6000 reward=1.5082 profit=0.5082 on_time=1.0000 loss=-0.0000
INFO:  [DM] epoch 3938/6000 reward=1.4993 profit=0.4993 on_time=1.0000 loss=-0.0000
INFO:  [DM] epoch 3939/6000 reward=1.4882 profit=0.4882 on_time=1.0000 loss=-0.0000
INFO:  [DM] epoch 3940/6000 reward=1.5045 profit=0.5045 on_time=1.0000 loss=-0.0000
INFO:  [DM] epoch 3941/6000 reward=1.5396 profit=0.5396 on_time=1.0000 loss=0.0000
INFO:  [DM] epoch 3942/6000 reward=1.5372 profit=0.5372 on_time=1.0000 loss=-0.0000
INFO:  [DM] epoch 3943/6000 reward=1.5453 profit=0.5453 on_time=1.0000 loss=-0.0000
INFO:  [DM] epoch 3944/6000 reward=1.5083 profit=0.5083 on_time=1.0000 loss=-0.0000
INFO:  [DM] epoch 3945/6000 reward=1.5355 profit=0.5355 on_time=1.0000 loss=-0.0000
INFO:  [DM] epoch 3946/6000 reward=1.5354 profit=0.5354 on_time=1.0000 loss=-0.0000
INFO:  [DM] epoch 3947/6000 reward=1.5326 profit=0.5326 on_time=1.0000 loss=-0.0000
INFO:  [DM] epoch 3948/6000 reward=1.4950 profit=0.4950 on_time=1.0000 loss=-0.0000
INFO:  [DM] epoch 3949/6000 reward=1.5386 profit=0.5386 on_time=1.0000 loss=-0.0000
INFO:  [DM] epoch 3950/6000 reward=1.5152 profit=0.5152 on_time=1.0000 loss=-0.0000
INFO:  [DM] epoch 3951/6000 reward=1.5188 profit=0.5188 on_time=1.0000 loss=-0.0000
INFO:  [DM] epoch 3952/6000 reward=1.5511 profit=0.5511 on_time=1.0000 loss=-0.0000
INFO:  [DM] epoch 3953/6000 reward=1.5467 profit=0.5467 on_time=1.0000 loss=-0.0000
INFO:  [DM] epoch 3954/6000 reward=1.5222 profit=0.5222 on_time=1.0000 loss=-0.0000
INFO:  [DM] epoch 3955/6000 reward=1.4880 profit=0.4880 on_time=1.0000 loss=-0.0000
INFO:  [DM] epoch 3956/6000 reward=1.4879 profit=0.4879 on_time=1.0000 loss=-0.0000
INFO:  [DM] epoch 3957/6000 reward=1.5144 profit=0.5144 on_time=1.0000 loss=-0.0000
INFO:  [DM] epoch 3958/6000 reward=1.5079 profit=0.5079 on_time=1.0000 loss=-0.0000
INFO:  [DM] epoch 3959/6000 reward=1.5400 profit=0.5400 on_time=1.0000 loss=-0.0000
INFO:  [DM] epoch 3960/6000 reward=1.5271 profit=0.5271 on_time=1.0000 loss=-0.0000
INFO:  [DM] epoch 3961/6000 reward=1.5186 profit=0.5186 on_time=1.0000 loss=-0.0000
INFO:  [DM] epoch 3962/6000 reward=1.4753 profit=0.4753 on_time=1.0000 loss=-0.0000
INFO:  [DM] epoch 3963/6000 reward=1.5216 profit=0.5216 on_time=1.0000 loss=0.0000
INFO:  [DM] epoch 3964/6000 reward=1.5365 profit=0.5365 on_time=1.0000 loss=-0.0000
INFO:  [DM] epoch 3965/6000 reward=1.5299 profit=0.5299 on_time=1.0000 loss=-0.0000
INFO:  [DM] epoch 3966/6000 reward=1.5320 profit=0.5320 on_time=1.0000 loss=-0.0000
INFO:  [DM] epoch 3967/6000 reward=1.5254 profit=0.5254 on_time=1.0000 loss=0.0000
INFO:  [DM] epoch 3968/6000 reward=1.5016 profit=0.5016 on_time=1.0000 loss=-0.0000
INFO:  [DM] epoch 3969/6000 reward=1.5157 profit=0.5157 on_time=1.0000 loss=-0.0000
INFO:  [DM] epoch 3970/6000 reward=1.5213 profit=0.5213 on_time=1.0000 loss=-0.0000
INFO:  [DM] epoch 3971/6000 reward=1.4807 profit=0.4807 on_time=1.0000 loss=-0.0000
INFO:  [DM] epoch 3972/6000 reward=1.5036 profit=0.5036 on_time=1.0000 loss=-0.0000
INFO:  [DM] epoch 3973/6000 reward=1.5060 profit=0.5060 on_time=1.0000 loss=-0.0000
INFO:  [DM] epoch 3974/6000 reward=1.5326 profit=0.5326 on_time=1.0000 loss=-0.0000
INFO:  [DM] epoch 3975/6000 reward=1.5443 profit=0.5443 on_time=1.0000 loss=-0.0000
INFO:  [DM] epoch 3976/6000 reward=1.5316 profit=0.5316 on_time=1.0000 loss=-0.0000
INFO:  [DM] epoch 3977/6000 reward=1.4829 profit=0.4829 on_time=1.0000 loss=-0.0000
INFO:  [DM] epoch 3978/6000 reward=1.5454 profit=0.5454 on_time=1.0000 loss=-0.0000
INFO:  [DM] epoch 3979/6000 reward=1.5548 profit=0.5548 on_time=1.0000 loss=-0.0000
INFO:  [DM] epoch 3980/6000 reward=1.5306 profit=0.5306 on_time=1.0000 loss=-0.0000
INFO:  [DM] epoch 3981/6000 reward=1.5380 profit=0.5380 on_time=1.0000 loss=-0.0000
INFO:  [DM] epoch 3982/6000 reward=1.5284 profit=0.5284 on_time=1.0000 loss=0.0000
INFO:  [DM] epoch 3983/6000 reward=1.4979 profit=0.4979 on_time=1.0000 loss=-0.0000
INFO:  [DM] epoch 3984/6000 reward=1.4929 profit=0.4929 on_time=1.0000 loss=-0.0000
INFO:  [DM] epoch 3985/6000 reward=1.5153 profit=0.5153 on_time=1.0000 loss=-0.0000
INFO:  [DM] epoch 3986/6000 reward=1.4802 profit=0.4802 on_time=1.0000 loss=-0.0000
INFO:  [DM] epoch 3987/6000 reward=1.5088 profit=0.5088 on_time=1.0000 loss=-0.0000
INFO:  [DM] epoch 3988/6000 reward=1.5195 profit=0.5195 on_time=1.0000 loss=-0.0000
INFO:  [DM] epoch 3989/6000 reward=1.5099 profit=0.5099 on_time=1.0000 loss=-0.0000
INFO:  [DM] epoch 3990/6000 reward=1.5149 profit=0.5149 on_time=1.0000 loss=-0.0000
INFO:  [DM] epoch 3991/6000 reward=1.5632 profit=0.5632 on_time=1.0000 loss=-0.0000
INFO:  [DM] epoch 3992/6000 reward=1.5283 profit=0.5283 on_time=1.0000 loss=0.0000
INFO:  [DM] epoch 3993/6000 reward=1.4979 profit=0.4979 on_time=1.0000 loss=-0.0000
INFO:  [DM] epoch 3994/6000 reward=1.5186 profit=0.5186 on_time=1.0000 loss=-0.0000
INFO:  [DM] epoch 3995/6000 reward=1.5351 profit=0.5351 on_time=1.0000 loss=-0.0000
INFO:  [DM] epoch 3996/6000 reward=1.5177 profit=0.5177 on_time=1.0000 loss=-0.0000
INFO:  [DM] epoch 3997/6000 reward=1.5320 profit=0.5320 on_time=1.0000 loss=-0.0000
INFO:  [DM] epoch 3998/6000 reward=1.5235 profit=0.5235 on_time=1.0000 loss=-0.0000
INFO:  [DM] epoch 3999/6000 reward=1.4716 profit=0.4716 on_time=1.0000 loss=-0.0000
INFO:  [DM] epoch 4000/6000 reward=1.5488 profit=0.5488 on_time=1.0000 loss=0.0000
INFO:  [DM] epoch 4001/6000 reward=1.4877 profit=0.4877 on_time=1.0000 loss=-0.0000
INFO:  [DM] epoch 4002/6000 reward=1.5371 profit=0.5371 on_time=1.0000 loss=-0.0000
INFO:  [DM] epoch 4003/6000 reward=1.4600 profit=0.4600 on_time=1.0000 loss=-0.0000
INFO:  [DM] epoch 4004/6000 reward=1.5076 profit=0.5076 on_time=1.0000 loss=0.0000
INFO:  [DM] epoch 4005/6000 reward=1.5269 profit=0.5269 on_time=1.0000 loss=-0.0000
INFO:  [DM] epoch 4006/6000 reward=1.5443 profit=0.5443 on_time=1.0000 loss=-0.0000
INFO:  [DM] epoch 4007/6000 reward=1.5616 profit=0.5616 on_time=1.0000 loss=-0.0000
INFO:  [DM] epoch 4008/6000 reward=1.5058 profit=0.5058 on_time=1.0000 loss=-0.0000
INFO:  [DM] epoch 4009/6000 reward=1.5187 profit=0.5187 on_time=1.0000 loss=-0.0000
INFO:  [DM] epoch 4010/6000 reward=1.5352 profit=0.5352 on_time=1.0000 loss=0.0000
INFO:  [DM] epoch 4011/6000 reward=1.5648 profit=0.5648 on_time=1.0000 loss=-0.0000
INFO:  [DM] epoch 4012/6000 reward=1.5382 profit=0.5382 on_time=1.0000 loss=-0.0003
INFO:  [DM] epoch 4013/6000 reward=1.5090 profit=0.5090 on_time=1.0000 loss=0.0000
INFO:  [DM] epoch 4014/6000 reward=1.4660 profit=0.4660 on_time=1.0000 loss=-0.0000
INFO:  [DM] epoch 4015/6000 reward=1.4967 profit=0.4967 on_time=1.0000 loss=0.0000
INFO:  [DM] epoch 4016/6000 reward=1.5231 profit=0.5231 on_time=1.0000 loss=0.0000
INFO:  [DM] epoch 4017/6000 reward=1.5498 profit=0.5498 on_time=1.0000 loss=-0.0000
INFO:  [DM] epoch 4018/6000 reward=1.5255 profit=0.5255 on_time=1.0000 loss=-0.0000
INFO:  [DM] epoch 4019/6000 reward=1.5017 profit=0.5017 on_time=1.0000 loss=-0.0000
INFO:  [DM] epoch 4020/6000 reward=1.5297 profit=0.5297 on_time=1.0000 loss=-0.0000
INFO:  [DM] epoch 4021/6000 reward=1.4938 profit=0.4938 on_time=1.0000 loss=-0.0001
INFO:  [DM] epoch 4022/6000 reward=1.5347 profit=0.5347 on_time=1.0000 loss=0.0000
INFO:  [DM] epoch 4023/6000 reward=1.4985 profit=0.4985 on_time=1.0000 loss=-0.0000
INFO:  [DM] epoch 4024/6000 reward=1.5134 profit=0.5134 on_time=1.0000 loss=0.0000
INFO:  [DM] epoch 4025/6000 reward=1.5273 profit=0.5273 on_time=1.0000 loss=-0.0000
INFO:  [DM] epoch 4026/6000 reward=1.4897 profit=0.5053 on_time=0.9844 loss=-0.0018
INFO:  [DM] epoch 4027/6000 reward=1.5412 profit=0.5412 on_time=1.0000 loss=0.0000
INFO:  [DM] epoch 4028/6000 reward=1.5313 profit=0.5313 on_time=1.0000 loss=-0.0000
INFO:  [DM] epoch 4029/6000 reward=1.4850 profit=0.4850 on_time=1.0000 loss=-0.0000
INFO:  [DM] epoch 4030/6000 reward=1.4850 profit=0.4850 on_time=1.0000 loss=0.0000
INFO:  [DM] epoch 4031/6000 reward=1.4932 profit=0.4932 on_time=1.0000 loss=-0.0000
INFO:  [DM] epoch 4032/6000 reward=1.5470 profit=0.5470 on_time=1.0000 loss=-0.0000
INFO:  [DM] epoch 4033/6000 reward=1.5033 profit=0.5033 on_time=1.0000 loss=-0.0000
INFO:  [DM] epoch 4034/6000 reward=1.5059 profit=0.5059 on_time=1.0000 loss=0.0000
INFO:  [DM] epoch 4035/6000 reward=1.5313 profit=0.5313 on_time=1.0000 loss=-0.0000
INFO:  [DM] epoch 4036/6000 reward=1.4759 profit=0.4759 on_time=1.0000 loss=-0.0000
INFO:  [DM] epoch 4037/6000 reward=1.5353 profit=0.5353 on_time=1.0000 loss=-0.0000
INFO:  [DM] epoch 4038/6000 reward=1.5426 profit=0.5426 on_time=1.0000 loss=0.0000
INFO:  [DM] epoch 4039/6000 reward=1.5362 profit=0.5362 on_time=1.0000 loss=-0.0000
INFO:  [DM] epoch 4040/6000 reward=1.5209 profit=0.5209 on_time=1.0000 loss=-0.0000
INFO:  [DM] epoch 4041/6000 reward=1.5098 profit=0.5098 on_time=1.0000 loss=0.0000
INFO:  [DM] epoch 4042/6000 reward=1.4856 profit=0.4856 on_time=1.0000 loss=0.0000
INFO:  [DM] epoch 4043/6000 reward=1.5273 profit=0.5273 on_time=1.0000 loss=0.0000
INFO:  [DM] epoch 4044/6000 reward=1.5489 profit=0.5489 on_time=1.0000 loss=-0.0000
INFO:  [DM] epoch 4045/6000 reward=1.4817 profit=0.4817 on_time=1.0000 loss=0.0000
INFO:  [DM] epoch 4046/6000 reward=1.5107 profit=0.5107 on_time=1.0000 loss=-0.0000
INFO:  [DM] epoch 4047/6000 reward=1.5431 profit=0.5431 on_time=1.0000 loss=-0.0000
INFO:  [DM] epoch 4048/6000 reward=1.5214 profit=0.5214 on_time=1.0000 loss=0.0000
INFO:  [DM] epoch 4049/6000 reward=1.5299 profit=0.5299 on_time=1.0000 loss=-0.0000
INFO:  [DM] epoch 4050/6000 reward=1.5119 profit=0.5119 on_time=1.0000 loss=0.0000
INFO:  [DM] epoch 4051/6000 reward=1.4887 profit=0.4887 on_time=1.0000 loss=0.0020
INFO:  [DM] epoch 4052/6000 reward=1.5357 profit=0.5357 on_time=1.0000 loss=0.0000
INFO:  [DM] epoch 4053/6000 reward=1.5104 profit=0.5104 on_time=1.0000 loss=-0.0000
INFO:  [DM] epoch 4054/6000 reward=1.5311 profit=0.5311 on_time=1.0000 loss=-0.0000
INFO:  [DM] epoch 4055/6000 reward=1.5178 profit=0.5178 on_time=1.0000 loss=-0.0000
INFO:  [DM] epoch 4056/6000 reward=1.5061 profit=0.5061 on_time=1.0000 loss=-0.0000
INFO:  [DM] epoch 4057/6000 reward=1.5161 profit=0.5161 on_time=1.0000 loss=-0.0000
INFO:  [DM] epoch 4058/6000 reward=1.5107 profit=0.5107 on_time=1.0000 loss=-0.0000
INFO:  [DM] epoch 4059/6000 reward=1.5448 profit=0.5448 on_time=1.0000 loss=-0.0000
INFO:  [DM] epoch 4060/6000 reward=1.5539 profit=0.5539 on_time=1.0000 loss=-0.0000
INFO:  [DM] epoch 4061/6000 reward=1.5089 profit=0.5089 on_time=1.0000 loss=-0.0000
INFO:  [DM] epoch 4062/6000 reward=1.5336 profit=0.5336 on_time=1.0000 loss=-0.0000
INFO:  [DM] epoch 4063/6000 reward=1.5232 profit=0.5388 on_time=0.9844 loss=-0.0166
INFO:  [DM] epoch 4064/6000 reward=1.5470 profit=0.5470 on_time=1.0000 loss=-0.0000
INFO:  [DM] epoch 4065/6000 reward=1.4440 profit=0.4440 on_time=1.0000 loss=-0.0000
INFO:  [DM] epoch 4066/6000 reward=1.5205 profit=0.5205 on_time=1.0000 loss=-0.0000
INFO:  [DM] epoch 4067/6000 reward=1.4966 profit=0.4966 on_time=1.0000 loss=-0.0007
INFO:  [DM] epoch 4068/6000 reward=1.5024 profit=0.5024 on_time=1.0000 loss=-0.0000
INFO:  [DM] epoch 4069/6000 reward=1.4948 profit=0.4948 on_time=1.0000 loss=-0.0000
INFO:  [DM] epoch 4070/6000 reward=1.5208 profit=0.5364 on_time=0.9844 loss=-0.0000
INFO:  [DM] epoch 4071/6000 reward=1.4914 profit=0.5070 on_time=0.9844 loss=-0.0085
INFO:  [DM] epoch 4072/6000 reward=1.4839 profit=0.4996 on_time=0.9844 loss=-0.0533
INFO:  [DM] epoch 4073/6000 reward=1.5217 profit=0.5217 on_time=1.0000 loss=-0.0000
INFO:  [DM] epoch 4074/6000 reward=1.5037 profit=0.5037 on_time=1.0000 loss=-0.0000
INFO:  [DM] epoch 4075/6000 reward=1.5096 profit=0.5096 on_time=1.0000 loss=0.0000
INFO:  [DM] epoch 4076/6000 reward=1.5067 profit=0.5067 on_time=1.0000 loss=0.0000
INFO:  [DM] epoch 4077/6000 reward=1.4961 profit=0.4961 on_time=1.0000 loss=0.0000
INFO:  [DM] epoch 4078/6000 reward=1.4864 profit=0.4864 on_time=1.0000 loss=-0.0003
INFO:  [DM] epoch 4079/6000 reward=1.4843 profit=0.4843 on_time=1.0000 loss=0.0000
INFO:  [DM] epoch 4080/6000 reward=1.4599 profit=0.4911 on_time=0.9688 loss=-0.0112
INFO:  [DM] epoch 4081/6000 reward=1.4989 profit=0.4989 on_time=1.0000 loss=0.0000
INFO:  [DM] epoch 4082/6000 reward=1.4589 profit=0.5214 on_time=0.9375 loss=-0.1141
INFO:  [DM] epoch 4083/6000 reward=1.5178 profit=0.5334 on_time=0.9844 loss=-0.0103
INFO:  [DM] epoch 4084/6000 reward=1.4603 profit=0.4603 on_time=1.0000 loss=-0.0000
INFO:  [DM] epoch 4085/6000 reward=1.5071 profit=0.5227 on_time=0.9844 loss=-0.0005
INFO:  [DM] epoch 4086/6000 reward=1.5263 profit=0.5263 on_time=1.0000 loss=0.0000
INFO:  [DM] epoch 4087/6000 reward=1.5296 profit=0.5296 on_time=1.0000 loss=-0.0000
INFO:  [DM] epoch 4088/6000 reward=1.4932 profit=0.4932 on_time=1.0000 loss=-0.0000
INFO:  [DM] epoch 4089/6000 reward=1.5489 profit=0.5489 on_time=1.0000 loss=-0.0015
INFO:  [DM] epoch 4090/6000 reward=1.5291 profit=0.5291 on_time=1.0000 loss=0.0000
INFO:  [DM] epoch 4091/6000 reward=1.5579 profit=0.5579 on_time=1.0000 loss=-0.0000
INFO:  [DM] epoch 4092/6000 reward=1.5145 profit=0.5301 on_time=0.9844 loss=-0.0013
INFO:  [DM] epoch 4093/6000 reward=1.4751 profit=0.5220 on_time=0.9531 loss=0.0014
INFO:  [DM] epoch 4094/6000 reward=1.5480 profit=0.5636 on_time=0.9844 loss=-0.0082
INFO:  [DM] epoch 4095/6000 reward=1.5171 profit=0.5171 on_time=1.0000 loss=-0.0000
INFO:  [DM] epoch 4096/6000 reward=1.5028 profit=0.5341 on_time=0.9688 loss=-0.0347
INFO:  [DM] epoch 4097/6000 reward=1.5272 profit=0.5272 on_time=1.0000 loss=-0.0000
INFO:  [DM] epoch 4098/6000 reward=1.5006 profit=0.5163 on_time=0.9844 loss=-0.0074
INFO:  [DM] epoch 4099/6000 reward=1.4936 profit=0.5093 on_time=0.9844 loss=-0.0591
INFO:  [DM] epoch 4100/6000 reward=1.4993 profit=0.4993 on_time=1.0000 loss=0.0000
INFO:  [DM] epoch 4101/6000 reward=1.5086 profit=0.5242 on_time=0.9844 loss=-0.0003
INFO:  [DM] epoch 4102/6000 reward=1.5210 profit=0.5210 on_time=1.0000 loss=0.0001
INFO:  [DM] epoch 4103/6000 reward=1.5031 profit=0.5031 on_time=1.0000 loss=-0.0000
INFO:  [DM] epoch 4104/6000 reward=1.5358 profit=0.5358 on_time=1.0000 loss=-0.0000
INFO:  [DM] epoch 4105/6000 reward=1.5177 profit=0.5177 on_time=1.0000 loss=-0.0000
INFO:  [DM] epoch 4106/6000 reward=1.5198 profit=0.5198 on_time=1.0000 loss=-0.0000
INFO:  [DM] epoch 4107/6000 reward=1.4869 profit=0.4869 on_time=1.0000 loss=0.0000
INFO:  [DM] epoch 4108/6000 reward=1.4518 profit=0.4674 on_time=0.9844 loss=-0.0006
INFO:  [DM] epoch 4109/6000 reward=1.4933 profit=0.5090 on_time=0.9844 loss=-0.0000
INFO:  [DM] epoch 4110/6000 reward=1.5122 profit=0.5278 on_time=0.9844 loss=-0.0010
INFO:  [DM] epoch 4111/6000 reward=1.4705 profit=0.5017 on_time=0.9688 loss=-0.0066
INFO:  [DM] epoch 4112/6000 reward=1.5244 profit=0.5244 on_time=1.0000 loss=-0.0000
INFO:  [DM] epoch 4113/6000 reward=1.5208 profit=0.5208 on_time=1.0000 loss=0.0004
INFO:  [DM] epoch 4114/6000 reward=1.5189 profit=0.5345 on_time=0.9844 loss=-0.0020
INFO:  [DM] epoch 4115/6000 reward=1.5100 profit=0.5100 on_time=1.0000 loss=-0.0000
INFO:  [DM] epoch 4116/6000 reward=1.5279 profit=0.5592 on_time=0.9688 loss=-0.0132
INFO:  [DM] epoch 4117/6000 reward=1.4979 profit=0.4979 on_time=1.0000 loss=-0.0000
INFO:  [DM] epoch 4118/6000 reward=1.5403 profit=0.5403 on_time=1.0000 loss=-0.0000
INFO:  [DM] epoch 4119/6000 reward=1.5029 profit=0.5029 on_time=1.0000 loss=-0.0000
INFO:  [DM] epoch 4120/6000 reward=1.5089 profit=0.5089 on_time=1.0000 loss=-0.0000
INFO:  [DM] epoch 4121/6000 reward=1.5024 profit=0.5024 on_time=1.0000 loss=0.0000
INFO:  [DM] epoch 4122/6000 reward=1.5295 profit=0.5295 on_time=1.0000 loss=-0.0000
INFO:  [DM] epoch 4123/6000 reward=1.4870 profit=0.4870 on_time=1.0000 loss=-0.0000
INFO:  [DM] epoch 4124/6000 reward=1.5200 profit=0.5200 on_time=1.0000 loss=0.0000
INFO:  [DM] epoch 4125/6000 reward=1.4940 profit=0.4940 on_time=1.0000 loss=-0.0000
INFO:  [DM] epoch 4126/6000 reward=1.5020 profit=0.5020 on_time=1.0000 loss=-0.0003
INFO:  [DM] epoch 4127/6000 reward=1.5159 profit=0.5159 on_time=1.0000 loss=-0.0000
INFO:  [DM] epoch 4128/6000 reward=1.4908 profit=0.4908 on_time=1.0000 loss=-0.0000
INFO:  [DM] epoch 4129/6000 reward=1.5343 profit=0.5343 on_time=1.0000 loss=-0.0000
INFO:  [DM] epoch 4130/6000 reward=1.5218 profit=0.5218 on_time=1.0000 loss=-0.0000
INFO:  [DM] epoch 4131/6000 reward=1.5221 profit=0.5378 on_time=0.9844 loss=-0.0000
INFO:  [DM] epoch 4132/6000 reward=1.5238 profit=0.5238 on_time=1.0000 loss=-0.0001
INFO:  [DM] epoch 4133/6000 reward=1.5512 profit=0.5512 on_time=1.0000 loss=-0.0000
INFO:  [DM] epoch 4134/6000 reward=1.4673 profit=0.4830 on_time=0.9844 loss=-0.0004
INFO:  [DM] epoch 4135/6000 reward=1.5046 profit=0.5203 on_time=0.9844 loss=-0.0046
INFO:  [DM] epoch 4136/6000 reward=1.5407 profit=0.5407 on_time=1.0000 loss=-0.0000
INFO:  [DM] epoch 4137/6000 reward=1.4753 profit=0.4753 on_time=1.0000 loss=-0.0000
INFO:  [DM] epoch 4138/6000 reward=1.5317 profit=0.5473 on_time=0.9844 loss=-0.0001
INFO:  [DM] epoch 4139/6000 reward=1.4807 profit=0.4807 on_time=1.0000 loss=-0.0000
INFO:  [DM] epoch 4140/6000 reward=1.4986 profit=0.4986 on_time=1.0000 loss=-0.0000
INFO:  [DM] epoch 4141/6000 reward=1.5467 profit=0.5623 on_time=0.9844 loss=-0.0008
INFO:  [DM] epoch 4142/6000 reward=1.5187 profit=0.5187 on_time=1.0000 loss=0.0000
INFO:  [DM] epoch 4143/6000 reward=1.4792 profit=0.4792 on_time=1.0000 loss=-0.0000
INFO:  [DM] epoch 4144/6000 reward=1.5138 profit=0.5138 on_time=1.0000 loss=-0.0000
INFO:  [DM] epoch 4145/6000 reward=1.5202 profit=0.5358 on_time=0.9844 loss=-0.0189
INFO:  [DM] epoch 4146/6000 reward=1.5289 profit=0.5289 on_time=1.0000 loss=-0.0000
INFO:  [DM] epoch 4147/6000 reward=1.5353 profit=0.5353 on_time=1.0000 loss=-0.0001
INFO:  [DM] epoch 4148/6000 reward=1.5726 profit=0.5726 on_time=1.0000 loss=-0.0000
INFO:  [DM] epoch 4149/6000 reward=1.5073 profit=0.5073 on_time=1.0000 loss=-0.0000
INFO:  [DM] epoch 4150/6000 reward=1.4694 profit=0.4694 on_time=1.0000 loss=-0.0000
INFO:  [DM] epoch 4151/6000 reward=1.4557 profit=0.4557 on_time=1.0000 loss=-0.0000
INFO:  [DM] epoch 4152/6000 reward=1.5376 profit=0.5376 on_time=1.0000 loss=-0.0000
INFO:  [DM] epoch 4153/6000 reward=1.5182 profit=0.5182 on_time=1.0000 loss=-0.0000
INFO:  [DM] epoch 4154/6000 reward=1.5037 profit=0.5037 on_time=1.0000 loss=-0.0000
INFO:  [DM] epoch 4155/6000 reward=1.4819 profit=0.4819 on_time=1.0000 loss=-0.0000
INFO:  [DM] epoch 4156/6000 reward=1.5001 profit=0.5001 on_time=1.0000 loss=-0.0000
INFO:  [DM] epoch 4157/6000 reward=1.5223 profit=0.5223 on_time=1.0000 loss=-0.0000
INFO:  [DM] epoch 4158/6000 reward=1.5077 profit=0.5077 on_time=1.0000 loss=-0.0000
INFO:  [DM] epoch 4159/6000 reward=1.5267 profit=0.5267 on_time=1.0000 loss=-0.0000
INFO:  [DM] epoch 4160/6000 reward=1.5214 profit=0.5214 on_time=1.0000 loss=-0.0000
INFO:  [DM] epoch 4161/6000 reward=1.4888 profit=0.4888 on_time=1.0000 loss=-0.0000
INFO:  [DM] epoch 4162/6000 reward=1.4954 profit=0.4954 on_time=1.0000 loss=-0.0000
INFO:  [DM] epoch 4163/6000 reward=1.5192 profit=0.5192 on_time=1.0000 loss=-0.0000
INFO:  [DM] epoch 4164/6000 reward=1.5005 profit=0.5005 on_time=1.0000 loss=-0.0000
INFO:  [DM] epoch 4165/6000 reward=1.5135 profit=0.5135 on_time=1.0000 loss=-0.0000
INFO:  [DM] epoch 4166/6000 reward=1.5305 profit=0.5305 on_time=1.0000 loss=-0.0000
INFO:  [DM] epoch 4167/6000 reward=1.5492 profit=0.5492 on_time=1.0000 loss=-0.0000
INFO:  [DM] epoch 4168/6000 reward=1.5355 profit=0.5355 on_time=1.0000 loss=-0.0000
INFO:  [DM] epoch 4169/6000 reward=1.4967 profit=0.4967 on_time=1.0000 loss=-0.0000
INFO:  [DM] epoch 4170/6000 reward=1.5674 profit=0.5830 on_time=0.9844 loss=-0.0174
INFO:  [DM] epoch 4171/6000 reward=1.5487 profit=0.5487 on_time=1.0000 loss=-0.0000
INFO:  [DM] epoch 4172/6000 reward=1.4948 profit=0.4948 on_time=1.0000 loss=-0.0000
INFO:  [DM] epoch 4173/6000 reward=1.4954 profit=0.5266 on_time=0.9688 loss=-0.0058
INFO:  [DM] epoch 4174/6000 reward=1.5478 profit=0.5478 on_time=1.0000 loss=-0.0000
INFO:  [DM] epoch 4175/6000 reward=1.4992 profit=0.4992 on_time=1.0000 loss=-0.0000
INFO:  [DM] epoch 4176/6000 reward=1.5199 profit=0.5199 on_time=1.0000 loss=-0.0000
INFO:  [DM] epoch 4177/6000 reward=1.5289 profit=0.5289 on_time=1.0000 loss=-0.0000
INFO:  [DM] epoch 4178/6000 reward=1.4787 profit=0.4787 on_time=1.0000 loss=-0.0000
INFO:  [DM] epoch 4179/6000 reward=1.4991 profit=0.4991 on_time=1.0000 loss=-0.0000
INFO:  [DM] epoch 4180/6000 reward=1.5370 profit=0.5370 on_time=1.0000 loss=-0.0000
INFO:  [DM] epoch 4181/6000 reward=1.5219 profit=0.5219 on_time=1.0000 loss=-0.0000
INFO:  [DM] epoch 4182/6000 reward=1.5065 profit=0.5065 on_time=1.0000 loss=-0.0000
INFO:  [DM] epoch 4183/6000 reward=1.5237 profit=0.5237 on_time=1.0000 loss=-0.0000
INFO:  [DM] epoch 4184/6000 reward=1.5544 profit=0.5544 on_time=1.0000 loss=-0.0000
INFO:  [DM] epoch 4185/6000 reward=1.4886 profit=0.4886 on_time=1.0000 loss=-0.0000
INFO:  [DM] epoch 4186/6000 reward=1.5070 profit=0.5070 on_time=1.0000 loss=-0.0001
INFO:  [DM] epoch 4187/6000 reward=1.4904 profit=0.4904 on_time=1.0000 loss=-0.0000
INFO:  [DM] epoch 4188/6000 reward=1.5037 profit=0.5037 on_time=1.0000 loss=-0.0000
INFO:  [DM] epoch 4189/6000 reward=1.5273 profit=0.5273 on_time=1.0000 loss=-0.0000
INFO:  [DM] epoch 4190/6000 reward=1.4887 profit=0.4887 on_time=1.0000 loss=-0.0000
INFO:  [DM] epoch 4191/6000 reward=1.5115 profit=0.5115 on_time=1.0000 loss=-0.0000
INFO:  [DM] epoch 4192/6000 reward=1.4754 profit=0.4754 on_time=1.0000 loss=-0.0000
INFO:  [DM] epoch 4193/6000 reward=1.4909 profit=0.4909 on_time=1.0000 loss=-0.0000
INFO:  [DM] epoch 4194/6000 reward=1.5274 profit=0.5274 on_time=1.0000 loss=-0.0000
INFO:  [DM] epoch 4195/6000 reward=1.5007 profit=0.5007 on_time=1.0000 loss=-0.0000
INFO:  [DM] epoch 4196/6000 reward=1.5303 profit=0.5303 on_time=1.0000 loss=-0.0000
INFO:  [DM] epoch 4197/6000 reward=1.5668 profit=0.5668 on_time=1.0000 loss=-0.0000
INFO:  [DM] epoch 4198/6000 reward=1.5149 profit=0.5149 on_time=1.0000 loss=-0.0000
INFO:  [DM] epoch 4199/6000 reward=1.5057 profit=0.5057 on_time=1.0000 loss=-0.0000
INFO:  [DM] epoch 4200/6000 reward=1.5421 profit=0.5421 on_time=1.0000 loss=-0.0000
INFO:  [DM] epoch 4201/6000 reward=1.4746 profit=0.4746 on_time=1.0000 loss=-0.0001
INFO:  [DM] epoch 4202/6000 reward=1.4895 profit=0.4895 on_time=1.0000 loss=-0.0000
INFO:  [DM] epoch 4203/6000 reward=1.4850 profit=0.4850 on_time=1.0000 loss=-0.0000
INFO:  [DM] epoch 4204/6000 reward=1.5459 profit=0.5459 on_time=1.0000 loss=-0.0000
INFO:  [DM] epoch 4205/6000 reward=1.5247 profit=0.5247 on_time=1.0000 loss=-0.0000
INFO:  [DM] epoch 4206/6000 reward=1.5129 profit=0.5129 on_time=1.0000 loss=-0.0000
INFO:  [DM] epoch 4207/6000 reward=1.5085 profit=0.5085 on_time=1.0000 loss=-0.0000
INFO:  [DM] epoch 4208/6000 reward=1.5352 profit=0.5352 on_time=1.0000 loss=0.0000
INFO:  [DM] epoch 4209/6000 reward=1.5090 profit=0.5090 on_time=1.0000 loss=0.0000
INFO:  [DM] epoch 4210/6000 reward=1.4802 profit=0.4958 on_time=0.9844 loss=-0.0000
INFO:  [DM] epoch 4211/6000 reward=1.5007 profit=0.5007 on_time=1.0000 loss=-0.0000
INFO:  [DM] epoch 4212/6000 reward=1.4813 profit=0.4813 on_time=1.0000 loss=-0.0000
INFO:  [DM] epoch 4213/6000 reward=1.5357 profit=0.5357 on_time=1.0000 loss=-0.0000
INFO:  [DM] epoch 4214/6000 reward=1.5105 profit=0.5105 on_time=1.0000 loss=-0.0000
INFO:  [DM] epoch 4215/6000 reward=1.4816 profit=0.4816 on_time=1.0000 loss=0.0000
INFO:  [DM] epoch 4216/6000 reward=1.5185 profit=0.5185 on_time=1.0000 loss=-0.0000
INFO:  [DM] epoch 4217/6000 reward=1.5428 profit=0.5428 on_time=1.0000 loss=0.0000
INFO:  [DM] epoch 4218/6000 reward=1.4923 profit=0.4923 on_time=1.0000 loss=-0.0001
INFO:  [DM] epoch 4219/6000 reward=1.5044 profit=0.5044 on_time=1.0000 loss=-0.0000
INFO:  [DM] epoch 4220/6000 reward=1.5158 profit=0.5158 on_time=1.0000 loss=-0.0000
INFO:  [DM] epoch 4221/6000 reward=1.5119 profit=0.5119 on_time=1.0000 loss=-0.0000
INFO:  [DM] epoch 4222/6000 reward=1.4970 profit=0.4970 on_time=1.0000 loss=-0.0000
INFO:  [DM] epoch 4223/6000 reward=1.5269 profit=0.5269 on_time=1.0000 loss=0.0000
INFO:  [DM] epoch 4224/6000 reward=1.5163 profit=0.5163 on_time=1.0000 loss=-0.0000
INFO:  [DM] epoch 4225/6000 reward=1.4931 profit=0.4931 on_time=1.0000 loss=0.0000
INFO:  [DM] epoch 4226/6000 reward=1.5499 profit=0.5499 on_time=1.0000 loss=-0.0000
INFO:  [DM] epoch 4227/6000 reward=1.5022 profit=0.5022 on_time=1.0000 loss=-0.0000
INFO:  [DM] epoch 4228/6000 reward=1.5329 profit=0.5329 on_time=1.0000 loss=-0.0000
INFO:  [DM] epoch 4229/6000 reward=1.5016 profit=0.5016 on_time=1.0000 loss=0.0000
INFO:  [DM] epoch 4230/6000 reward=1.5051 profit=0.5051 on_time=1.0000 loss=-0.0000
INFO:  [DM] epoch 4231/6000 reward=1.5244 profit=0.5244 on_time=1.0000 loss=-0.0000
INFO:  [DM] epoch 4232/6000 reward=1.5573 profit=0.5573 on_time=1.0000 loss=-0.0000
INFO:  [DM] epoch 4233/6000 reward=1.4881 profit=0.4881 on_time=1.0000 loss=-0.0000
INFO:  [DM] epoch 4234/6000 reward=1.5250 profit=0.5250 on_time=1.0000 loss=-0.0001
INFO:  [DM] epoch 4235/6000 reward=1.5171 profit=0.5327 on_time=0.9844 loss=-0.0208
INFO:  [DM] epoch 4236/6000 reward=1.5223 profit=0.5223 on_time=1.0000 loss=-0.0000
INFO:  [DM] epoch 4237/6000 reward=1.5471 profit=0.5471 on_time=1.0000 loss=-0.0000
INFO:  [DM] epoch 4238/6000 reward=1.4790 profit=0.4790 on_time=1.0000 loss=0.0000
INFO:  [DM] epoch 4239/6000 reward=1.5292 profit=0.5292 on_time=1.0000 loss=-0.0000
INFO:  [DM] epoch 4240/6000 reward=1.5081 profit=0.5081 on_time=1.0000 loss=-0.0000
INFO:  [DM] epoch 4241/6000 reward=1.5065 profit=0.5065 on_time=1.0000 loss=-0.0000
INFO:  [DM] epoch 4242/6000 reward=1.4927 profit=0.4927 on_time=1.0000 loss=-0.0000
INFO:  [DM] epoch 4243/6000 reward=1.5215 profit=0.5215 on_time=1.0000 loss=-0.0000
INFO:  [DM] epoch 4244/6000 reward=1.5068 profit=0.5068 on_time=1.0000 loss=-0.0000
INFO:  [DM] epoch 4245/6000 reward=1.5289 profit=0.5289 on_time=1.0000 loss=-0.0000
INFO:  [DM] epoch 4246/6000 reward=1.5226 profit=0.5226 on_time=1.0000 loss=-0.0000
INFO:  [DM] epoch 4247/6000 reward=1.5186 profit=0.5186 on_time=1.0000 loss=-0.0000
INFO:  [DM] epoch 4248/6000 reward=1.5247 profit=0.5247 on_time=1.0000 loss=-0.0000
INFO:  [DM] epoch 4249/6000 reward=1.5004 profit=0.5160 on_time=0.9844 loss=-0.0111
INFO:  [DM] epoch 4250/6000 reward=1.5091 profit=0.5091 on_time=1.0000 loss=-0.0000
INFO:  [DM] epoch 4251/6000 reward=1.5183 profit=0.5183 on_time=1.0000 loss=-0.0000
INFO:  [DM] epoch 4252/6000 reward=1.5023 profit=0.5023 on_time=1.0000 loss=-0.0000
INFO:  [DM] epoch 4253/6000 reward=1.5179 profit=0.5179 on_time=1.0000 loss=0.0000
INFO:  [DM] epoch 4254/6000 reward=1.5494 profit=0.5494 on_time=1.0000 loss=-0.0000
INFO:  [DM] epoch 4255/6000 reward=1.5612 profit=0.5612 on_time=1.0000 loss=-0.0000
INFO:  [DM] epoch 4256/6000 reward=1.5333 profit=0.5333 on_time=1.0000 loss=-0.0000
INFO:  [DM] epoch 4257/6000 reward=1.5293 profit=0.5293 on_time=1.0000 loss=-0.0000
INFO:  [DM] epoch 4258/6000 reward=1.4593 profit=0.4593 on_time=1.0000 loss=-0.0000
INFO:  [DM] epoch 4259/6000 reward=1.5093 profit=0.5093 on_time=1.0000 loss=-0.0000
INFO:  [DM] epoch 4260/6000 reward=1.5201 profit=0.5201 on_time=1.0000 loss=-0.0000
INFO:  [DM] epoch 4261/6000 reward=1.5197 profit=0.5197 on_time=1.0000 loss=-0.0000
INFO:  [DM] epoch 4262/6000 reward=1.5260 profit=0.5260 on_time=1.0000 loss=-0.0000
INFO:  [DM] epoch 4263/6000 reward=1.4808 profit=0.4808 on_time=1.0000 loss=-0.0000
INFO:  [DM] epoch 4264/6000 reward=1.4862 profit=0.4862 on_time=1.0000 loss=-0.0001
INFO:  [DM] epoch 4265/6000 reward=1.5249 profit=0.5249 on_time=1.0000 loss=-0.0000
INFO:  [DM] epoch 4266/6000 reward=1.5350 profit=0.5350 on_time=1.0000 loss=-0.0003
INFO:  [DM] epoch 4267/6000 reward=1.5137 profit=0.5137 on_time=1.0000 loss=-0.0017
INFO:  [DM] epoch 4268/6000 reward=1.4590 profit=0.5371 on_time=0.9219 loss=-0.0216
INFO:  [DM] epoch 4269/6000 reward=1.5315 profit=0.5315 on_time=1.0000 loss=-0.0000
INFO:  [DM] epoch 4270/6000 reward=1.4420 profit=0.4889 on_time=0.9531 loss=-0.0000
INFO:  [DM] epoch 4271/6000 reward=1.4774 profit=0.4930 on_time=0.9844 loss=-0.0000
INFO:  [DM] epoch 4272/6000 reward=1.5317 profit=0.5473 on_time=0.9844 loss=0.0001
INFO:  [DM] epoch 4273/6000 reward=1.4607 profit=0.5232 on_time=0.9375 loss=-0.0319
INFO:  [DM] epoch 4274/6000 reward=1.4764 profit=0.5233 on_time=0.9531 loss=-0.0053
INFO:  [DM] epoch 4275/6000 reward=1.5186 profit=0.5342 on_time=0.9844 loss=-0.0000
INFO:  [DM] epoch 4276/6000 reward=1.5269 profit=0.5269 on_time=1.0000 loss=-0.0000
INFO:  [DM] epoch 4277/6000 reward=1.4929 profit=0.4929 on_time=1.0000 loss=-0.0000
INFO:  [DM] epoch 4278/6000 reward=1.5440 profit=0.5440 on_time=1.0000 loss=-0.0000
INFO:  [DM] epoch 4279/6000 reward=1.4759 profit=0.4915 on_time=0.9844 loss=-0.0024
INFO:  [DM] epoch 4280/6000 reward=1.5163 profit=0.5163 on_time=1.0000 loss=0.0000
INFO:  [DM] epoch 4281/6000 reward=1.4743 profit=0.4743 on_time=1.0000 loss=-0.0000
INFO:  [DM] epoch 4282/6000 reward=1.5001 profit=0.5001 on_time=1.0000 loss=0.0000
INFO:  [DM] epoch 4283/6000 reward=1.4984 profit=0.5297 on_time=0.9688 loss=-0.0000
INFO:  [DM] epoch 4284/6000 reward=1.5298 profit=0.5298 on_time=1.0000 loss=-0.0000
INFO:  [DM] epoch 4285/6000 reward=1.4795 profit=0.4951 on_time=0.9844 loss=-0.0001
INFO:  [DM] epoch 4286/6000 reward=1.4923 profit=0.5080 on_time=0.9844 loss=-0.0000
INFO:  [DM] epoch 4287/6000 reward=1.5253 profit=0.5253 on_time=1.0000 loss=-0.0000
INFO:  [DM] epoch 4288/6000 reward=1.5345 profit=0.5345 on_time=1.0000 loss=0.0000
INFO:  [DM] epoch 4289/6000 reward=1.5031 profit=0.5031 on_time=1.0000 loss=0.0000
INFO:  [DM] epoch 4290/6000 reward=1.5057 profit=0.5057 on_time=1.0000 loss=0.0003
INFO:  [DM] epoch 4291/6000 reward=1.4962 profit=0.4962 on_time=1.0000 loss=-0.0000
INFO:  [DM] epoch 4292/6000 reward=1.4854 profit=0.5010 on_time=0.9844 loss=0.0001
INFO:  [DM] epoch 4293/6000 reward=1.5157 profit=0.5157 on_time=1.0000 loss=0.0000
INFO:  [DM] epoch 4294/6000 reward=1.4895 profit=0.5052 on_time=0.9844 loss=-0.0005
INFO:  [DM] epoch 4295/6000 reward=1.5144 profit=0.5144 on_time=1.0000 loss=-0.0041
INFO:  [DM] epoch 4296/6000 reward=1.5011 profit=0.5324 on_time=0.9688 loss=-0.0031
INFO:  [DM] epoch 4297/6000 reward=1.5386 profit=0.5386 on_time=1.0000 loss=-0.0000
INFO:  [DM] epoch 4298/6000 reward=1.5295 profit=0.5451 on_time=0.9844 loss=0.0003
INFO:  [DM] epoch 4299/6000 reward=1.5501 profit=0.5501 on_time=1.0000 loss=0.0002
INFO:  [DM] epoch 4300/6000 reward=1.5045 profit=0.5201 on_time=0.9844 loss=0.0016
INFO:  [DM] epoch 4301/6000 reward=1.5020 profit=0.5332 on_time=0.9688 loss=-0.0087
INFO:  [DM] epoch 4302/6000 reward=1.5664 profit=0.5664 on_time=1.0000 loss=0.0000
INFO:  [DM] epoch 4303/6000 reward=1.5347 profit=0.5347 on_time=1.0000 loss=-0.0000
INFO:  [DM] epoch 4304/6000 reward=1.4957 profit=0.4957 on_time=1.0000 loss=-0.0000
INFO:  [DM] epoch 4305/6000 reward=1.5649 profit=0.5649 on_time=1.0000 loss=-0.0000
INFO:  [DM] epoch 4306/6000 reward=1.5158 profit=0.5158 on_time=1.0000 loss=-0.0000
INFO:  [DM] epoch 4307/6000 reward=1.4673 profit=0.4830 on_time=0.9844 loss=-0.0004
INFO:  [DM] epoch 4308/6000 reward=1.5269 profit=0.5269 on_time=1.0000 loss=-0.0000
INFO:  [DM] epoch 4309/6000 reward=1.5574 profit=0.5574 on_time=1.0000 loss=-0.0001
INFO:  [DM] epoch 4310/6000 reward=1.5038 profit=0.5038 on_time=1.0000 loss=0.0000
INFO:  [DM] epoch 4311/6000 reward=1.4853 profit=0.5009 on_time=0.9844 loss=-0.0002
INFO:  [DM] epoch 4312/6000 reward=1.4737 profit=0.4737 on_time=1.0000 loss=-0.0000
INFO:  [DM] epoch 4313/6000 reward=1.5354 profit=0.5510 on_time=0.9844 loss=-0.0107
INFO:  [DM] epoch 4314/6000 reward=1.5493 profit=0.5493 on_time=1.0000 loss=-0.0000
INFO:  [DM] epoch 4315/6000 reward=1.5210 profit=0.5210 on_time=1.0000 loss=-0.0000
INFO:  [DM] epoch 4316/6000 reward=1.5464 profit=0.5621 on_time=0.9844 loss=-0.0974
INFO:  [DM] epoch 4317/6000 reward=1.5471 profit=0.5471 on_time=1.0000 loss=-0.0000
INFO:  [DM] epoch 4318/6000 reward=1.4565 profit=0.4878 on_time=0.9688 loss=-0.0003
INFO:  [DM] epoch 4319/6000 reward=1.4627 profit=0.5096 on_time=0.9531 loss=-0.0005
INFO:  [DM] epoch 4320/6000 reward=1.4364 profit=0.4989 on_time=0.9375 loss=0.0040
INFO:  [DM] epoch 4321/6000 reward=1.5048 profit=0.5516 on_time=0.9531 loss=-0.1361
INFO:  [DM] epoch 4322/6000 reward=1.4703 profit=0.5328 on_time=0.9375 loss=-0.0226
INFO:  [DM] epoch 4323/6000 reward=1.5260 profit=0.5416 on_time=0.9844 loss=-0.0207
INFO:  [DM] epoch 4324/6000 reward=1.5593 profit=0.5593 on_time=1.0000 loss=-0.0000
INFO:  [DM] epoch 4325/6000 reward=1.5172 profit=0.5172 on_time=1.0000 loss=-0.0000
INFO:  [DM] epoch 4326/6000 reward=1.4856 profit=0.4856 on_time=1.0000 loss=0.0000
INFO:  [DM] epoch 4327/6000 reward=1.5643 profit=0.5643 on_time=1.0000 loss=-0.0000
INFO:  [DM] epoch 4328/6000 reward=1.5292 profit=0.5448 on_time=0.9844 loss=-0.0000
INFO:  [DM] epoch 4329/6000 reward=1.5104 profit=0.5104 on_time=1.0000 loss=-0.0000
INFO:  [DM] epoch 4330/6000 reward=1.5035 profit=0.5035 on_time=1.0000 loss=-0.0000
INFO:  [DM] epoch 4331/6000 reward=1.4893 profit=0.5049 on_time=0.9844 loss=0.0000
INFO:  [DM] epoch 4332/6000 reward=1.5275 profit=0.5275 on_time=1.0000 loss=-0.0000
INFO:  [DM] epoch 4333/6000 reward=1.5088 profit=0.5088 on_time=1.0000 loss=-0.0000
INFO:  [DM] epoch 4334/6000 reward=1.5109 profit=0.5266 on_time=0.9844 loss=-0.0027
INFO:  [DM] epoch 4335/6000 reward=1.5300 profit=0.5456 on_time=0.9844 loss=-0.0000
INFO:  [DM] epoch 4336/6000 reward=1.4710 profit=0.4710 on_time=1.0000 loss=-0.0000
INFO:  [DM] epoch 4337/6000 reward=1.4366 profit=0.4991 on_time=0.9375 loss=-0.0000
INFO:  [DM] epoch 4338/6000 reward=1.4996 profit=0.5152 on_time=0.9844 loss=-0.0002
INFO:  [DM] epoch 4339/6000 reward=1.4826 profit=0.5295 on_time=0.9531 loss=-0.0143
INFO:  [DM] epoch 4340/6000 reward=1.4558 profit=0.4870 on_time=0.9688 loss=-0.0057
INFO:  [DM] epoch 4341/6000 reward=1.5338 profit=0.5338 on_time=1.0000 loss=-0.0000
INFO:  [DM] epoch 4342/6000 reward=1.4351 profit=0.4820 on_time=0.9531 loss=-0.0768
INFO:  [DM] epoch 4343/6000 reward=1.5110 profit=0.5110 on_time=1.0000 loss=-0.0018
INFO:  [DM] epoch 4344/6000 reward=1.4885 profit=0.5042 on_time=0.9844 loss=-0.0003
INFO:  [DM] epoch 4345/6000 reward=1.5143 profit=0.5299 on_time=0.9844 loss=-0.0000
INFO:  [DM] epoch 4346/6000 reward=1.4792 profit=0.5260 on_time=0.9531 loss=-0.0001
INFO:  [DM] epoch 4347/6000 reward=1.5729 profit=0.5729 on_time=1.0000 loss=-0.0000
INFO:  [DM] epoch 4348/6000 reward=1.5165 profit=0.5165 on_time=1.0000 loss=-0.0000
INFO:  [DM] epoch 4349/6000 reward=1.4840 profit=0.5465 on_time=0.9375 loss=0.0001
INFO:  [DM] epoch 4350/6000 reward=1.5315 profit=0.5784 on_time=0.9531 loss=-0.0404
INFO:  [DM] epoch 4351/6000 reward=1.4783 profit=0.5096 on_time=0.9688 loss=0.0002
INFO:  [DM] epoch 4352/6000 reward=1.4980 profit=0.5292 on_time=0.9688 loss=-0.0000
INFO:  [DM] epoch 4353/6000 reward=1.5126 profit=0.5439 on_time=0.9688 loss=-0.0001
INFO:  [DM] epoch 4354/6000 reward=1.4808 profit=0.5277 on_time=0.9531 loss=-0.0025
INFO:  [DM] epoch 4355/6000 reward=1.4586 profit=0.4899 on_time=0.9688 loss=-0.0005
INFO:  [DM] epoch 4356/6000 reward=1.4607 profit=0.5389 on_time=0.9219 loss=0.0090
INFO:  [DM] epoch 4357/6000 reward=1.5078 profit=0.5078 on_time=1.0000 loss=0.0001
INFO:  [DM] epoch 4358/6000 reward=1.4748 profit=0.5217 on_time=0.9531 loss=-0.0020
INFO:  [DM] epoch 4359/6000 reward=1.4561 profit=0.4873 on_time=0.9688 loss=-0.0096
INFO:  [DM] epoch 4360/6000 reward=1.4711 profit=0.5024 on_time=0.9688 loss=-0.0679
INFO:  [DM] epoch 4361/6000 reward=1.4769 profit=0.5394 on_time=0.9375 loss=-0.0015
INFO:  [DM] epoch 4362/6000 reward=1.5285 profit=0.5442 on_time=0.9844 loss=-0.0000
INFO:  [DM] epoch 4363/6000 reward=1.4480 profit=0.4792 on_time=0.9688 loss=-0.0000
INFO:  [DM] epoch 4364/6000 reward=1.5098 profit=0.5254 on_time=0.9844 loss=0.0001
INFO:  [DM] epoch 4365/6000 reward=1.4830 profit=0.5143 on_time=0.9688 loss=-0.0001
INFO:  [DM] epoch 4366/6000 reward=1.5221 profit=0.5221 on_time=1.0000 loss=-0.0000
INFO:  [DM] epoch 4367/6000 reward=1.5602 profit=0.5602 on_time=1.0000 loss=-0.0000
INFO:  [DM] epoch 4368/6000 reward=1.5251 profit=0.5407 on_time=0.9844 loss=0.0001
INFO:  [DM] epoch 4369/6000 reward=1.5139 profit=0.5295 on_time=0.9844 loss=-0.0000
INFO:  [DM] epoch 4370/6000 reward=1.5221 profit=0.5221 on_time=1.0000 loss=-0.0000
INFO:  [DM] epoch 4371/6000 reward=1.4616 profit=0.4929 on_time=0.9688 loss=-0.0028
INFO:  [DM] epoch 4372/6000 reward=1.5284 profit=0.5440 on_time=0.9844 loss=0.0000
INFO:  [DM] epoch 4373/6000 reward=1.5136 profit=0.5136 on_time=1.0000 loss=-0.0000
INFO:  [DM] epoch 4374/6000 reward=1.5264 profit=0.5264 on_time=1.0000 loss=-0.0000
INFO:  [DM] epoch 4375/6000 reward=1.5104 profit=0.5104 on_time=1.0000 loss=-0.0000
INFO:  [DM] epoch 4376/6000 reward=1.4864 profit=0.4864 on_time=1.0000 loss=-0.0000
INFO:  [DM] epoch 4377/6000 reward=1.4732 profit=0.5044 on_time=0.9688 loss=-0.0146
INFO:  [DM] epoch 4378/6000 reward=1.5300 profit=0.5300 on_time=1.0000 loss=-0.0000
INFO:  [DM] epoch 4379/6000 reward=1.5309 profit=0.5309 on_time=1.0000 loss=-0.0000
INFO:  [DM] epoch 4380/6000 reward=1.5278 profit=0.5278 on_time=1.0000 loss=-0.0000
INFO:  [DM] epoch 4381/6000 reward=1.5301 profit=0.5301 on_time=1.0000 loss=-0.0000
INFO:  [DM] epoch 4382/6000 reward=1.5522 profit=0.5522 on_time=1.0000 loss=-0.0000
INFO:  [DM] epoch 4383/6000 reward=1.4791 profit=0.4791 on_time=1.0000 loss=-0.0000
INFO:  [DM] epoch 4384/6000 reward=1.5059 profit=0.5059 on_time=1.0000 loss=-0.0000
INFO:  [DM] epoch 4385/6000 reward=1.5088 profit=0.5088 on_time=1.0000 loss=-0.0000
INFO:  [DM] epoch 4386/6000 reward=1.5252 profit=0.5409 on_time=0.9844 loss=-0.0000
INFO:  [DM] epoch 4387/6000 reward=1.5031 profit=0.5031 on_time=1.0000 loss=-0.0000
INFO:  [DM] epoch 4388/6000 reward=1.4988 profit=0.4988 on_time=1.0000 loss=-0.0000
INFO:  [DM] epoch 4389/6000 reward=1.5286 profit=0.5286 on_time=1.0000 loss=-0.0000
INFO:  [DM] epoch 4390/6000 reward=1.5238 profit=0.5238 on_time=1.0000 loss=-0.0000
INFO:  [DM] epoch 4391/6000 reward=1.4897 profit=0.4897 on_time=1.0000 loss=-0.0000
INFO:  [DM] epoch 4392/6000 reward=1.5477 profit=0.5477 on_time=1.0000 loss=-0.0000
INFO:  [DM] epoch 4393/6000 reward=1.5204 profit=0.5204 on_time=1.0000 loss=-0.0000
INFO:  [DM] epoch 4394/6000 reward=1.5280 profit=0.5280 on_time=1.0000 loss=-0.0000
INFO:  [DM] epoch 4395/6000 reward=1.5080 profit=0.5080 on_time=1.0000 loss=0.0000
INFO:  [DM] epoch 4396/6000 reward=1.5528 profit=0.5528 on_time=1.0000 loss=-0.0000
INFO:  [DM] epoch 4397/6000 reward=1.5120 profit=0.5120 on_time=1.0000 loss=-0.0000
INFO:  [DM] epoch 4398/6000 reward=1.5202 profit=0.5202 on_time=1.0000 loss=-0.0000
INFO:  [DM] epoch 4399/6000 reward=1.5249 profit=0.5249 on_time=1.0000 loss=0.0005
INFO:  [DM] epoch 4400/6000 reward=1.5125 profit=0.5125 on_time=1.0000 loss=-0.0000
INFO:  [DM] epoch 4401/6000 reward=1.5368 profit=0.5368 on_time=1.0000 loss=-0.0000
INFO:  [DM] epoch 4402/6000 reward=1.5194 profit=0.5194 on_time=1.0000 loss=-0.0000
INFO:  [DM] epoch 4403/6000 reward=1.5204 profit=0.5204 on_time=1.0000 loss=-0.0000
INFO:  [DM] epoch 4404/6000 reward=1.4970 profit=0.5127 on_time=0.9844 loss=-0.0029
INFO:  [DM] epoch 4405/6000 reward=1.4932 profit=0.4932 on_time=1.0000 loss=-0.0000
INFO:  [DM] epoch 4406/6000 reward=1.5038 profit=0.5038 on_time=1.0000 loss=0.0001
INFO:  [DM] epoch 4407/6000 reward=1.5006 profit=0.5006 on_time=1.0000 loss=-0.0000
INFO:  [DM] epoch 4408/6000 reward=1.5458 profit=0.5458 on_time=1.0000 loss=-0.0000
INFO:  [DM] epoch 4409/6000 reward=1.5200 profit=0.5356 on_time=0.9844 loss=0.0007
INFO:  [DM] epoch 4410/6000 reward=1.5094 profit=0.5094 on_time=1.0000 loss=-0.0000
INFO:  [DM] epoch 4411/6000 reward=1.4742 profit=0.5054 on_time=0.9688 loss=-0.0002
INFO:  [DM] epoch 4412/6000 reward=1.5127 profit=0.5439 on_time=0.9688 loss=-0.0000
INFO:  [DM] epoch 4413/6000 reward=1.5097 profit=0.5253 on_time=0.9844 loss=-0.0000
INFO:  [DM] epoch 4414/6000 reward=1.4615 profit=0.4928 on_time=0.9688 loss=-0.0018
INFO:  [DM] epoch 4415/6000 reward=1.5071 profit=0.5228 on_time=0.9844 loss=-0.0000
INFO:  [DM] epoch 4416/6000 reward=1.4947 profit=0.5103 on_time=0.9844 loss=-0.0194
INFO:  [DM] epoch 4417/6000 reward=1.5119 profit=0.5119 on_time=1.0000 loss=-0.0000
INFO:  [DM] epoch 4418/6000 reward=1.4989 profit=0.5145 on_time=0.9844 loss=-0.0001
INFO:  [DM] epoch 4419/6000 reward=1.5040 profit=0.5040 on_time=1.0000 loss=-0.0000
INFO:  [DM] epoch 4420/6000 reward=1.4829 profit=0.5141 on_time=0.9688 loss=-0.0033
INFO:  [DM] epoch 4421/6000 reward=1.4923 profit=0.5079 on_time=0.9844 loss=-0.0000
INFO:  [DM] epoch 4422/6000 reward=1.5521 profit=0.5521 on_time=1.0000 loss=0.0000
INFO:  [DM] epoch 4423/6000 reward=1.5411 profit=0.5411 on_time=1.0000 loss=-0.0000
INFO:  [DM] epoch 4424/6000 reward=1.4984 profit=0.4984 on_time=1.0000 loss=-0.0000
INFO:  [DM] epoch 4425/6000 reward=1.5013 profit=0.5013 on_time=1.0000 loss=-0.0000
INFO:  [DM] epoch 4426/6000 reward=1.5322 profit=0.5322 on_time=1.0000 loss=-0.0000
INFO:  [DM] epoch 4427/6000 reward=1.5410 profit=0.5410 on_time=1.0000 loss=-0.0000
INFO:  [DM] epoch 4428/6000 reward=1.5531 profit=0.5531 on_time=1.0000 loss=-0.0000
INFO:  [DM] epoch 4429/6000 reward=1.4889 profit=0.4889 on_time=1.0000 loss=-0.0000
INFO:  [DM] epoch 4430/6000 reward=1.5209 profit=0.5209 on_time=1.0000 loss=-0.0000
INFO:  [DM] epoch 4431/6000 reward=1.5413 profit=0.5570 on_time=0.9844 loss=-0.0026
INFO:  [DM] epoch 4432/6000 reward=1.5054 profit=0.5054 on_time=1.0000 loss=-0.0000
INFO:  [DM] epoch 4433/6000 reward=1.5306 profit=0.5306 on_time=1.0000 loss=-0.0000
INFO:  [DM] epoch 4434/6000 reward=1.5236 profit=0.5236 on_time=1.0000 loss=-0.0000
INFO:  [DM] epoch 4435/6000 reward=1.5195 profit=0.5195 on_time=1.0000 loss=-0.0000
INFO:  [DM] epoch 4436/6000 reward=1.4633 profit=0.4633 on_time=1.0000 loss=-0.0000
INFO:  [DM] epoch 4437/6000 reward=1.4921 profit=0.4921 on_time=1.0000 loss=-0.0000
INFO:  [DM] epoch 4438/6000 reward=1.5303 profit=0.5303 on_time=1.0000 loss=-0.0000
INFO:  [DM] epoch 4439/6000 reward=1.5027 profit=0.5027 on_time=1.0000 loss=-0.0000
INFO:  [DM] epoch 4440/6000 reward=1.5232 profit=0.5232 on_time=1.0000 loss=-0.0000
INFO:  [DM] epoch 4441/6000 reward=1.5493 profit=0.5493 on_time=1.0000 loss=-0.0000
INFO:  [DM] epoch 4442/6000 reward=1.5299 profit=0.5299 on_time=1.0000 loss=-0.0000
INFO:  [DM] epoch 4443/6000 reward=1.5408 profit=0.5408 on_time=1.0000 loss=-0.0000
INFO:  [DM] epoch 4444/6000 reward=1.4980 profit=0.4980 on_time=1.0000 loss=-0.0000
INFO:  [DM] epoch 4445/6000 reward=1.5504 profit=0.5504 on_time=1.0000 loss=-0.0000
INFO:  [DM] epoch 4446/6000 reward=1.5227 profit=0.5227 on_time=1.0000 loss=-0.0000
INFO:  [DM] epoch 4447/6000 reward=1.5219 profit=0.5219 on_time=1.0000 loss=-0.0000
INFO:  [DM] epoch 4448/6000 reward=1.5538 profit=0.5538 on_time=1.0000 loss=-0.0000
INFO:  [DM] epoch 4449/6000 reward=1.5340 profit=0.5340 on_time=1.0000 loss=-0.0000
INFO:  [DM] epoch 4450/6000 reward=1.4967 profit=0.4967 on_time=1.0000 loss=-0.0000
INFO:  [DM] epoch 4451/6000 reward=1.4992 profit=0.4992 on_time=1.0000 loss=-0.0000
INFO:  [DM] epoch 4452/6000 reward=1.5106 profit=0.5106 on_time=1.0000 loss=-0.0000
INFO:  [DM] epoch 4453/6000 reward=1.4878 profit=0.4878 on_time=1.0000 loss=-0.0000
INFO:  [DM] epoch 4454/6000 reward=1.4932 profit=0.4932 on_time=1.0000 loss=-0.0000
INFO:  [DM] epoch 4455/6000 reward=1.5035 profit=0.5035 on_time=1.0000 loss=0.0000
INFO:  [DM] epoch 4456/6000 reward=1.5202 profit=0.5202 on_time=1.0000 loss=-0.0000
INFO:  [DM] epoch 4457/6000 reward=1.4977 profit=0.4977 on_time=1.0000 loss=-0.0000
INFO:  [DM] epoch 4458/6000 reward=1.4878 profit=0.4878 on_time=1.0000 loss=-0.0000
INFO:  [DM] epoch 4459/6000 reward=1.5209 profit=0.5209 on_time=1.0000 loss=-0.0000
INFO:  [DM] epoch 4460/6000 reward=1.5146 profit=0.5146 on_time=1.0000 loss=-0.0000
INFO:  [DM] epoch 4461/6000 reward=1.5129 profit=0.5129 on_time=1.0000 loss=0.0000
INFO:  [DM] epoch 4462/6000 reward=1.5257 profit=0.5257 on_time=1.0000 loss=-0.0000
INFO:  [DM] epoch 4463/6000 reward=1.5131 profit=0.5131 on_time=1.0000 loss=-0.0000
INFO:  [DM] epoch 4464/6000 reward=1.4983 profit=0.4983 on_time=1.0000 loss=-0.0000
INFO:  [DM] epoch 4465/6000 reward=1.5571 profit=0.5571 on_time=1.0000 loss=-0.0000
INFO:  [DM] epoch 4466/6000 reward=1.5256 profit=0.5256 on_time=1.0000 loss=-0.0000
INFO:  [DM] epoch 4467/6000 reward=1.5094 profit=0.5094 on_time=1.0000 loss=-0.0000
INFO:  [DM] epoch 4468/6000 reward=1.5414 profit=0.5414 on_time=1.0000 loss=-0.0000
INFO:  [DM] epoch 4469/6000 reward=1.5012 profit=0.5012 on_time=1.0000 loss=0.0000
INFO:  [DM] epoch 4470/6000 reward=1.4882 profit=0.4882 on_time=1.0000 loss=-0.0000
INFO:  [DM] epoch 4471/6000 reward=1.5145 profit=0.5145 on_time=1.0000 loss=-0.0000
INFO:  [DM] epoch 4472/6000 reward=1.5712 profit=0.5712 on_time=1.0000 loss=-0.0000
INFO:  [DM] epoch 4473/6000 reward=1.5151 profit=0.5151 on_time=1.0000 loss=-0.0000
INFO:  [DM] epoch 4474/6000 reward=1.5512 profit=0.5512 on_time=1.0000 loss=-0.0000
INFO:  [DM] epoch 4475/6000 reward=1.5259 profit=0.5259 on_time=1.0000 loss=-0.0000
INFO:  [DM] epoch 4476/6000 reward=1.4773 profit=0.4773 on_time=1.0000 loss=-0.0000
INFO:  [DM] epoch 4477/6000 reward=1.5034 profit=0.5034 on_time=1.0000 loss=-0.0000
INFO:  [DM] epoch 4478/6000 reward=1.5390 profit=0.5390 on_time=1.0000 loss=-0.0000
INFO:  [DM] epoch 4479/6000 reward=1.5293 profit=0.5293 on_time=1.0000 loss=-0.0000
INFO:  [DM] epoch 4480/6000 reward=1.4927 profit=0.4927 on_time=1.0000 loss=0.0000
INFO:  [DM] epoch 4481/6000 reward=1.5336 profit=0.5336 on_time=1.0000 loss=-0.0000
INFO:  [DM] epoch 4482/6000 reward=1.5336 profit=0.5336 on_time=1.0000 loss=-0.0000
INFO:  [DM] epoch 4483/6000 reward=1.4774 profit=0.4774 on_time=1.0000 loss=-0.0000
INFO:  [DM] epoch 4484/6000 reward=1.5543 profit=0.5543 on_time=1.0000 loss=-0.0000
INFO:  [DM] epoch 4485/6000 reward=1.5179 profit=0.5179 on_time=1.0000 loss=0.0017
INFO:  [DM] epoch 4486/6000 reward=1.5170 profit=0.5170 on_time=1.0000 loss=-0.0000
INFO:  [DM] epoch 4487/6000 reward=1.5008 profit=0.5008 on_time=1.0000 loss=-0.0000
INFO:  [DM] epoch 4488/6000 reward=1.5360 profit=0.5360 on_time=1.0000 loss=-0.0000
INFO:  [DM] epoch 4489/6000 reward=1.4866 profit=0.4866 on_time=1.0000 loss=-0.0000
INFO:  [DM] epoch 4490/6000 reward=1.5415 profit=0.5415 on_time=1.0000 loss=-0.0000
INFO:  [DM] epoch 4491/6000 reward=1.5269 profit=0.5269 on_time=1.0000 loss=0.0000
INFO:  [DM] epoch 4492/6000 reward=1.5299 profit=0.5299 on_time=1.0000 loss=-0.0000
INFO:  [DM] epoch 4493/6000 reward=1.4933 profit=0.4933 on_time=1.0000 loss=-0.0000
INFO:  [DM] epoch 4494/6000 reward=1.5420 profit=0.5420 on_time=1.0000 loss=-0.0000
INFO:  [DM] epoch 4495/6000 reward=1.5020 profit=0.5020 on_time=1.0000 loss=-0.0000
INFO:  [DM] epoch 4496/6000 reward=1.5418 profit=0.5418 on_time=1.0000 loss=-0.0000
INFO:  [DM] epoch 4497/6000 reward=1.5385 profit=0.5385 on_time=1.0000 loss=-0.0000
INFO:  [DM] epoch 4498/6000 reward=1.5127 profit=0.5127 on_time=1.0000 loss=-0.0000
INFO:  [DM] epoch 4499/6000 reward=1.5123 profit=0.5123 on_time=1.0000 loss=-0.0000
INFO:  [DM] epoch 4500/6000 reward=1.4996 profit=0.4996 on_time=1.0000 loss=-0.0000
INFO:  [DM] epoch 4501/6000 reward=1.5488 profit=0.5488 on_time=1.0000 loss=0.0000
INFO:  [DM] epoch 4502/6000 reward=1.5168 profit=0.5168 on_time=1.0000 loss=-0.0000
INFO:  [DM] epoch 4503/6000 reward=1.5049 profit=0.5049 on_time=1.0000 loss=-0.0000
INFO:  [DM] epoch 4504/6000 reward=1.4954 profit=0.4954 on_time=1.0000 loss=-0.0000
INFO:  [DM] epoch 4505/6000 reward=1.5082 profit=0.5082 on_time=1.0000 loss=-0.0000
INFO:  [DM] epoch 4506/6000 reward=1.5175 profit=0.5175 on_time=1.0000 loss=-0.0000
INFO:  [DM] epoch 4507/6000 reward=1.5207 profit=0.5207 on_time=1.0000 loss=-0.0000
INFO:  [DM] epoch 4508/6000 reward=1.4881 profit=0.4881 on_time=1.0000 loss=-0.0000
INFO:  [DM] epoch 4509/6000 reward=1.4924 profit=0.4924 on_time=1.0000 loss=-0.0000
INFO:  [DM] epoch 4510/6000 reward=1.4827 profit=0.4827 on_time=1.0000 loss=-0.0000
INFO:  [DM] epoch 4511/6000 reward=1.5454 profit=0.5454 on_time=1.0000 loss=-0.0000
INFO:  [DM] epoch 4512/6000 reward=1.5395 profit=0.5395 on_time=1.0000 loss=0.0000
INFO:  [DM] epoch 4513/6000 reward=1.5124 profit=0.5124 on_time=1.0000 loss=-0.0000
INFO:  [DM] epoch 4514/6000 reward=1.4805 profit=0.4805 on_time=1.0000 loss=-0.0000
INFO:  [DM] epoch 4515/6000 reward=1.5194 profit=0.5194 on_time=1.0000 loss=-0.0000
INFO:  [DM] epoch 4516/6000 reward=1.5168 profit=0.5168 on_time=1.0000 loss=-0.0000
INFO:  [DM] epoch 4517/6000 reward=1.5513 profit=0.5513 on_time=1.0000 loss=-0.0000
INFO:  [DM] epoch 4518/6000 reward=1.5060 profit=0.5060 on_time=1.0000 loss=-0.0000
INFO:  [DM] epoch 4519/6000 reward=1.5600 profit=0.5600 on_time=1.0000 loss=-0.0000
INFO:  [DM] epoch 4520/6000 reward=1.5136 profit=0.5136 on_time=1.0000 loss=-0.0000
INFO:  [DM] epoch 4521/6000 reward=1.4956 profit=0.4956 on_time=1.0000 loss=-0.0000
INFO:  [DM] epoch 4522/6000 reward=1.5090 profit=0.5090 on_time=1.0000 loss=-0.0000
INFO:  [DM] epoch 4523/6000 reward=1.5313 profit=0.5313 on_time=1.0000 loss=-0.0000
INFO:  [DM] epoch 4524/6000 reward=1.5102 profit=0.5102 on_time=1.0000 loss=-0.0000
INFO:  [DM] epoch 4525/6000 reward=1.5228 profit=0.5228 on_time=1.0000 loss=-0.0000
INFO:  [DM] epoch 4526/6000 reward=1.5367 profit=0.5367 on_time=1.0000 loss=-0.0000
INFO:  [DM] epoch 4527/6000 reward=1.4837 profit=0.4837 on_time=1.0000 loss=-0.0000
INFO:  [DM] epoch 4528/6000 reward=1.5486 profit=0.5486 on_time=1.0000 loss=-0.0000
INFO:  [DM] epoch 4529/6000 reward=1.5279 profit=0.5279 on_time=1.0000 loss=-0.0000
INFO:  [DM] epoch 4530/6000 reward=1.4943 profit=0.4943 on_time=1.0000 loss=-0.0000
INFO:  [DM] epoch 4531/6000 reward=1.5370 profit=0.5370 on_time=1.0000 loss=-0.0000
INFO:  [DM] epoch 4532/6000 reward=1.5224 profit=0.5224 on_time=1.0000 loss=-0.0000
INFO:  [DM] epoch 4533/6000 reward=1.5066 profit=0.5066 on_time=1.0000 loss=-0.0000
INFO:  [DM] epoch 4534/6000 reward=1.5079 profit=0.5079 on_time=1.0000 loss=-0.0000
INFO:  [DM] epoch 4535/6000 reward=1.5160 profit=0.5160 on_time=1.0000 loss=-0.0000
INFO:  [DM] epoch 4536/6000 reward=1.4843 profit=0.4843 on_time=1.0000 loss=-0.0000
INFO:  [DM] epoch 4537/6000 reward=1.5126 profit=0.5126 on_time=1.0000 loss=-0.0000
INFO:  [DM] epoch 4538/6000 reward=1.5287 profit=0.5287 on_time=1.0000 loss=-0.0000
INFO:  [DM] epoch 4539/6000 reward=1.5532 profit=0.5532 on_time=1.0000 loss=-0.0000
INFO:  [DM] epoch 4540/6000 reward=1.5127 profit=0.5127 on_time=1.0000 loss=-0.0000
INFO:  [DM] epoch 4541/6000 reward=1.5105 profit=0.5105 on_time=1.0000 loss=-0.0000
INFO:  [DM] epoch 4542/6000 reward=1.4752 profit=0.4752 on_time=1.0000 loss=-0.0000
INFO:  [DM] epoch 4543/6000 reward=1.5367 profit=0.5367 on_time=1.0000 loss=-0.0000
INFO:  [DM] epoch 4544/6000 reward=1.5300 profit=0.5300 on_time=1.0000 loss=-0.0000
INFO:  [DM] epoch 4545/6000 reward=1.5209 profit=0.5209 on_time=1.0000 loss=-0.0000
INFO:  [DM] epoch 4546/6000 reward=1.5052 profit=0.5052 on_time=1.0000 loss=-0.0000
INFO:  [DM] epoch 4547/6000 reward=1.4797 profit=0.4797 on_time=1.0000 loss=-0.0000
INFO:  [DM] epoch 4548/6000 reward=1.5337 profit=0.5337 on_time=1.0000 loss=-0.0000
INFO:  [DM] epoch 4549/6000 reward=1.5421 profit=0.5421 on_time=1.0000 loss=-0.0000
INFO:  [DM] epoch 4550/6000 reward=1.5294 profit=0.5294 on_time=1.0000 loss=-0.0000
INFO:  [DM] epoch 4551/6000 reward=1.5547 profit=0.5547 on_time=1.0000 loss=-0.0000
INFO:  [DM] epoch 4552/6000 reward=1.5290 profit=0.5290 on_time=1.0000 loss=-0.0000
INFO:  [DM] epoch 4553/6000 reward=1.4539 profit=0.4539 on_time=1.0000 loss=-0.0000
INFO:  [DM] epoch 4554/6000 reward=1.4874 profit=0.4874 on_time=1.0000 loss=-0.0000
INFO:  [DM] epoch 4555/6000 reward=1.5274 profit=0.5274 on_time=1.0000 loss=-0.0000
INFO:  [DM] epoch 4556/6000 reward=1.5478 profit=0.5478 on_time=1.0000 loss=-0.0000
INFO:  [DM] epoch 4557/6000 reward=1.4919 profit=0.4919 on_time=1.0000 loss=-0.0000
INFO:  [DM] epoch 4558/6000 reward=1.5313 profit=0.5313 on_time=1.0000 loss=-0.0000
INFO:  [DM] epoch 4559/6000 reward=1.5123 profit=0.5123 on_time=1.0000 loss=-0.0000
INFO:  [DM] epoch 4560/6000 reward=1.5100 profit=0.5100 on_time=1.0000 loss=-0.0000
INFO:  [DM] epoch 4561/6000 reward=1.5425 profit=0.5425 on_time=1.0000 loss=-0.0000
INFO:  [DM] epoch 4562/6000 reward=1.5201 profit=0.5357 on_time=0.9844 loss=-0.0007
INFO:  [DM] epoch 4563/6000 reward=1.5116 profit=0.5116 on_time=1.0000 loss=-0.0000
INFO:  [DM] epoch 4564/6000 reward=1.5130 profit=0.5130 on_time=1.0000 loss=-0.0000
INFO:  [DM] epoch 4565/6000 reward=1.4992 profit=0.4992 on_time=1.0000 loss=-0.0000
INFO:  [DM] epoch 4566/6000 reward=1.5089 profit=0.5089 on_time=1.0000 loss=-0.0000
INFO:  [DM] epoch 4567/6000 reward=1.5582 profit=0.5582 on_time=1.0000 loss=-0.0000
INFO:  [DM] epoch 4568/6000 reward=1.5590 profit=0.5590 on_time=1.0000 loss=-0.0000
INFO:  [DM] epoch 4569/6000 reward=1.5200 profit=0.5200 on_time=1.0000 loss=-0.0000
INFO:  [DM] epoch 4570/6000 reward=1.5166 profit=0.5166 on_time=1.0000 loss=-0.0000
INFO:  [DM] epoch 4571/6000 reward=1.5080 profit=0.5080 on_time=1.0000 loss=-0.0000
INFO:  [DM] epoch 4572/6000 reward=1.4968 profit=0.4968 on_time=1.0000 loss=-0.0000
INFO:  [DM] epoch 4573/6000 reward=1.5356 profit=0.5356 on_time=1.0000 loss=-0.0000
INFO:  [DM] epoch 4574/6000 reward=1.5426 profit=0.5426 on_time=1.0000 loss=-0.0000
INFO:  [DM] epoch 4575/6000 reward=1.5600 profit=0.5600 on_time=1.0000 loss=-0.0000
INFO:  [DM] epoch 4576/6000 reward=1.5223 profit=0.5223 on_time=1.0000 loss=-0.0000
INFO:  [DM] epoch 4577/6000 reward=1.4984 profit=0.4984 on_time=1.0000 loss=-0.0000
INFO:  [DM] epoch 4578/6000 reward=1.5051 profit=0.5051 on_time=1.0000 loss=-0.0000
INFO:  [DM] epoch 4579/6000 reward=1.5149 profit=0.5149 on_time=1.0000 loss=-0.0000
INFO:  [DM] epoch 4580/6000 reward=1.4995 profit=0.4995 on_time=1.0000 loss=-0.0000
INFO:  [DM] epoch 4581/6000 reward=1.4713 profit=0.4713 on_time=1.0000 loss=-0.0000
INFO:  [DM] epoch 4582/6000 reward=1.4768 profit=0.4768 on_time=1.0000 loss=-0.0000
INFO:  [DM] epoch 4583/6000 reward=1.5142 profit=0.5142 on_time=1.0000 loss=-0.0000
INFO:  [DM] epoch 4584/6000 reward=1.4978 profit=0.4978 on_time=1.0000 loss=-0.0000
INFO:  [DM] epoch 4585/6000 reward=1.4812 profit=0.4812 on_time=1.0000 loss=-0.0000
INFO:  [DM] epoch 4586/6000 reward=1.5519 profit=0.5519 on_time=1.0000 loss=0.0000
INFO:  [DM] epoch 4587/6000 reward=1.5372 profit=0.5372 on_time=1.0000 loss=-0.0000
INFO:  [DM] epoch 4588/6000 reward=1.5538 profit=0.5538 on_time=1.0000 loss=-0.0000
INFO:  [DM] epoch 4589/6000 reward=1.5197 profit=0.5197 on_time=1.0000 loss=-0.0000
INFO:  [DM] epoch 4590/6000 reward=1.5505 profit=0.5505 on_time=1.0000 loss=-0.0000
INFO:  [DM] epoch 4591/6000 reward=1.5224 profit=0.5224 on_time=1.0000 loss=-0.0000
INFO:  [DM] epoch 4592/6000 reward=1.5147 profit=0.5147 on_time=1.0000 loss=-0.0000
INFO:  [DM] epoch 4593/6000 reward=1.5402 profit=0.5402 on_time=1.0000 loss=-0.0000
INFO:  [DM] epoch 4594/6000 reward=1.5274 profit=0.5274 on_time=1.0000 loss=-0.0000
INFO:  [DM] epoch 4595/6000 reward=1.5027 profit=0.5027 on_time=1.0000 loss=-0.0000
INFO:  [DM] epoch 4596/6000 reward=1.4895 profit=0.4895 on_time=1.0000 loss=-0.0000
INFO:  [DM] epoch 4597/6000 reward=1.5203 profit=0.5203 on_time=1.0000 loss=-0.0000
INFO:  [DM] epoch 4598/6000 reward=1.5075 profit=0.5075 on_time=1.0000 loss=-0.0000
INFO:  [DM] epoch 4599/6000 reward=1.5484 profit=0.5484 on_time=1.0000 loss=-0.0000
INFO:  [DM] epoch 4600/6000 reward=1.5098 profit=0.5098 on_time=1.0000 loss=-0.0000
INFO:  [DM] epoch 4601/6000 reward=1.5323 profit=0.5323 on_time=1.0000 loss=-0.0000
INFO:  [DM] epoch 4602/6000 reward=1.5251 profit=0.5251 on_time=1.0000 loss=-0.0000
INFO:  [DM] epoch 4603/6000 reward=1.5046 profit=0.5046 on_time=1.0000 loss=-0.0000
INFO:  [DM] epoch 4604/6000 reward=1.4988 profit=0.4988 on_time=1.0000 loss=-0.0000
INFO:  [DM] epoch 4605/6000 reward=1.5600 profit=0.5600 on_time=1.0000 loss=0.0000
INFO:  [DM] epoch 4606/6000 reward=1.4783 profit=0.4783 on_time=1.0000 loss=-0.0000
INFO:  [DM] epoch 4607/6000 reward=1.4937 profit=0.4937 on_time=1.0000 loss=-0.0000
INFO:  [DM] epoch 4608/6000 reward=1.5056 profit=0.5056 on_time=1.0000 loss=-0.0000
INFO:  [DM] epoch 4609/6000 reward=1.4993 profit=0.4993 on_time=1.0000 loss=-0.0000
INFO:  [DM] epoch 4610/6000 reward=1.5308 profit=0.5308 on_time=1.0000 loss=-0.0000
INFO:  [DM] epoch 4611/6000 reward=1.5037 profit=0.5037 on_time=1.0000 loss=0.0000
INFO:  [DM] epoch 4612/6000 reward=1.5344 profit=0.5344 on_time=1.0000 loss=-0.0000
INFO:  [DM] epoch 4613/6000 reward=1.5173 profit=0.5173 on_time=1.0000 loss=-0.0000
INFO:  [DM] epoch 4614/6000 reward=1.5360 profit=0.5360 on_time=1.0000 loss=-0.0000
INFO:  [DM] epoch 4615/6000 reward=1.5138 profit=0.5138 on_time=1.0000 loss=-0.0000
INFO:  [DM] epoch 4616/6000 reward=1.4715 profit=0.4715 on_time=1.0000 loss=-0.0000
INFO:  [DM] epoch 4617/6000 reward=1.5066 profit=0.5066 on_time=1.0000 loss=0.0000
INFO:  [DM] epoch 4618/6000 reward=1.5078 profit=0.5078 on_time=1.0000 loss=0.0000
INFO:  [DM] epoch 4619/6000 reward=1.5316 profit=0.5316 on_time=1.0000 loss=-0.0000
INFO:  [DM] epoch 4620/6000 reward=1.5212 profit=0.5212 on_time=1.0000 loss=0.0000
INFO:  [DM] epoch 4621/6000 reward=1.5592 profit=0.5592 on_time=1.0000 loss=-0.0000
INFO:  [DM] epoch 4622/6000 reward=1.5147 profit=0.5147 on_time=1.0000 loss=0.0000
INFO:  [DM] epoch 4623/6000 reward=1.5386 profit=0.5386 on_time=1.0000 loss=-0.0000
INFO:  [DM] epoch 4624/6000 reward=1.5273 profit=0.5273 on_time=1.0000 loss=-0.0000
INFO:  [DM] epoch 4625/6000 reward=1.4911 profit=0.4911 on_time=1.0000 loss=-0.0000
INFO:  [DM] epoch 4626/6000 reward=1.4756 profit=0.4756 on_time=1.0000 loss=-0.0000
INFO:  [DM] epoch 4627/6000 reward=1.5321 profit=0.5321 on_time=1.0000 loss=-0.0000
INFO:  [DM] epoch 4628/6000 reward=1.5479 profit=0.5479 on_time=1.0000 loss=-0.0000
INFO:  [DM] epoch 4629/6000 reward=1.5228 profit=0.5228 on_time=1.0000 loss=0.0000
INFO:  [DM] epoch 4630/6000 reward=1.4926 profit=0.4926 on_time=1.0000 loss=-0.0000
INFO:  [DM] epoch 4631/6000 reward=1.5381 profit=0.5381 on_time=1.0000 loss=-0.0000
INFO:  [DM] epoch 4632/6000 reward=1.5548 profit=0.5548 on_time=1.0000 loss=-0.0000
INFO:  [DM] epoch 4633/6000 reward=1.5326 profit=0.5326 on_time=1.0000 loss=0.0000
INFO:  [DM] epoch 4634/6000 reward=1.5636 profit=0.5636 on_time=1.0000 loss=-0.0000
INFO:  [DM] epoch 4635/6000 reward=1.5611 profit=0.5611 on_time=1.0000 loss=-0.0000
INFO:  [DM] epoch 4636/6000 reward=1.5138 profit=0.5138 on_time=1.0000 loss=-0.0000
INFO:  [DM] epoch 4637/6000 reward=1.5388 profit=0.5388 on_time=1.0000 loss=0.0000
INFO:  [DM] epoch 4638/6000 reward=1.4865 profit=0.4865 on_time=1.0000 loss=-0.0000
INFO:  [DM] epoch 4639/6000 reward=1.5338 profit=0.5338 on_time=1.0000 loss=0.0000
INFO:  [DM] epoch 4640/6000 reward=1.5078 profit=0.5078 on_time=1.0000 loss=-0.0000
INFO:  [DM] epoch 4641/6000 reward=1.5151 profit=0.5151 on_time=1.0000 loss=-0.0000
INFO:  [DM] epoch 4642/6000 reward=1.4978 profit=0.4978 on_time=1.0000 loss=-0.0000
INFO:  [DM] epoch 4643/6000 reward=1.5026 profit=0.5026 on_time=1.0000 loss=-0.0000
INFO:  [DM] epoch 4644/6000 reward=1.5360 profit=0.5360 on_time=1.0000 loss=0.0000
INFO:  [DM] epoch 4645/6000 reward=1.5167 profit=0.5167 on_time=1.0000 loss=-0.0000
INFO:  [DM] epoch 4646/6000 reward=1.5316 profit=0.5316 on_time=1.0000 loss=-0.0000
INFO:  [DM] epoch 4647/6000 reward=1.4755 profit=0.4755 on_time=1.0000 loss=0.0000
INFO:  [DM] epoch 4648/6000 reward=1.5181 profit=0.5181 on_time=1.0000 loss=-0.0000
INFO:  [DM] epoch 4649/6000 reward=1.5445 profit=0.5445 on_time=1.0000 loss=-0.0000
INFO:  [DM] epoch 4650/6000 reward=1.5136 profit=0.5136 on_time=1.0000 loss=-0.0000
INFO:  [DM] epoch 4651/6000 reward=1.5116 profit=0.5116 on_time=1.0000 loss=-0.0000
INFO:  [DM] epoch 4652/6000 reward=1.5550 profit=0.5550 on_time=1.0000 loss=0.0000
INFO:  [DM] epoch 4653/6000 reward=1.5300 profit=0.5300 on_time=1.0000 loss=-0.0000
INFO:  [DM] epoch 4654/6000 reward=1.5312 profit=0.5312 on_time=1.0000 loss=-0.0000
INFO:  [DM] epoch 4655/6000 reward=1.5403 profit=0.5403 on_time=1.0000 loss=-0.0000
INFO:  [DM] epoch 4656/6000 reward=1.5157 profit=0.5157 on_time=1.0000 loss=-0.0000
INFO:  [DM] epoch 4657/6000 reward=1.5154 profit=0.5154 on_time=1.0000 loss=-0.0000
INFO:  [DM] epoch 4658/6000 reward=1.4917 profit=0.4917 on_time=1.0000 loss=0.0000
INFO:  [DM] epoch 4659/6000 reward=1.5258 profit=0.5258 on_time=1.0000 loss=0.0000
INFO:  [DM] epoch 4660/6000 reward=1.5392 profit=0.5392 on_time=1.0000 loss=-0.0000
INFO:  [DM] epoch 4661/6000 reward=1.5127 profit=0.5127 on_time=1.0000 loss=-0.0000
INFO:  [DM] epoch 4662/6000 reward=1.5271 profit=0.5271 on_time=1.0000 loss=0.0000
INFO:  [DM] epoch 4663/6000 reward=1.5302 profit=0.5302 on_time=1.0000 loss=-0.0000
INFO:  [DM] epoch 4664/6000 reward=1.5231 profit=0.5231 on_time=1.0000 loss=-0.0000
INFO:  [DM] epoch 4665/6000 reward=1.5164 profit=0.5164 on_time=1.0000 loss=0.0000
INFO:  [DM] epoch 4666/6000 reward=1.5671 profit=0.5671 on_time=1.0000 loss=-0.0000
INFO:  [DM] epoch 4667/6000 reward=1.5160 profit=0.5160 on_time=1.0000 loss=0.0000
INFO:  [DM] epoch 4668/6000 reward=1.4867 profit=0.4867 on_time=1.0000 loss=-0.0000
INFO:  [DM] epoch 4669/6000 reward=1.5564 profit=0.5564 on_time=1.0000 loss=-0.0000
INFO:  [DM] epoch 4670/6000 reward=1.5303 profit=0.5303 on_time=1.0000 loss=-0.0000
INFO:  [DM] epoch 4671/6000 reward=1.5027 profit=0.5027 on_time=1.0000 loss=0.0000
INFO:  [DM] epoch 4672/6000 reward=1.4887 profit=0.4887 on_time=1.0000 loss=-0.0000
INFO:  [DM] epoch 4673/6000 reward=1.5325 profit=0.5325 on_time=1.0000 loss=-0.0000
INFO:  [DM] epoch 4674/6000 reward=1.5143 profit=0.5143 on_time=1.0000 loss=-0.0000
INFO:  [DM] epoch 4675/6000 reward=1.5272 profit=0.5272 on_time=1.0000 loss=-0.0000
INFO:  [DM] epoch 4676/6000 reward=1.5305 profit=0.5305 on_time=1.0000 loss=-0.0000
INFO:  [DM] epoch 4677/6000 reward=1.5432 profit=0.5432 on_time=1.0000 loss=-0.0000
INFO:  [DM] epoch 4678/6000 reward=1.5191 profit=0.5191 on_time=1.0000 loss=0.0000
INFO:  [DM] epoch 4679/6000 reward=1.5188 profit=0.5188 on_time=1.0000 loss=0.0000
INFO:  [DM] epoch 4680/6000 reward=1.5253 profit=0.5253 on_time=1.0000 loss=0.0000
INFO:  [DM] epoch 4681/6000 reward=1.5351 profit=0.5351 on_time=1.0000 loss=-0.0000
INFO:  [DM] epoch 4682/6000 reward=1.5523 profit=0.5523 on_time=1.0000 loss=-0.0000
INFO:  [DM] epoch 4683/6000 reward=1.5162 profit=0.5162 on_time=1.0000 loss=-0.0000
INFO:  [DM] epoch 4684/6000 reward=1.5177 profit=0.5177 on_time=1.0000 loss=0.0000
INFO:  [DM] epoch 4685/6000 reward=1.4922 profit=0.4922 on_time=1.0000 loss=-0.0000
INFO:  [DM] epoch 4686/6000 reward=1.4667 profit=0.4667 on_time=1.0000 loss=-0.0000
INFO:  [DM] epoch 4687/6000 reward=1.5084 profit=0.5084 on_time=1.0000 loss=0.0000
INFO:  [DM] epoch 4688/6000 reward=1.5293 profit=0.5293 on_time=1.0000 loss=0.0000
INFO:  [DM] epoch 4689/6000 reward=1.5461 profit=0.5461 on_time=1.0000 loss=0.0000
INFO:  [DM] epoch 4690/6000 reward=1.5260 profit=0.5260 on_time=1.0000 loss=-0.0000
INFO:  [DM] epoch 4691/6000 reward=1.4899 profit=0.4899 on_time=1.0000 loss=-0.0000
INFO:  [DM] epoch 4692/6000 reward=1.5200 profit=0.5200 on_time=1.0000 loss=-0.0000
INFO:  [DM] epoch 4693/6000 reward=1.4992 profit=0.4992 on_time=1.0000 loss=0.0000
INFO:  [DM] epoch 4694/6000 reward=1.5146 profit=0.5146 on_time=1.0000 loss=-0.0000
INFO:  [DM] epoch 4695/6000 reward=1.5305 profit=0.5305 on_time=1.0000 loss=0.0001
INFO:  [DM] epoch 4696/6000 reward=1.5264 profit=0.5264 on_time=1.0000 loss=0.0000
INFO:  [DM] epoch 4697/6000 reward=1.5509 profit=0.5509 on_time=1.0000 loss=-0.0000
INFO:  [DM] epoch 4698/6000 reward=1.5038 profit=0.5038 on_time=1.0000 loss=-0.0000
INFO:  [DM] epoch 4699/6000 reward=1.5726 profit=0.5726 on_time=1.0000 loss=-0.0000
INFO:  [DM] epoch 4700/6000 reward=1.5260 profit=0.5260 on_time=1.0000 loss=-0.0000
INFO:  [DM] epoch 4701/6000 reward=1.5279 profit=0.5279 on_time=1.0000 loss=0.0000
INFO:  [DM] epoch 4702/6000 reward=1.5026 profit=0.5026 on_time=1.0000 loss=-0.0000
INFO:  [DM] epoch 4703/6000 reward=1.5262 profit=0.5262 on_time=1.0000 loss=-0.0000
INFO:  [DM] epoch 4704/6000 reward=1.5084 profit=0.5084 on_time=1.0000 loss=-0.0001
INFO:  [DM] epoch 4705/6000 reward=1.4968 profit=0.4968 on_time=1.0000 loss=0.0000
INFO:  [DM] epoch 4706/6000 reward=1.5050 profit=0.5050 on_time=1.0000 loss=-0.0000
INFO:  [DM] epoch 4707/6000 reward=1.5527 profit=0.5527 on_time=1.0000 loss=0.0000
INFO:  [DM] epoch 4708/6000 reward=1.5293 profit=0.5293 on_time=1.0000 loss=0.0000
INFO:  [DM] epoch 4709/6000 reward=1.5297 profit=0.5297 on_time=1.0000 loss=-0.0000
INFO:  [DM] epoch 4710/6000 reward=1.5022 profit=0.5022 on_time=1.0000 loss=0.0000
INFO:  [DM] epoch 4711/6000 reward=1.5078 profit=0.5078 on_time=1.0000 loss=-0.0007
INFO:  [DM] epoch 4712/6000 reward=1.5371 profit=0.5371 on_time=1.0000 loss=0.0000
INFO:  [DM] epoch 4713/6000 reward=1.5569 profit=0.5569 on_time=1.0000 loss=-0.0001
INFO:  [DM] epoch 4714/6000 reward=1.4944 profit=0.4944 on_time=1.0000 loss=0.0000
INFO:  [DM] epoch 4715/6000 reward=1.4690 profit=0.4847 on_time=0.9844 loss=-0.0020
INFO:  [DM] epoch 4716/6000 reward=1.4818 profit=0.5286 on_time=0.9531 loss=-0.0235
INFO:  [DM] epoch 4717/6000 reward=1.4936 profit=0.5092 on_time=0.9844 loss=-0.0169
INFO:  [DM] epoch 4718/6000 reward=1.5404 profit=0.5404 on_time=1.0000 loss=0.0001
INFO:  [DM] epoch 4719/6000 reward=1.4980 profit=0.4980 on_time=1.0000 loss=0.0000
INFO:  [DM] epoch 4720/6000 reward=1.5039 profit=0.5039 on_time=1.0000 loss=0.0000
INFO:  [DM] epoch 4721/6000 reward=1.5401 profit=0.5401 on_time=1.0000 loss=0.0002
INFO:  [DM] epoch 4722/6000 reward=1.4617 profit=0.4930 on_time=0.9688 loss=-0.0105
INFO:  [DM] epoch 4723/6000 reward=1.4452 profit=0.5390 on_time=0.9062 loss=-0.0905
INFO:  [DM] epoch 4724/6000 reward=1.5101 profit=0.5101 on_time=1.0000 loss=0.0002
INFO:  [DM] epoch 4725/6000 reward=1.5517 profit=0.5517 on_time=1.0000 loss=0.0000
INFO:  [DM] epoch 4726/6000 reward=1.5207 profit=0.5520 on_time=0.9688 loss=-0.0572
INFO:  [DM] epoch 4727/6000 reward=1.5160 profit=0.5160 on_time=1.0000 loss=-0.0000
INFO:  [DM] epoch 4728/6000 reward=1.5247 profit=0.5247 on_time=1.0000 loss=-0.0004
INFO:  [DM] epoch 4729/6000 reward=1.5330 profit=0.5486 on_time=0.9844 loss=-0.0024
INFO:  [DM] epoch 4730/6000 reward=1.5168 profit=0.5168 on_time=1.0000 loss=-0.0001
INFO:  [DM] epoch 4731/6000 reward=1.5276 profit=0.5588 on_time=0.9688 loss=-0.0120
INFO:  [DM] epoch 4732/6000 reward=1.4567 profit=0.4879 on_time=0.9688 loss=-0.0259
INFO:  [DM] epoch 4733/6000 reward=1.5397 profit=0.5553 on_time=0.9844 loss=-0.0013
INFO:  [DM] epoch 4734/6000 reward=1.5614 profit=0.5614 on_time=1.0000 loss=-0.0000
INFO:  [DM] epoch 4735/6000 reward=1.4693 profit=0.4849 on_time=0.9844 loss=-0.0540
INFO:  [DM] epoch 4736/6000 reward=1.4982 profit=0.5138 on_time=0.9844 loss=0.0002
INFO:  [DM] epoch 4737/6000 reward=1.4999 profit=0.5155 on_time=0.9844 loss=-0.0001
INFO:  [DM] epoch 4738/6000 reward=1.4371 profit=0.4840 on_time=0.9531 loss=-0.0001
INFO:  [DM] epoch 4739/6000 reward=1.4588 profit=0.5057 on_time=0.9531 loss=-0.0038
INFO:  [DM] epoch 4740/6000 reward=1.5288 profit=0.5288 on_time=1.0000 loss=0.0000
INFO:  [DM] epoch 4741/6000 reward=1.4368 profit=0.4681 on_time=0.9688 loss=-0.0057
INFO:  [DM] epoch 4742/6000 reward=1.4753 profit=0.4753 on_time=1.0000 loss=-0.0000
INFO:  [DM] epoch 4743/6000 reward=1.5098 profit=0.5411 on_time=0.9688 loss=-0.0070
INFO:  [DM] epoch 4744/6000 reward=1.5461 profit=0.5461 on_time=1.0000 loss=-0.0000
INFO:  [DM] epoch 4745/6000 reward=1.4736 profit=0.4736 on_time=1.0000 loss=0.0000
INFO:  [DM] epoch 4746/6000 reward=1.5122 profit=0.5278 on_time=0.9844 loss=-0.0033
INFO:  [DM] epoch 4747/6000 reward=1.5815 profit=0.5971 on_time=0.9844 loss=-0.0100
INFO:  [DM] epoch 4748/6000 reward=1.5217 profit=0.5217 on_time=1.0000 loss=-0.0000
INFO:  [DM] epoch 4749/6000 reward=1.4802 profit=0.4802 on_time=1.0000 loss=-0.0000
INFO:  [DM] epoch 4750/6000 reward=1.5202 profit=0.5202 on_time=1.0000 loss=-0.0000
INFO:  [DM] epoch 4751/6000 reward=1.5251 profit=0.5407 on_time=0.9844 loss=-0.0003
INFO:  [DM] epoch 4752/6000 reward=1.4837 profit=0.4993 on_time=0.9844 loss=-0.0071
INFO:  [DM] epoch 4753/6000 reward=1.4817 profit=0.4974 on_time=0.9844 loss=-0.0007
INFO:  [DM] epoch 4754/6000 reward=1.4992 profit=0.4992 on_time=1.0000 loss=-0.0000
INFO:  [DM] epoch 4755/6000 reward=1.4724 profit=0.4724 on_time=1.0000 loss=0.0001
INFO:  [DM] epoch 4756/6000 reward=1.5394 profit=0.5394 on_time=1.0000 loss=-0.0000
INFO:  [DM] epoch 4757/6000 reward=1.5534 profit=0.5534 on_time=1.0000 loss=-0.0000
INFO:  [DM] epoch 4758/6000 reward=1.4379 profit=0.4848 on_time=0.9531 loss=-0.0368
INFO:  [DM] epoch 4759/6000 reward=1.5536 profit=0.5536 on_time=1.0000 loss=-0.0000
INFO:  [DM] epoch 4760/6000 reward=1.4952 profit=0.4952 on_time=1.0000 loss=-0.0000
INFO:  [DM] epoch 4761/6000 reward=1.4907 profit=0.4907 on_time=1.0000 loss=-0.0000
INFO:  [DM] epoch 4762/6000 reward=1.5100 profit=0.5100 on_time=1.0000 loss=-0.0000
INFO:  [DM] epoch 4763/6000 reward=1.5062 profit=0.5062 on_time=1.0000 loss=-0.0000
INFO:  [DM] epoch 4764/6000 reward=1.5310 profit=0.5310 on_time=1.0000 loss=-0.0000
INFO:  [DM] epoch 4765/6000 reward=1.4943 profit=0.4943 on_time=1.0000 loss=0.0000
INFO:  [DM] epoch 4766/6000 reward=1.5125 profit=0.5125 on_time=1.0000 loss=-0.0000
INFO:  [DM] epoch 4767/6000 reward=1.4854 profit=0.4854 on_time=1.0000 loss=0.0000
INFO:  [DM] epoch 4768/6000 reward=1.4967 profit=0.5124 on_time=0.9844 loss=-0.0005
INFO:  [DM] epoch 4769/6000 reward=1.5215 profit=0.5215 on_time=1.0000 loss=-0.0000
INFO:  [DM] epoch 4770/6000 reward=1.5503 profit=0.5503 on_time=1.0000 loss=-0.0000
INFO:  [DM] epoch 4771/6000 reward=1.5014 profit=0.5014 on_time=1.0000 loss=0.0000
INFO:  [DM] epoch 4772/6000 reward=1.5259 profit=0.5259 on_time=1.0000 loss=-0.0000
INFO:  [DM] epoch 4773/6000 reward=1.5200 profit=0.5200 on_time=1.0000 loss=-0.0000
INFO:  [DM] epoch 4774/6000 reward=1.5328 profit=0.5328 on_time=1.0000 loss=-0.0000
INFO:  [DM] epoch 4775/6000 reward=1.5501 profit=0.5657 on_time=0.9844 loss=-0.0025
INFO:  [DM] epoch 4776/6000 reward=1.5195 profit=0.5195 on_time=1.0000 loss=-0.0000
INFO:  [DM] epoch 4777/6000 reward=1.5053 profit=0.5210 on_time=0.9844 loss=0.0017
INFO:  [DM] epoch 4778/6000 reward=1.5203 profit=0.5203 on_time=1.0000 loss=-0.0000
INFO:  [DM] epoch 4779/6000 reward=1.5264 profit=0.5264 on_time=1.0000 loss=-0.0002
INFO:  [DM] epoch 4780/6000 reward=1.5262 profit=0.5262 on_time=1.0000 loss=-0.0000
INFO:  [DM] epoch 4781/6000 reward=1.5303 profit=0.5303 on_time=1.0000 loss=-0.0000
INFO:  [DM] epoch 4782/6000 reward=1.5269 profit=0.5269 on_time=1.0000 loss=-0.0000
INFO:  [DM] epoch 4783/6000 reward=1.5132 profit=0.5132 on_time=1.0000 loss=-0.0000
INFO:  [DM] epoch 4784/6000 reward=1.5266 profit=0.5266 on_time=1.0000 loss=0.0000
INFO:  [DM] epoch 4785/6000 reward=1.4991 profit=0.4991 on_time=1.0000 loss=0.0000
INFO:  [DM] epoch 4786/6000 reward=1.5333 profit=0.5333 on_time=1.0000 loss=-0.0000
INFO:  [DM] epoch 4787/6000 reward=1.5081 profit=0.5081 on_time=1.0000 loss=0.0000
INFO:  [DM] epoch 4788/6000 reward=1.5348 profit=0.5348 on_time=1.0000 loss=-0.0000
INFO:  [DM] epoch 4789/6000 reward=1.5577 profit=0.5577 on_time=1.0000 loss=-0.0000
INFO:  [DM] epoch 4790/6000 reward=1.5179 profit=0.5179 on_time=1.0000 loss=-0.0000
INFO:  [DM] epoch 4791/6000 reward=1.5376 profit=0.5376 on_time=1.0000 loss=-0.0000
INFO:  [DM] epoch 4792/6000 reward=1.5744 profit=0.5744 on_time=1.0000 loss=-0.0000
INFO:  [DM] epoch 4793/6000 reward=1.5159 profit=0.5159 on_time=1.0000 loss=-0.0000
INFO:  [DM] epoch 4794/6000 reward=1.5253 profit=0.5253 on_time=1.0000 loss=-0.0000
INFO:  [DM] epoch 4795/6000 reward=1.5016 profit=0.5016 on_time=1.0000 loss=-0.0000
INFO:  [DM] epoch 4796/6000 reward=1.5086 profit=0.5086 on_time=1.0000 loss=-0.0000
INFO:  [DM] epoch 4797/6000 reward=1.5212 profit=0.5212 on_time=1.0000 loss=-0.0000
INFO:  [DM] epoch 4798/6000 reward=1.5591 profit=0.5591 on_time=1.0000 loss=-0.0000
INFO:  [DM] epoch 4799/6000 reward=1.5438 profit=0.5438 on_time=1.0000 loss=-0.0000
INFO:  [DM] epoch 4800/6000 reward=1.4794 profit=0.4794 on_time=1.0000 loss=-0.0000
INFO:  [DM] epoch 4801/6000 reward=1.4975 profit=0.4975 on_time=1.0000 loss=-0.0000
INFO:  [DM] epoch 4802/6000 reward=1.5098 profit=0.5098 on_time=1.0000 loss=-0.0000
INFO:  [DM] epoch 4803/6000 reward=1.5089 profit=0.5089 on_time=1.0000 loss=-0.0000
INFO:  [DM] epoch 4804/6000 reward=1.5487 profit=0.5487 on_time=1.0000 loss=-0.0000
INFO:  [DM] epoch 4805/6000 reward=1.4904 profit=0.4904 on_time=1.0000 loss=0.0001
INFO:  [DM] epoch 4806/6000 reward=1.5393 profit=0.5393 on_time=1.0000 loss=-0.0000
INFO:  [DM] epoch 4807/6000 reward=1.5236 profit=0.5236 on_time=1.0000 loss=0.0000
INFO:  [DM] epoch 4808/6000 reward=1.4958 profit=0.4958 on_time=1.0000 loss=-0.0000
INFO:  [DM] epoch 4809/6000 reward=1.5459 profit=0.5459 on_time=1.0000 loss=0.0000
INFO:  [DM] epoch 4810/6000 reward=1.5200 profit=0.5200 on_time=1.0000 loss=-0.0000
INFO:  [DM] epoch 4811/6000 reward=1.5447 profit=0.5447 on_time=1.0000 loss=-0.0000
INFO:  [DM] epoch 4812/6000 reward=1.5252 profit=0.5252 on_time=1.0000 loss=-0.0000
INFO:  [DM] epoch 4813/6000 reward=1.5234 profit=0.5234 on_time=1.0000 loss=-0.0000
INFO:  [DM] epoch 4814/6000 reward=1.5125 profit=0.5125 on_time=1.0000 loss=0.0000
INFO:  [DM] epoch 4815/6000 reward=1.4972 profit=0.4972 on_time=1.0000 loss=-0.0000
INFO:  [DM] epoch 4816/6000 reward=1.5383 profit=0.5383 on_time=1.0000 loss=-0.0000
INFO:  [DM] epoch 4817/6000 reward=1.5474 profit=0.5474 on_time=1.0000 loss=-0.0000
INFO:  [DM] epoch 4818/6000 reward=1.5239 profit=0.5239 on_time=1.0000 loss=-0.0000
INFO:  [DM] epoch 4819/6000 reward=1.5011 profit=0.5011 on_time=1.0000 loss=-0.0000
INFO:  [DM] epoch 4820/6000 reward=1.5416 profit=0.5416 on_time=1.0000 loss=-0.0000
INFO:  [DM] epoch 4821/6000 reward=1.4910 profit=0.4910 on_time=1.0000 loss=-0.0000
INFO:  [DM] epoch 4822/6000 reward=1.5566 profit=0.5566 on_time=1.0000 loss=-0.0000
INFO:  [DM] epoch 4823/6000 reward=1.5433 profit=0.5433 on_time=1.0000 loss=-0.0000
INFO:  [DM] epoch 4824/6000 reward=1.5423 profit=0.5423 on_time=1.0000 loss=-0.0000
INFO:  [DM] epoch 4825/6000 reward=1.5413 profit=0.5413 on_time=1.0000 loss=-0.0000
INFO:  [DM] epoch 4826/6000 reward=1.5070 profit=0.5070 on_time=1.0000 loss=-0.0000
INFO:  [DM] epoch 4827/6000 reward=1.5517 profit=0.5517 on_time=1.0000 loss=-0.0000
INFO:  [DM] epoch 4828/6000 reward=1.4985 profit=0.4985 on_time=1.0000 loss=0.0000
INFO:  [DM] epoch 4829/6000 reward=1.5419 profit=0.5419 on_time=1.0000 loss=-0.0000
INFO:  [DM] epoch 4830/6000 reward=1.5068 profit=0.5068 on_time=1.0000 loss=-0.0000
INFO:  [DM] epoch 4831/6000 reward=1.5595 profit=0.5595 on_time=1.0000 loss=-0.0000
INFO:  [DM] epoch 4832/6000 reward=1.4790 profit=0.4790 on_time=1.0000 loss=-0.0000
INFO:  [DM] epoch 4833/6000 reward=1.5230 profit=0.5230 on_time=1.0000 loss=-0.0000
INFO:  [DM] epoch 4834/6000 reward=1.4938 profit=0.4938 on_time=1.0000 loss=-0.0000
INFO:  [DM] epoch 4835/6000 reward=1.5608 profit=0.5608 on_time=1.0000 loss=-0.0000
INFO:  [DM] epoch 4836/6000 reward=1.4960 profit=0.4960 on_time=1.0000 loss=-0.0000
INFO:  [DM] epoch 4837/6000 reward=1.5348 profit=0.5348 on_time=1.0000 loss=-0.0000
INFO:  [DM] epoch 4838/6000 reward=1.5104 profit=0.5104 on_time=1.0000 loss=-0.0000
INFO:  [DM] epoch 4839/6000 reward=1.5215 profit=0.5215 on_time=1.0000 loss=-0.0000
INFO:  [DM] epoch 4840/6000 reward=1.5216 profit=0.5216 on_time=1.0000 loss=-0.0000
INFO:  [DM] epoch 4841/6000 reward=1.5522 profit=0.5522 on_time=1.0000 loss=-0.0000
INFO:  [DM] epoch 4842/6000 reward=1.4943 profit=0.4943 on_time=1.0000 loss=0.0000
INFO:  [DM] epoch 4843/6000 reward=1.5335 profit=0.5335 on_time=1.0000 loss=-0.0000
INFO:  [DM] epoch 4844/6000 reward=1.5073 profit=0.5073 on_time=1.0000 loss=-0.0000
INFO:  [DM] epoch 4845/6000 reward=1.4862 profit=0.4862 on_time=1.0000 loss=-0.0000
INFO:  [DM] epoch 4846/6000 reward=1.5327 profit=0.5327 on_time=1.0000 loss=-0.0000
INFO:  [DM] epoch 4847/6000 reward=1.5304 profit=0.5304 on_time=1.0000 loss=-0.0000
INFO:  [DM] epoch 4848/6000 reward=1.5100 profit=0.5100 on_time=1.0000 loss=-0.0000
INFO:  [DM] epoch 4849/6000 reward=1.5278 profit=0.5278 on_time=1.0000 loss=-0.0002
INFO:  [DM] epoch 4850/6000 reward=1.5413 profit=0.5413 on_time=1.0000 loss=-0.0000
INFO:  [DM] epoch 4851/6000 reward=1.5553 profit=0.5553 on_time=1.0000 loss=-0.0012
INFO:  [DM] epoch 4852/6000 reward=1.4841 profit=0.4841 on_time=1.0000 loss=-0.0000
INFO:  [DM] epoch 4853/6000 reward=1.5107 profit=0.5107 on_time=1.0000 loss=-0.0000
INFO:  [DM] epoch 4854/6000 reward=1.4925 profit=0.4925 on_time=1.0000 loss=-0.0000
INFO:  [DM] epoch 4855/6000 reward=1.4996 profit=0.5152 on_time=0.9844 loss=-0.0000
INFO:  [DM] epoch 4856/6000 reward=1.5080 profit=0.5080 on_time=1.0000 loss=0.0000
INFO:  [DM] epoch 4857/6000 reward=1.5243 profit=0.5243 on_time=1.0000 loss=-0.0000
INFO:  [DM] epoch 4858/6000 reward=1.4997 profit=0.4997 on_time=1.0000 loss=-0.0002
INFO:  [DM] epoch 4859/6000 reward=1.5097 profit=0.5097 on_time=1.0000 loss=0.0000
INFO:  [DM] epoch 4860/6000 reward=1.4992 profit=0.5148 on_time=0.9844 loss=-0.0008
INFO:  [DM] epoch 4861/6000 reward=1.4736 profit=0.4892 on_time=0.9844 loss=-0.0009
INFO:  [DM] epoch 4862/6000 reward=1.5201 profit=0.5514 on_time=0.9688 loss=-0.0066
INFO:  [DM] epoch 4863/6000 reward=1.5162 profit=0.5162 on_time=1.0000 loss=-0.0000
INFO:  [DM] epoch 4864/6000 reward=1.5060 profit=0.5060 on_time=1.0000 loss=-0.0000
INFO:  [DM] epoch 4865/6000 reward=1.4902 profit=0.4902 on_time=1.0000 loss=-0.0000
INFO:  [DM] epoch 4866/6000 reward=1.5327 profit=0.5327 on_time=1.0000 loss=-0.0000
INFO:  [DM] epoch 4867/6000 reward=1.5364 profit=0.5364 on_time=1.0000 loss=-0.0000
INFO:  [DM] epoch 4868/6000 reward=1.5185 profit=0.5185 on_time=1.0000 loss=0.0000
INFO:  [DM] epoch 4869/6000 reward=1.5005 profit=0.5005 on_time=1.0000 loss=-0.0000
INFO:  [DM] epoch 4870/6000 reward=1.4979 profit=0.4979 on_time=1.0000 loss=-0.0000
INFO:  [DM] epoch 4871/6000 reward=1.5055 profit=0.5055 on_time=1.0000 loss=-0.0000
INFO:  [DM] epoch 4872/6000 reward=1.5277 profit=0.5277 on_time=1.0000 loss=-0.0017
INFO:  [DM] epoch 4873/6000 reward=1.4823 profit=0.4823 on_time=1.0000 loss=0.0000
INFO:  [DM] epoch 4874/6000 reward=1.5078 profit=0.5078 on_time=1.0000 loss=-0.0000
INFO:  [DM] epoch 4875/6000 reward=1.5055 profit=0.5212 on_time=0.9844 loss=0.0009
INFO:  [DM] epoch 4876/6000 reward=1.5198 profit=0.5198 on_time=1.0000 loss=-0.0001
INFO:  [DM] epoch 4877/6000 reward=1.5431 profit=0.5431 on_time=1.0000 loss=-0.0000
INFO:  [DM] epoch 4878/6000 reward=1.5078 profit=0.5078 on_time=1.0000 loss=-0.0000
INFO:  [DM] epoch 4879/6000 reward=1.5085 profit=0.5241 on_time=0.9844 loss=-0.0009
INFO:  [DM] epoch 4880/6000 reward=1.5246 profit=0.5246 on_time=1.0000 loss=-0.0000
INFO:  [DM] epoch 4881/6000 reward=1.5411 profit=0.5411 on_time=1.0000 loss=0.0000
INFO:  [DM] epoch 4882/6000 reward=1.5147 profit=0.5147 on_time=1.0000 loss=-0.0000
INFO:  [DM] epoch 4883/6000 reward=1.4979 profit=0.4979 on_time=1.0000 loss=-0.0000
INFO:  [DM] epoch 4884/6000 reward=1.5600 profit=0.5600 on_time=1.0000 loss=-0.0000
INFO:  [DM] epoch 4885/6000 reward=1.5172 profit=0.5172 on_time=1.0000 loss=0.0000
INFO:  [DM] epoch 4886/6000 reward=1.4679 profit=0.4679 on_time=1.0000 loss=-0.0000
INFO:  [DM] epoch 4887/6000 reward=1.4939 profit=0.4939 on_time=1.0000 loss=-0.0000
INFO:  [DM] epoch 4888/6000 reward=1.5961 profit=0.5961 on_time=1.0000 loss=-0.0000
INFO:  [DM] epoch 4889/6000 reward=1.5069 profit=0.5069 on_time=1.0000 loss=-0.0000
INFO:  [DM] epoch 4890/6000 reward=1.5113 profit=0.5113 on_time=1.0000 loss=-0.0000
INFO:  [DM] epoch 4891/6000 reward=1.4909 profit=0.4909 on_time=1.0000 loss=-0.0008
INFO:  [DM] epoch 4892/6000 reward=1.5075 profit=0.5075 on_time=1.0000 loss=-0.0000
INFO:  [DM] epoch 4893/6000 reward=1.5257 profit=0.5257 on_time=1.0000 loss=-0.0000
INFO:  [DM] epoch 4894/6000 reward=1.5107 profit=0.5107 on_time=1.0000 loss=-0.0000
INFO:  [DM] epoch 4895/6000 reward=1.5608 profit=0.5608 on_time=1.0000 loss=-0.0000
INFO:  [DM] epoch 4896/6000 reward=1.5811 profit=0.5811 on_time=1.0000 loss=-0.0000
INFO:  [DM] epoch 4897/6000 reward=1.4884 profit=0.5041 on_time=0.9844 loss=-0.0024
INFO:  [DM] epoch 4898/6000 reward=1.5192 profit=0.5192 on_time=1.0000 loss=0.0010
INFO:  [DM] epoch 4899/6000 reward=1.5180 profit=0.5180 on_time=1.0000 loss=0.0000
INFO:  [DM] epoch 4900/6000 reward=1.5527 profit=0.5527 on_time=1.0000 loss=0.0000
INFO:  [DM] epoch 4901/6000 reward=1.5549 profit=0.5549 on_time=1.0000 loss=-0.0000
INFO:  [DM] epoch 4902/6000 reward=1.4973 profit=0.4973 on_time=1.0000 loss=-0.0000
INFO:  [DM] epoch 4903/6000 reward=1.4955 profit=0.4955 on_time=1.0000 loss=-0.0000
INFO:  [DM] epoch 4904/6000 reward=1.4949 profit=0.4949 on_time=1.0000 loss=-0.0000
INFO:  [DM] epoch 4905/6000 reward=1.5034 profit=0.5034 on_time=1.0000 loss=-0.0000
INFO:  [DM] epoch 4906/6000 reward=1.5028 profit=0.5028 on_time=1.0000 loss=0.0000
INFO:  [DM] epoch 4907/6000 reward=1.4494 profit=0.4807 on_time=0.9688 loss=-0.0381
INFO:  [DM] epoch 4908/6000 reward=1.4721 profit=0.5190 on_time=0.9531 loss=-0.0001
INFO:  [DM] epoch 4909/6000 reward=1.5010 profit=0.5010 on_time=1.0000 loss=-0.0039
INFO:  [DM] epoch 4910/6000 reward=1.5618 profit=0.5930 on_time=0.9688 loss=-0.0000
INFO:  [DM] epoch 4911/6000 reward=1.5013 profit=0.5013 on_time=1.0000 loss=0.0000
INFO:  [DM] epoch 4912/6000 reward=1.4206 profit=0.4987 on_time=0.9219 loss=-0.0179
INFO:  [DM] epoch 4913/6000 reward=1.4704 profit=0.5173 on_time=0.9531 loss=-0.0000
INFO:  [DM] epoch 4914/6000 reward=1.4505 profit=0.5286 on_time=0.9219 loss=-0.0119
INFO:  [DM] epoch 4915/6000 reward=1.4998 profit=0.4998 on_time=1.0000 loss=-0.0000
INFO:  [DM] epoch 4916/6000 reward=1.4804 profit=0.4960 on_time=0.9844 loss=-0.0000
INFO:  [DM] epoch 4917/6000 reward=1.4478 profit=0.4946 on_time=0.9531 loss=-0.0075
INFO:  [DM] epoch 4918/6000 reward=1.4955 profit=0.5111 on_time=0.9844 loss=-0.0042
INFO:  [DM] epoch 4919/6000 reward=1.4734 profit=0.4734 on_time=1.0000 loss=-0.0031
INFO:  [DM] epoch 4920/6000 reward=1.5225 profit=0.5225 on_time=1.0000 loss=-0.0000
INFO:  [DM] epoch 4921/6000 reward=1.5322 profit=0.5322 on_time=1.0000 loss=-0.0000
INFO:  [DM] epoch 4922/6000 reward=1.5150 profit=0.5150 on_time=1.0000 loss=-0.0001
INFO:  [DM] epoch 4923/6000 reward=1.5089 profit=0.5089 on_time=1.0000 loss=0.0002
INFO:  [DM] epoch 4924/6000 reward=1.5048 profit=0.5048 on_time=1.0000 loss=-0.0000
INFO:  [DM] epoch 4925/6000 reward=1.5137 profit=0.5137 on_time=1.0000 loss=-0.0000
INFO:  [DM] epoch 4926/6000 reward=1.5057 profit=0.5057 on_time=1.0000 loss=-0.0000
INFO:  [DM] epoch 4927/6000 reward=1.5329 profit=0.5329 on_time=1.0000 loss=-0.0003
INFO:  [DM] epoch 4928/6000 reward=1.4881 profit=0.5038 on_time=0.9844 loss=-0.0286
INFO:  [DM] epoch 4929/6000 reward=1.5003 profit=0.5159 on_time=0.9844 loss=-0.0002
INFO:  [DM] epoch 4930/6000 reward=1.5074 profit=0.5387 on_time=0.9688 loss=-0.0029
INFO:  [DM] epoch 4931/6000 reward=1.5145 profit=0.5458 on_time=0.9688 loss=-0.0022
INFO:  [DM] epoch 4932/6000 reward=1.4561 profit=0.5342 on_time=0.9219 loss=-0.0223
INFO:  [DM] epoch 4933/6000 reward=1.4677 profit=0.5302 on_time=0.9375 loss=-0.0260
INFO:  [DM] epoch 4934/6000 reward=1.4741 profit=0.4898 on_time=0.9844 loss=-0.0000
INFO:  [DM] epoch 4935/6000 reward=1.4931 profit=0.5087 on_time=0.9844 loss=-0.0000
INFO:  [DM] epoch 4936/6000 reward=1.5143 profit=0.5143 on_time=1.0000 loss=0.0000
INFO:  [DM] epoch 4937/6000 reward=1.5314 profit=0.5314 on_time=1.0000 loss=0.0000
INFO:  [DM] epoch 4938/6000 reward=1.5248 profit=0.5248 on_time=1.0000 loss=0.0007
INFO:  [DM] epoch 4939/6000 reward=1.5352 profit=0.5352 on_time=1.0000 loss=0.0000
INFO:  [DM] epoch 4940/6000 reward=1.5233 profit=0.5233 on_time=1.0000 loss=0.0009
INFO:  [DM] epoch 4941/6000 reward=1.5261 profit=0.5261 on_time=1.0000 loss=-0.0000
INFO:  [DM] epoch 4942/6000 reward=1.4902 profit=0.4902 on_time=1.0000 loss=-0.0000
INFO:  [DM] epoch 4943/6000 reward=1.5101 profit=0.5101 on_time=1.0000 loss=0.0000
INFO:  [DM] epoch 4944/6000 reward=1.4964 profit=0.4964 on_time=1.0000 loss=-0.0000
INFO:  [DM] epoch 4945/6000 reward=1.5398 profit=0.5398 on_time=1.0000 loss=-0.0000
INFO:  [DM] epoch 4946/6000 reward=1.5327 profit=0.5327 on_time=1.0000 loss=-0.0000
INFO:  [DM] epoch 4947/6000 reward=1.4947 profit=0.4947 on_time=1.0000 loss=0.0000
INFO:  [DM] epoch 4948/6000 reward=1.5037 profit=0.5037 on_time=1.0000 loss=-0.0000
INFO:  [DM] epoch 4949/6000 reward=1.5525 profit=0.5525 on_time=1.0000 loss=-0.0000
INFO:  [DM] epoch 4950/6000 reward=1.5415 profit=0.5571 on_time=0.9844 loss=-0.0005
INFO:  [DM] epoch 4951/6000 reward=1.4986 profit=0.4986 on_time=1.0000 loss=0.0000
INFO:  [DM] epoch 4952/6000 reward=1.5925 profit=0.5925 on_time=1.0000 loss=0.0000
INFO:  [DM] epoch 4953/6000 reward=1.5417 profit=0.5417 on_time=1.0000 loss=-0.0000
INFO:  [DM] epoch 4954/6000 reward=1.5198 profit=0.5198 on_time=1.0000 loss=0.0000
INFO:  [DM] epoch 4955/6000 reward=1.5600 profit=0.5600 on_time=1.0000 loss=0.0000
INFO:  [DM] epoch 4956/6000 reward=1.5319 profit=0.5319 on_time=1.0000 loss=0.0000
INFO:  [DM] epoch 4957/6000 reward=1.5170 profit=0.5170 on_time=1.0000 loss=-0.0000
INFO:  [DM] epoch 4958/6000 reward=1.5266 profit=0.5266 on_time=1.0000 loss=-0.0000
INFO:  [DM] epoch 4959/6000 reward=1.5333 profit=0.5333 on_time=1.0000 loss=-0.0000
INFO:  [DM] epoch 4960/6000 reward=1.5358 profit=0.5358 on_time=1.0000 loss=-0.0000
INFO:  [DM] epoch 4961/6000 reward=1.5306 profit=0.5306 on_time=1.0000 loss=-0.0000
INFO:  [DM] epoch 4962/6000 reward=1.5350 profit=0.5350 on_time=1.0000 loss=-0.0000
INFO:  [DM] epoch 4963/6000 reward=1.4954 profit=0.4954 on_time=1.0000 loss=-0.0000
INFO:  [DM] epoch 4964/6000 reward=1.4932 profit=0.4932 on_time=1.0000 loss=-0.0000
INFO:  [DM] epoch 4965/6000 reward=1.5189 profit=0.5189 on_time=1.0000 loss=-0.0000
INFO:  [DM] epoch 4966/6000 reward=1.5131 profit=0.5131 on_time=1.0000 loss=0.0000
INFO:  [DM] epoch 4967/6000 reward=1.5366 profit=0.5366 on_time=1.0000 loss=-0.0000
INFO:  [DM] epoch 4968/6000 reward=1.5222 profit=0.5222 on_time=1.0000 loss=-0.0000
INFO:  [DM] epoch 4969/6000 reward=1.5013 profit=0.5013 on_time=1.0000 loss=-0.0000
INFO:  [DM] epoch 4970/6000 reward=1.4840 profit=0.4840 on_time=1.0000 loss=0.0000
INFO:  [DM] epoch 4971/6000 reward=1.5120 profit=0.5120 on_time=1.0000 loss=-0.0000
INFO:  [DM] epoch 4972/6000 reward=1.5737 profit=0.5737 on_time=1.0000 loss=0.0000
INFO:  [DM] epoch 4973/6000 reward=1.4847 profit=0.4847 on_time=1.0000 loss=0.0000
INFO:  [DM] epoch 4974/6000 reward=1.5231 profit=0.5231 on_time=1.0000 loss=-0.0000
INFO:  [DM] epoch 4975/6000 reward=1.4850 profit=0.4850 on_time=1.0000 loss=-0.0000
INFO:  [DM] epoch 4976/6000 reward=1.5025 profit=0.5025 on_time=1.0000 loss=-0.0000
INFO:  [DM] epoch 4977/6000 reward=1.5015 profit=0.5015 on_time=1.0000 loss=-0.0000
INFO:  [DM] epoch 4978/6000 reward=1.4663 profit=0.4663 on_time=1.0000 loss=-0.0000
INFO:  [DM] epoch 4979/6000 reward=1.5147 profit=0.5147 on_time=1.0000 loss=-0.0000
INFO:  [DM] epoch 4980/6000 reward=1.5783 profit=0.5783 on_time=1.0000 loss=0.0000
INFO:  [DM] epoch 4981/6000 reward=1.5364 profit=0.5364 on_time=1.0000 loss=-0.0000
INFO:  [DM] epoch 4982/6000 reward=1.5119 profit=0.5119 on_time=1.0000 loss=0.0000
INFO:  [DM] epoch 4983/6000 reward=1.5432 profit=0.5432 on_time=1.0000 loss=0.0000
INFO:  [DM] epoch 4984/6000 reward=1.5108 profit=0.5108 on_time=1.0000 loss=-0.0000
INFO:  [DM] epoch 4985/6000 reward=1.5324 profit=0.5324 on_time=1.0000 loss=0.0000
INFO:  [DM] epoch 4986/6000 reward=1.5036 profit=0.5036 on_time=1.0000 loss=0.0000
INFO:  [DM] epoch 4987/6000 reward=1.5024 profit=0.5024 on_time=1.0000 loss=-0.0000
INFO:  [DM] epoch 4988/6000 reward=1.5506 profit=0.5506 on_time=1.0000 loss=-0.0000
INFO:  [DM] epoch 4989/6000 reward=1.5010 profit=0.5010 on_time=1.0000 loss=0.0000
INFO:  [DM] epoch 4990/6000 reward=1.5241 profit=0.5241 on_time=1.0000 loss=0.0000
INFO:  [DM] epoch 4991/6000 reward=1.4844 profit=0.5001 on_time=0.9844 loss=-0.0001
INFO:  [DM] epoch 4992/6000 reward=1.5464 profit=0.5464 on_time=1.0000 loss=-0.0000
INFO:  [DM] epoch 4993/6000 reward=1.5797 profit=0.5797 on_time=1.0000 loss=-0.0000
INFO:  [DM] epoch 4994/6000 reward=1.5551 profit=0.5551 on_time=1.0000 loss=-0.0000
INFO:  [DM] epoch 4995/6000 reward=1.5161 profit=0.5161 on_time=1.0000 loss=-0.0000
INFO:  [DM] epoch 4996/6000 reward=1.5010 profit=0.5010 on_time=1.0000 loss=-0.0000
INFO:  [DM] epoch 4997/6000 reward=1.4566 profit=0.4723 on_time=0.9844 loss=-0.0038
INFO:  [DM] epoch 4998/6000 reward=1.5599 profit=0.5599 on_time=1.0000 loss=0.0000
INFO:  [DM] epoch 4999/6000 reward=1.5105 profit=0.5105 on_time=1.0000 loss=0.0000
INFO:  [DM] epoch 5000/6000 reward=1.5258 profit=0.5258 on_time=1.0000 loss=-0.0000
INFO:  [DM] epoch 5001/6000 reward=1.5143 profit=0.5143 on_time=1.0000 loss=-0.0000
INFO:  [DM] epoch 5002/6000 reward=1.4797 profit=0.4953 on_time=0.9844 loss=-0.0223
INFO:  [DM] epoch 5003/6000 reward=1.4831 profit=0.4831 on_time=1.0000 loss=-0.0002
INFO:  [DM] epoch 5004/6000 reward=1.5332 profit=0.5332 on_time=1.0000 loss=0.0000
INFO:  [DM] epoch 5005/6000 reward=1.5227 profit=0.5383 on_time=0.9844 loss=-0.0001
INFO:  [DM] epoch 5006/6000 reward=1.5163 profit=0.5163 on_time=1.0000 loss=-0.0000
INFO:  [DM] epoch 5007/6000 reward=1.5289 profit=0.5289 on_time=1.0000 loss=0.0000
INFO:  [DM] epoch 5008/6000 reward=1.5382 profit=0.5382 on_time=1.0000 loss=-0.0000
INFO:  [DM] epoch 5009/6000 reward=1.4995 profit=0.4995 on_time=1.0000 loss=0.0000
INFO:  [DM] epoch 5010/6000 reward=1.5026 profit=0.5026 on_time=1.0000 loss=-0.0000
INFO:  [DM] epoch 5011/6000 reward=1.4956 profit=0.4956 on_time=1.0000 loss=-0.0000
INFO:  [DM] epoch 5012/6000 reward=1.4614 profit=0.4614 on_time=1.0000 loss=-0.0000
INFO:  [DM] epoch 5013/6000 reward=1.5022 profit=0.5178 on_time=0.9844 loss=-0.0032
INFO:  [DM] epoch 5014/6000 reward=1.5333 profit=0.5333 on_time=1.0000 loss=0.0000
INFO:  [DM] epoch 5015/6000 reward=1.4626 profit=0.4782 on_time=0.9844 loss=-0.0159
INFO:  [DM] epoch 5016/6000 reward=1.4667 profit=0.4824 on_time=0.9844 loss=-0.0088
INFO:  [DM] epoch 5017/6000 reward=1.5603 profit=0.5603 on_time=1.0000 loss=-0.0000
INFO:  [DM] epoch 5018/6000 reward=1.5098 profit=0.5098 on_time=1.0000 loss=-0.0000
INFO:  [DM] epoch 5019/6000 reward=1.5086 profit=0.5086 on_time=1.0000 loss=-0.0000
INFO:  [DM] epoch 5020/6000 reward=1.5126 profit=0.5282 on_time=0.9844 loss=-0.0149
INFO:  [DM] epoch 5021/6000 reward=1.4893 profit=0.4893 on_time=1.0000 loss=-0.0000
INFO:  [DM] epoch 5022/6000 reward=1.5241 profit=0.5241 on_time=1.0000 loss=-0.0000
INFO:  [DM] epoch 5023/6000 reward=1.5184 profit=0.5184 on_time=1.0000 loss=-0.0000
INFO:  [DM] epoch 5024/6000 reward=1.5357 profit=0.5357 on_time=1.0000 loss=0.0000
INFO:  [DM] epoch 5025/6000 reward=1.5289 profit=0.5289 on_time=1.0000 loss=0.0000
INFO:  [DM] epoch 5026/6000 reward=1.5145 profit=0.5301 on_time=0.9844 loss=-0.0019
INFO:  [DM] epoch 5027/6000 reward=1.5147 profit=0.5147 on_time=1.0000 loss=-0.0000
INFO:  [DM] epoch 5028/6000 reward=1.4922 profit=0.4922 on_time=1.0000 loss=-0.0000
INFO:  [DM] epoch 5029/6000 reward=1.5213 profit=0.5213 on_time=1.0000 loss=-0.0000
INFO:  [DM] epoch 5030/6000 reward=1.5210 profit=0.5210 on_time=1.0000 loss=-0.0000
INFO:  [DM] epoch 5031/6000 reward=1.5427 profit=0.5427 on_time=1.0000 loss=-0.0000
INFO:  [DM] epoch 5032/6000 reward=1.5334 profit=0.5490 on_time=0.9844 loss=-0.0000
INFO:  [DM] epoch 5033/6000 reward=1.5138 profit=0.5138 on_time=1.0000 loss=0.0000
INFO:  [DM] epoch 5034/6000 reward=1.5080 profit=0.5080 on_time=1.0000 loss=-0.0000
INFO:  [DM] epoch 5035/6000 reward=1.5085 profit=0.5085 on_time=1.0000 loss=-0.0000
INFO:  [DM] epoch 5036/6000 reward=1.5073 profit=0.5073 on_time=1.0000 loss=-0.0000
INFO:  [DM] epoch 5037/6000 reward=1.5223 profit=0.5223 on_time=1.0000 loss=-0.0004
INFO:  [DM] epoch 5038/6000 reward=1.5099 profit=0.5099 on_time=1.0000 loss=-0.0000
INFO:  [DM] epoch 5039/6000 reward=1.5192 profit=0.5192 on_time=1.0000 loss=-0.0000
INFO:  [DM] epoch 5040/6000 reward=1.5348 profit=0.5504 on_time=0.9844 loss=-0.0006
INFO:  [DM] epoch 5041/6000 reward=1.4890 profit=0.4890 on_time=1.0000 loss=-0.0000
INFO:  [DM] epoch 5042/6000 reward=1.5003 profit=0.5159 on_time=0.9844 loss=-0.0008
INFO:  [DM] epoch 5043/6000 reward=1.5040 profit=0.5040 on_time=1.0000 loss=0.0000
INFO:  [DM] epoch 5044/6000 reward=1.5180 profit=0.5180 on_time=1.0000 loss=-0.0000
INFO:  [DM] epoch 5045/6000 reward=1.5472 profit=0.5472 on_time=1.0000 loss=-0.0000
INFO:  [DM] epoch 5046/6000 reward=1.5057 profit=0.5057 on_time=1.0000 loss=0.0000
INFO:  [DM] epoch 5047/6000 reward=1.5031 profit=0.5187 on_time=0.9844 loss=-0.0102
INFO:  [DM] epoch 5048/6000 reward=1.4845 profit=0.5001 on_time=0.9844 loss=-0.0000
INFO:  [DM] epoch 5049/6000 reward=1.4715 profit=0.4871 on_time=0.9844 loss=-0.0002
INFO:  [DM] epoch 5050/6000 reward=1.4938 profit=0.5094 on_time=0.9844 loss=0.0000
INFO:  [DM] epoch 5051/6000 reward=1.5458 profit=0.5458 on_time=1.0000 loss=-0.0024
INFO:  [DM] epoch 5052/6000 reward=1.5079 profit=0.5236 on_time=0.9844 loss=-0.0004
INFO:  [DM] epoch 5053/6000 reward=1.4762 profit=0.5074 on_time=0.9688 loss=-0.0016
INFO:  [DM] epoch 5054/6000 reward=1.4464 profit=0.5089 on_time=0.9375 loss=-0.0076
INFO:  [DM] epoch 5055/6000 reward=1.5053 profit=0.5365 on_time=0.9688 loss=-0.0377
INFO:  [DM] epoch 5056/6000 reward=1.5077 profit=0.5390 on_time=0.9688 loss=-0.0024
INFO:  [DM] epoch 5057/6000 reward=1.5023 profit=0.5180 on_time=0.9844 loss=-0.0021
INFO:  [DM] epoch 5058/6000 reward=1.5051 profit=0.5051 on_time=1.0000 loss=0.0000
INFO:  [DM] epoch 5059/6000 reward=1.5341 profit=0.5341 on_time=1.0000 loss=-0.0000
INFO:  [DM] epoch 5060/6000 reward=1.4897 profit=0.5054 on_time=0.9844 loss=-0.0036
INFO:  [DM] epoch 5061/6000 reward=1.4955 profit=0.4955 on_time=1.0000 loss=0.0000
INFO:  [DM] epoch 5062/6000 reward=1.5166 profit=0.5166 on_time=1.0000 loss=-0.0000
INFO:  [DM] epoch 5063/6000 reward=1.4997 profit=0.4997 on_time=1.0000 loss=0.0000
INFO:  [DM] epoch 5064/6000 reward=1.5174 profit=0.5174 on_time=1.0000 loss=0.0000
INFO:  [DM] epoch 5065/6000 reward=1.5370 profit=0.5370 on_time=1.0000 loss=-0.0000
INFO:  [DM] epoch 5066/6000 reward=1.4891 profit=0.5047 on_time=0.9844 loss=-0.0000
INFO:  [DM] epoch 5067/6000 reward=1.5217 profit=0.5217 on_time=1.0000 loss=-0.0000
INFO:  [DM] epoch 5068/6000 reward=1.5357 profit=0.5357 on_time=1.0000 loss=-0.0001
INFO:  [DM] epoch 5069/6000 reward=1.5161 profit=0.5161 on_time=1.0000 loss=0.0048
INFO:  [DM] epoch 5070/6000 reward=1.5713 profit=0.5713 on_time=1.0000 loss=0.0000
INFO:  [DM] epoch 5071/6000 reward=1.5352 profit=0.5352 on_time=1.0000 loss=0.0000
INFO:  [DM] epoch 5072/6000 reward=1.5254 profit=0.5254 on_time=1.0000 loss=-0.0000
INFO:  [DM] epoch 5073/6000 reward=1.5518 profit=0.5518 on_time=1.0000 loss=-0.0000
INFO:  [DM] epoch 5074/6000 reward=1.4890 profit=0.4890 on_time=1.0000 loss=-0.0000
INFO:  [DM] epoch 5075/6000 reward=1.5341 profit=0.5341 on_time=1.0000 loss=-0.0000
INFO:  [DM] epoch 5076/6000 reward=1.4780 profit=0.4780 on_time=1.0000 loss=-0.0000
INFO:  [DM] epoch 5077/6000 reward=1.5211 profit=0.5368 on_time=0.9844 loss=-0.0000
INFO:  [DM] epoch 5078/6000 reward=1.5244 profit=0.5244 on_time=1.0000 loss=-0.0000
INFO:  [DM] epoch 5079/6000 reward=1.5260 profit=0.5260 on_time=1.0000 loss=-0.0000
INFO:  [DM] epoch 5080/6000 reward=1.5378 profit=0.5378 on_time=1.0000 loss=-0.0000
INFO:  [DM] epoch 5081/6000 reward=1.5549 profit=0.5549 on_time=1.0000 loss=-0.0000
INFO:  [DM] epoch 5082/6000 reward=1.5075 profit=0.5231 on_time=0.9844 loss=-0.0001
INFO:  [DM] epoch 5083/6000 reward=1.5309 profit=0.5309 on_time=1.0000 loss=-0.0000
INFO:  [DM] epoch 5084/6000 reward=1.5075 profit=0.5075 on_time=1.0000 loss=0.0000
INFO:  [DM] epoch 5085/6000 reward=1.4949 profit=0.4949 on_time=1.0000 loss=0.0000
INFO:  [DM] epoch 5086/6000 reward=1.5438 profit=0.5438 on_time=1.0000 loss=-0.0000
INFO:  [DM] epoch 5087/6000 reward=1.5131 profit=0.5131 on_time=1.0000 loss=-0.0000
INFO:  [DM] epoch 5088/6000 reward=1.4935 profit=0.4935 on_time=1.0000 loss=-0.0000
INFO:  [DM] epoch 5089/6000 reward=1.5086 profit=0.5086 on_time=1.0000 loss=-0.0000
INFO:  [DM] epoch 5090/6000 reward=1.4708 profit=0.4708 on_time=1.0000 loss=-0.0000
INFO:  [DM] epoch 5091/6000 reward=1.5051 profit=0.5051 on_time=1.0000 loss=0.0000
INFO:  [DM] epoch 5092/6000 reward=1.4883 profit=0.4883 on_time=1.0000 loss=0.0000
INFO:  [DM] epoch 5093/6000 reward=1.5393 profit=0.5393 on_time=1.0000 loss=-0.0000
INFO:  [DM] epoch 5094/6000 reward=1.5240 profit=0.5240 on_time=1.0000 loss=-0.0000
INFO:  [DM] epoch 5095/6000 reward=1.5367 profit=0.5367 on_time=1.0000 loss=-0.0000
INFO:  [DM] epoch 5096/6000 reward=1.5050 profit=0.5050 on_time=1.0000 loss=-0.0000
INFO:  [DM] epoch 5097/6000 reward=1.5486 profit=0.5486 on_time=1.0000 loss=-0.0000
INFO:  [DM] epoch 5098/6000 reward=1.5537 profit=0.5537 on_time=1.0000 loss=0.0000
INFO:  [DM] epoch 5099/6000 reward=1.5024 profit=0.5024 on_time=1.0000 loss=-0.0000
INFO:  [DM] epoch 5100/6000 reward=1.5011 profit=0.5011 on_time=1.0000 loss=0.0000
INFO:  [DM] epoch 5101/6000 reward=1.5478 profit=0.5478 on_time=1.0000 loss=-0.0000
INFO:  [DM] epoch 5102/6000 reward=1.5156 profit=0.5156 on_time=1.0000 loss=-0.0000
INFO:  [DM] epoch 5103/6000 reward=1.5508 profit=0.5508 on_time=1.0000 loss=0.0000
INFO:  [DM] epoch 5104/6000 reward=1.5543 profit=0.5543 on_time=1.0000 loss=-0.0000
INFO:  [DM] epoch 5105/6000 reward=1.5061 profit=0.5061 on_time=1.0000 loss=0.0000
INFO:  [DM] epoch 5106/6000 reward=1.5374 profit=0.5374 on_time=1.0000 loss=-0.0000
INFO:  [DM] epoch 5107/6000 reward=1.5139 profit=0.5139 on_time=1.0000 loss=-0.0000
INFO:  [DM] epoch 5108/6000 reward=1.5237 profit=0.5237 on_time=1.0000 loss=-0.0000
INFO:  [DM] epoch 5109/6000 reward=1.5258 profit=0.5258 on_time=1.0000 loss=-0.0000
INFO:  [DM] epoch 5110/6000 reward=1.4783 profit=0.4783 on_time=1.0000 loss=-0.0000
INFO:  [DM] epoch 5111/6000 reward=1.5231 profit=0.5231 on_time=1.0000 loss=-0.0000
INFO:  [DM] epoch 5112/6000 reward=1.5310 profit=0.5310 on_time=1.0000 loss=-0.0011
INFO:  [DM] epoch 5113/6000 reward=1.5467 profit=0.5467 on_time=1.0000 loss=0.0000
INFO:  [DM] epoch 5114/6000 reward=1.5077 profit=0.5077 on_time=1.0000 loss=-0.0000
INFO:  [DM] epoch 5115/6000 reward=1.4975 profit=0.4975 on_time=1.0000 loss=-0.0000
INFO:  [DM] epoch 5116/6000 reward=1.5211 profit=0.5211 on_time=1.0000 loss=-0.0000
INFO:  [DM] epoch 5117/6000 reward=1.4939 profit=0.4939 on_time=1.0000 loss=-0.0000
INFO:  [DM] epoch 5118/6000 reward=1.5178 profit=0.5178 on_time=1.0000 loss=-0.0000
INFO:  [DM] epoch 5119/6000 reward=1.4863 profit=0.5019 on_time=0.9844 loss=-0.0030
INFO:  [DM] epoch 5120/6000 reward=1.5217 profit=0.5373 on_time=0.9844 loss=-0.0091
INFO:  [DM] epoch 5121/6000 reward=1.4881 profit=0.5038 on_time=0.9844 loss=-0.0000
INFO:  [DM] epoch 5122/6000 reward=1.5480 profit=0.5480 on_time=1.0000 loss=-0.0000
INFO:  [DM] epoch 5123/6000 reward=1.5192 profit=0.5192 on_time=1.0000 loss=-0.0000
INFO:  [DM] epoch 5124/6000 reward=1.5712 profit=0.5712 on_time=1.0000 loss=-0.0000
INFO:  [DM] epoch 5125/6000 reward=1.4571 profit=0.4727 on_time=0.9844 loss=-0.0048
INFO:  [DM] epoch 5126/6000 reward=1.5380 profit=0.5380 on_time=1.0000 loss=-0.0000
INFO:  [DM] epoch 5127/6000 reward=1.5436 profit=0.5436 on_time=1.0000 loss=-0.0000
INFO:  [DM] epoch 5128/6000 reward=1.5309 profit=0.5309 on_time=1.0000 loss=-0.0000
INFO:  [DM] epoch 5129/6000 reward=1.5864 profit=0.5864 on_time=1.0000 loss=-0.0000
INFO:  [DM] epoch 5130/6000 reward=1.4964 profit=0.4964 on_time=1.0000 loss=-0.0000
INFO:  [DM] epoch 5131/6000 reward=1.5003 profit=0.5003 on_time=1.0000 loss=-0.0000
INFO:  [DM] epoch 5132/6000 reward=1.4997 profit=0.4997 on_time=1.0000 loss=-0.0000
INFO:  [DM] epoch 5133/6000 reward=1.4952 profit=0.4952 on_time=1.0000 loss=-0.0000
INFO:  [DM] epoch 5134/6000 reward=1.5147 profit=0.5147 on_time=1.0000 loss=-0.0000
INFO:  [DM] epoch 5135/6000 reward=1.5612 profit=0.5612 on_time=1.0000 loss=0.0009
INFO:  [DM] epoch 5136/6000 reward=1.4908 profit=0.5065 on_time=0.9844 loss=-0.0034
INFO:  [DM] epoch 5137/6000 reward=1.5638 profit=0.5638 on_time=1.0000 loss=0.0000
INFO:  [DM] epoch 5138/6000 reward=1.5138 profit=0.5138 on_time=1.0000 loss=-0.0000
INFO:  [DM] epoch 5139/6000 reward=1.4957 profit=0.4957 on_time=1.0000 loss=-0.0000
INFO:  [DM] epoch 5140/6000 reward=1.4974 profit=0.4974 on_time=1.0000 loss=-0.0000
INFO:  [DM] epoch 5141/6000 reward=1.4927 profit=0.5084 on_time=0.9844 loss=-0.0012
INFO:  [DM] epoch 5142/6000 reward=1.5096 profit=0.5096 on_time=1.0000 loss=-0.0000
INFO:  [DM] epoch 5143/6000 reward=1.4771 profit=0.4771 on_time=1.0000 loss=-0.0000
INFO:  [DM] epoch 5144/6000 reward=1.5013 profit=0.5013 on_time=1.0000 loss=-0.0000
INFO:  [DM] epoch 5145/6000 reward=1.5451 profit=0.5451 on_time=1.0000 loss=-0.0000
INFO:  [DM] epoch 5146/6000 reward=1.5782 profit=0.5782 on_time=1.0000 loss=-0.0037
INFO:  [DM] epoch 5147/6000 reward=1.5418 profit=0.5418 on_time=1.0000 loss=-0.0000
INFO:  [DM] epoch 5148/6000 reward=1.4994 profit=0.5150 on_time=0.9844 loss=-0.0000
INFO:  [DM] epoch 5149/6000 reward=1.4612 profit=0.4925 on_time=0.9688 loss=-0.0011
INFO:  [DM] epoch 5150/6000 reward=1.4929 profit=0.4929 on_time=1.0000 loss=-0.0001
INFO:  [DM] epoch 5151/6000 reward=1.4865 profit=0.5022 on_time=0.9844 loss=-0.0001
INFO:  [DM] epoch 5152/6000 reward=1.4873 profit=0.4873 on_time=1.0000 loss=-0.0000
INFO:  [DM] epoch 5153/6000 reward=1.5031 profit=0.5343 on_time=0.9688 loss=-0.0008
INFO:  [DM] epoch 5154/6000 reward=1.5390 profit=0.5546 on_time=0.9844 loss=-0.0034
INFO:  [DM] epoch 5155/6000 reward=1.5339 profit=0.5339 on_time=1.0000 loss=-0.0000
INFO:  [DM] epoch 5156/6000 reward=1.5022 profit=0.5178 on_time=0.9844 loss=0.0001
INFO:  [DM] epoch 5157/6000 reward=1.5635 profit=0.5635 on_time=1.0000 loss=0.0000
INFO:  [DM] epoch 5158/6000 reward=1.4900 profit=0.5212 on_time=0.9688 loss=-0.0002
INFO:  [DM] epoch 5159/6000 reward=1.5382 profit=0.5539 on_time=0.9844 loss=-0.0004
INFO:  [DM] epoch 5160/6000 reward=1.5123 profit=0.5123 on_time=1.0000 loss=-0.0001
INFO:  [DM] epoch 5161/6000 reward=1.4868 profit=0.5337 on_time=0.9531 loss=-0.0005
INFO:  [DM] epoch 5162/6000 reward=1.5137 profit=0.5293 on_time=0.9844 loss=-0.0013
INFO:  [DM] epoch 5163/6000 reward=1.4953 profit=0.5421 on_time=0.9531 loss=-0.0064
INFO:  [DM] epoch 5164/6000 reward=1.5064 profit=0.5533 on_time=0.9531 loss=-0.0434
INFO:  [DM] epoch 5165/6000 reward=1.4973 profit=0.5129 on_time=0.9844 loss=0.0000
INFO:  [DM] epoch 5166/6000 reward=1.5151 profit=0.5151 on_time=1.0000 loss=-0.0000
INFO:  [DM] epoch 5167/6000 reward=1.5105 profit=0.5105 on_time=1.0000 loss=-0.0000
INFO:  [DM] epoch 5168/6000 reward=1.5574 profit=0.5574 on_time=1.0000 loss=-0.0000
INFO:  [DM] epoch 5169/6000 reward=1.5065 profit=0.5065 on_time=1.0000 loss=-0.0000
INFO:  [DM] epoch 5170/6000 reward=1.5202 profit=0.5202 on_time=1.0000 loss=-0.0000
INFO:  [DM] epoch 5171/6000 reward=1.5297 profit=0.5297 on_time=1.0000 loss=-0.0000
INFO:  [DM] epoch 5172/6000 reward=1.4976 profit=0.4976 on_time=1.0000 loss=-0.0000
INFO:  [DM] epoch 5173/6000 reward=1.4985 profit=0.4985 on_time=1.0000 loss=0.0000
INFO:  [DM] epoch 5174/6000 reward=1.4924 profit=0.4924 on_time=1.0000 loss=-0.0000
INFO:  [DM] epoch 5175/6000 reward=1.5280 profit=0.5280 on_time=1.0000 loss=-0.0000
INFO:  [DM] epoch 5176/6000 reward=1.5221 profit=0.5221 on_time=1.0000 loss=-0.0000
INFO:  [DM] epoch 5177/6000 reward=1.5084 profit=0.5084 on_time=1.0000 loss=-0.0000
INFO:  [DM] epoch 5178/6000 reward=1.5450 profit=0.5450 on_time=1.0000 loss=-0.0000
INFO:  [DM] epoch 5179/6000 reward=1.5142 profit=0.5142 on_time=1.0000 loss=-0.0000
INFO:  [DM] epoch 5180/6000 reward=1.5382 profit=0.5382 on_time=1.0000 loss=-0.0000
INFO:  [DM] epoch 5181/6000 reward=1.5018 profit=0.5018 on_time=1.0000 loss=0.0000
INFO:  [DM] epoch 5182/6000 reward=1.5156 profit=0.5156 on_time=1.0000 loss=-0.0000
INFO:  [DM] epoch 5183/6000 reward=1.5160 profit=0.5160 on_time=1.0000 loss=-0.0000
INFO:  [DM] epoch 5184/6000 reward=1.5271 profit=0.5271 on_time=1.0000 loss=-0.0000
INFO:  [DM] epoch 5185/6000 reward=1.5083 profit=0.5083 on_time=1.0000 loss=-0.0000
INFO:  [DM] epoch 5186/6000 reward=1.5391 profit=0.5391 on_time=1.0000 loss=-0.0000
INFO:  [DM] epoch 5187/6000 reward=1.5529 profit=0.5529 on_time=1.0000 loss=-0.0000
INFO:  [DM] epoch 5188/6000 reward=1.5037 profit=0.5037 on_time=1.0000 loss=-0.0000
INFO:  [DM] epoch 5189/6000 reward=1.5471 profit=0.5471 on_time=1.0000 loss=-0.0000
INFO:  [DM] epoch 5190/6000 reward=1.5320 profit=0.5320 on_time=1.0000 loss=-0.0000
INFO:  [DM] epoch 5191/6000 reward=1.5324 profit=0.5324 on_time=1.0000 loss=-0.0000
INFO:  [DM] epoch 5192/6000 reward=1.5361 profit=0.5361 on_time=1.0000 loss=-0.0000
INFO:  [DM] epoch 5193/6000 reward=1.5018 profit=0.5174 on_time=0.9844 loss=-0.0013
INFO:  [DM] epoch 5194/6000 reward=1.5048 profit=0.5048 on_time=1.0000 loss=-0.0000
INFO:  [DM] epoch 5195/6000 reward=1.5235 profit=0.5235 on_time=1.0000 loss=-0.0001
INFO:  [DM] epoch 5196/6000 reward=1.5513 profit=0.5513 on_time=1.0000 loss=-0.0000
INFO:  [DM] epoch 5197/6000 reward=1.5116 profit=0.5116 on_time=1.0000 loss=-0.0000
INFO:  [DM] epoch 5198/6000 reward=1.4771 profit=0.4927 on_time=0.9844 loss=-0.0028
INFO:  [DM] epoch 5199/6000 reward=1.5234 profit=0.5234 on_time=1.0000 loss=-0.0000
INFO:  [DM] epoch 5200/6000 reward=1.4959 profit=0.4959 on_time=1.0000 loss=-0.0000
INFO:  [DM] epoch 5201/6000 reward=1.4945 profit=0.4945 on_time=1.0000 loss=-0.0000
INFO:  [DM] epoch 5202/6000 reward=1.4968 profit=0.4968 on_time=1.0000 loss=-0.0000
INFO:  [DM] epoch 5203/6000 reward=1.5105 profit=0.5105 on_time=1.0000 loss=-0.0000
INFO:  [DM] epoch 5204/6000 reward=1.5194 profit=0.5194 on_time=1.0000 loss=-0.0000
INFO:  [DM] epoch 5205/6000 reward=1.4970 profit=0.4970 on_time=1.0000 loss=-0.0000
INFO:  [DM] epoch 5206/6000 reward=1.5489 profit=0.5489 on_time=1.0000 loss=-0.0000
INFO:  [DM] epoch 5207/6000 reward=1.4800 profit=0.4800 on_time=1.0000 loss=-0.0000
INFO:  [DM] epoch 5208/6000 reward=1.5071 profit=0.5071 on_time=1.0000 loss=-0.0000
INFO:  [DM] epoch 5209/6000 reward=1.5509 profit=0.5509 on_time=1.0000 loss=-0.0000
INFO:  [DM] epoch 5210/6000 reward=1.5212 profit=0.5212 on_time=1.0000 loss=-0.0000
INFO:  [DM] epoch 5211/6000 reward=1.5738 profit=0.5738 on_time=1.0000 loss=-0.0000
INFO:  [DM] epoch 5212/6000 reward=1.5199 profit=0.5199 on_time=1.0000 loss=-0.0000
INFO:  [DM] epoch 5213/6000 reward=1.4981 profit=0.4981 on_time=1.0000 loss=-0.0000
INFO:  [DM] epoch 5214/6000 reward=1.5400 profit=0.5400 on_time=1.0000 loss=0.0000
INFO:  [DM] epoch 5215/6000 reward=1.4913 profit=0.4913 on_time=1.0000 loss=-0.0000
INFO:  [DM] epoch 5216/6000 reward=1.5030 profit=0.5030 on_time=1.0000 loss=-0.0000
INFO:  [DM] epoch 5217/6000 reward=1.5067 profit=0.5067 on_time=1.0000 loss=-0.0000
INFO:  [DM] epoch 5218/6000 reward=1.5055 profit=0.5055 on_time=1.0000 loss=-0.0000
INFO:  [DM] epoch 5219/6000 reward=1.5466 profit=0.5466 on_time=1.0000 loss=-0.0000
INFO:  [DM] epoch 5220/6000 reward=1.5249 profit=0.5249 on_time=1.0000 loss=-0.0000
INFO:  [DM] epoch 5221/6000 reward=1.5428 profit=0.5428 on_time=1.0000 loss=-0.0000
INFO:  [DM] epoch 5222/6000 reward=1.4984 profit=0.4984 on_time=1.0000 loss=-0.0000
INFO:  [DM] epoch 5223/6000 reward=1.5145 profit=0.5145 on_time=1.0000 loss=-0.0000
INFO:  [DM] epoch 5224/6000 reward=1.5269 profit=0.5269 on_time=1.0000 loss=-0.0000
INFO:  [DM] epoch 5225/6000 reward=1.5809 profit=0.5809 on_time=1.0000 loss=0.0000
INFO:  [DM] epoch 5226/6000 reward=1.5048 profit=0.5048 on_time=1.0000 loss=-0.0000
INFO:  [DM] epoch 5227/6000 reward=1.5516 profit=0.5516 on_time=1.0000 loss=-0.0000
INFO:  [DM] epoch 5228/6000 reward=1.4802 profit=0.4802 on_time=1.0000 loss=0.0000
INFO:  [DM] epoch 5229/6000 reward=1.5070 profit=0.5070 on_time=1.0000 loss=-0.0000
INFO:  [DM] epoch 5230/6000 reward=1.5687 profit=0.5687 on_time=1.0000 loss=0.0000
INFO:  [DM] epoch 5231/6000 reward=1.4850 profit=0.4850 on_time=1.0000 loss=0.0000
INFO:  [DM] epoch 5232/6000 reward=1.5430 profit=0.5430 on_time=1.0000 loss=-0.0000
INFO:  [DM] epoch 5233/6000 reward=1.5433 profit=0.5433 on_time=1.0000 loss=-0.0000
INFO:  [DM] epoch 5234/6000 reward=1.5376 profit=0.5376 on_time=1.0000 loss=-0.0000
INFO:  [DM] epoch 5235/6000 reward=1.5069 profit=0.5069 on_time=1.0000 loss=-0.0000
INFO:  [DM] epoch 5236/6000 reward=1.5368 profit=0.5368 on_time=1.0000 loss=-0.0000
INFO:  [DM] epoch 5237/6000 reward=1.5080 profit=0.5080 on_time=1.0000 loss=-0.0000
INFO:  [DM] epoch 5238/6000 reward=1.5298 profit=0.5298 on_time=1.0000 loss=-0.0000
INFO:  [DM] epoch 5239/6000 reward=1.5174 profit=0.5174 on_time=1.0000 loss=-0.0000
INFO:  [DM] epoch 5240/6000 reward=1.5137 profit=0.5137 on_time=1.0000 loss=0.0000
INFO:  [DM] epoch 5241/6000 reward=1.5143 profit=0.5143 on_time=1.0000 loss=-0.0000
INFO:  [DM] epoch 5242/6000 reward=1.4857 profit=0.4857 on_time=1.0000 loss=-0.0000
INFO:  [DM] epoch 5243/6000 reward=1.5142 profit=0.5142 on_time=1.0000 loss=-0.0000
INFO:  [DM] epoch 5244/6000 reward=1.5165 profit=0.5165 on_time=1.0000 loss=-0.0000
INFO:  [DM] epoch 5245/6000 reward=1.4739 profit=0.4739 on_time=1.0000 loss=-0.0000
INFO:  [DM] epoch 5246/6000 reward=1.4886 profit=0.4886 on_time=1.0000 loss=-0.0000
INFO:  [DM] epoch 5247/6000 reward=1.5218 profit=0.5218 on_time=1.0000 loss=-0.0000
INFO:  [DM] epoch 5248/6000 reward=1.5227 profit=0.5227 on_time=1.0000 loss=-0.0000
INFO:  [DM] epoch 5249/6000 reward=1.5074 profit=0.5074 on_time=1.0000 loss=-0.0000
INFO:  [DM] epoch 5250/6000 reward=1.5391 profit=0.5391 on_time=1.0000 loss=0.0000
INFO:  [DM] epoch 5251/6000 reward=1.5240 profit=0.5240 on_time=1.0000 loss=0.0000
INFO:  [DM] epoch 5252/6000 reward=1.5001 profit=0.5001 on_time=1.0000 loss=-0.0000
INFO:  [DM] epoch 5253/6000 reward=1.5355 profit=0.5355 on_time=1.0000 loss=-0.0000
INFO:  [DM] epoch 5254/6000 reward=1.5182 profit=0.5182 on_time=1.0000 loss=-0.0000
INFO:  [DM] epoch 5255/6000 reward=1.5271 profit=0.5271 on_time=1.0000 loss=0.0000
INFO:  [DM] epoch 5256/6000 reward=1.5255 profit=0.5255 on_time=1.0000 loss=-0.0000
INFO:  [DM] epoch 5257/6000 reward=1.5639 profit=0.5639 on_time=1.0000 loss=-0.0000
INFO:  [DM] epoch 5258/6000 reward=1.5272 profit=0.5272 on_time=1.0000 loss=-0.0000
INFO:  [DM] epoch 5259/6000 reward=1.5140 profit=0.5140 on_time=1.0000 loss=-0.0000
INFO:  [DM] epoch 5260/6000 reward=1.5321 profit=0.5321 on_time=1.0000 loss=-0.0000
INFO:  [DM] epoch 5261/6000 reward=1.5384 profit=0.5384 on_time=1.0000 loss=-0.0000
INFO:  [DM] epoch 5262/6000 reward=1.5308 profit=0.5308 on_time=1.0000 loss=-0.0000
INFO:  [DM] epoch 5263/6000 reward=1.5240 profit=0.5240 on_time=1.0000 loss=-0.0000
INFO:  [DM] epoch 5264/6000 reward=1.4722 profit=0.4722 on_time=1.0000 loss=0.0000
INFO:  [DM] epoch 5265/6000 reward=1.5549 profit=0.5549 on_time=1.0000 loss=-0.0000
INFO:  [DM] epoch 5266/6000 reward=1.5470 profit=0.5470 on_time=1.0000 loss=0.0000
INFO:  [DM] epoch 5267/6000 reward=1.5142 profit=0.5142 on_time=1.0000 loss=-0.0000
INFO:  [DM] epoch 5268/6000 reward=1.5624 profit=0.5624 on_time=1.0000 loss=0.0000
INFO:  [DM] epoch 5269/6000 reward=1.5002 profit=0.5002 on_time=1.0000 loss=-0.0000
INFO:  [DM] epoch 5270/6000 reward=1.5351 profit=0.5351 on_time=1.0000 loss=0.0000
INFO:  [DM] epoch 5271/6000 reward=1.5203 profit=0.5203 on_time=1.0000 loss=-0.0000
INFO:  [DM] epoch 5272/6000 reward=1.4878 profit=0.4878 on_time=1.0000 loss=-0.0000
INFO:  [DM] epoch 5273/6000 reward=1.5510 profit=0.5510 on_time=1.0000 loss=0.0000
INFO:  [DM] epoch 5274/6000 reward=1.5039 profit=0.5039 on_time=1.0000 loss=-0.0000
INFO:  [DM] epoch 5275/6000 reward=1.5322 profit=0.5322 on_time=1.0000 loss=-0.0000
INFO:  [DM] epoch 5276/6000 reward=1.5276 profit=0.5276 on_time=1.0000 loss=-0.0000
INFO:  [DM] epoch 5277/6000 reward=1.5592 profit=0.5592 on_time=1.0000 loss=-0.0000
INFO:  [DM] epoch 5278/6000 reward=1.5156 profit=0.5156 on_time=1.0000 loss=-0.0000
INFO:  [DM] epoch 5279/6000 reward=1.5205 profit=0.5205 on_time=1.0000 loss=-0.0000
INFO:  [DM] epoch 5280/6000 reward=1.5219 profit=0.5376 on_time=0.9844 loss=-0.0010
INFO:  [DM] epoch 5281/6000 reward=1.4907 profit=0.4907 on_time=1.0000 loss=-0.0000
INFO:  [DM] epoch 5282/6000 reward=1.5109 profit=0.5109 on_time=1.0000 loss=-0.0000
INFO:  [DM] epoch 5283/6000 reward=1.5304 profit=0.5304 on_time=1.0000 loss=-0.0000
INFO:  [DM] epoch 5284/6000 reward=1.5284 profit=0.5284 on_time=1.0000 loss=-0.0000
INFO:  [DM] epoch 5285/6000 reward=1.4986 profit=0.4986 on_time=1.0000 loss=-0.0000
INFO:  [DM] epoch 5286/6000 reward=1.5170 profit=0.5170 on_time=1.0000 loss=-0.0000
INFO:  [DM] epoch 5287/6000 reward=1.5182 profit=0.5182 on_time=1.0000 loss=-0.0000
INFO:  [DM] epoch 5288/6000 reward=1.5180 profit=0.5180 on_time=1.0000 loss=-0.0000
INFO:  [DM] epoch 5289/6000 reward=1.5507 profit=0.5507 on_time=1.0000 loss=-0.0000
INFO:  [DM] epoch 5290/6000 reward=1.5483 profit=0.5483 on_time=1.0000 loss=0.0000
INFO:  [DM] epoch 5291/6000 reward=1.5358 profit=0.5358 on_time=1.0000 loss=-0.0000
INFO:  [DM] epoch 5292/6000 reward=1.5355 profit=0.5355 on_time=1.0000 loss=-0.0000
INFO:  [DM] epoch 5293/6000 reward=1.5689 profit=0.5689 on_time=1.0000 loss=-0.0000
INFO:  [DM] epoch 5294/6000 reward=1.5372 profit=0.5372 on_time=1.0000 loss=-0.0000
INFO:  [DM] epoch 5295/6000 reward=1.5111 profit=0.5111 on_time=1.0000 loss=-0.0000
INFO:  [DM] epoch 5296/6000 reward=1.5401 profit=0.5401 on_time=1.0000 loss=-0.0000
INFO:  [DM] epoch 5297/6000 reward=1.5152 profit=0.5152 on_time=1.0000 loss=-0.0000
INFO:  [DM] epoch 5298/6000 reward=1.5062 profit=0.5062 on_time=1.0000 loss=0.0000
INFO:  [DM] epoch 5299/6000 reward=1.4959 profit=0.4959 on_time=1.0000 loss=-0.0000
INFO:  [DM] epoch 5300/6000 reward=1.5300 profit=0.5300 on_time=1.0000 loss=-0.0000
INFO:  [DM] epoch 5301/6000 reward=1.5230 profit=0.5230 on_time=1.0000 loss=-0.0000
INFO:  [DM] epoch 5302/6000 reward=1.5357 profit=0.5357 on_time=1.0000 loss=-0.0000
INFO:  [DM] epoch 5303/6000 reward=1.4908 profit=0.4908 on_time=1.0000 loss=-0.0000
INFO:  [DM] epoch 5304/6000 reward=1.5367 profit=0.5367 on_time=1.0000 loss=0.0000
INFO:  [DM] epoch 5305/6000 reward=1.4882 profit=0.4882 on_time=1.0000 loss=0.0000
INFO:  [DM] epoch 5306/6000 reward=1.5508 profit=0.5508 on_time=1.0000 loss=-0.0000
INFO:  [DM] epoch 5307/6000 reward=1.5400 profit=0.5400 on_time=1.0000 loss=-0.0000
INFO:  [DM] epoch 5308/6000 reward=1.5387 profit=0.5387 on_time=1.0000 loss=-0.0000
INFO:  [DM] epoch 5309/6000 reward=1.5291 profit=0.5291 on_time=1.0000 loss=0.0000
INFO:  [DM] epoch 5310/6000 reward=1.5018 profit=0.5018 on_time=1.0000 loss=0.0000
INFO:  [DM] epoch 5311/6000 reward=1.4998 profit=0.4998 on_time=1.0000 loss=-0.0000
INFO:  [DM] epoch 5312/6000 reward=1.5371 profit=0.5371 on_time=1.0000 loss=-0.0000
INFO:  [DM] epoch 5313/6000 reward=1.5658 profit=0.5658 on_time=1.0000 loss=0.0000
INFO:  [DM] epoch 5314/6000 reward=1.5339 profit=0.5339 on_time=1.0000 loss=-0.0000
INFO:  [DM] epoch 5315/6000 reward=1.5491 profit=0.5491 on_time=1.0000 loss=0.0000
INFO:  [DM] epoch 5316/6000 reward=1.5230 profit=0.5230 on_time=1.0000 loss=-0.0016
INFO:  [DM] epoch 5317/6000 reward=1.5227 profit=0.5227 on_time=1.0000 loss=0.0000
INFO:  [DM] epoch 5318/6000 reward=1.4840 profit=0.4840 on_time=1.0000 loss=0.0005
INFO:  [DM] epoch 5319/6000 reward=1.4821 profit=0.5133 on_time=0.9688 loss=-0.0076
INFO:  [DM] epoch 5320/6000 reward=1.5435 profit=0.5435 on_time=1.0000 loss=-0.0000
INFO:  [DM] epoch 5321/6000 reward=1.5204 profit=0.5204 on_time=1.0000 loss=-0.0000
INFO:  [DM] epoch 5322/6000 reward=1.5143 profit=0.5143 on_time=1.0000 loss=-0.0014
INFO:  [DM] epoch 5323/6000 reward=1.5014 profit=0.5014 on_time=1.0000 loss=0.0000
INFO:  [DM] epoch 5324/6000 reward=1.4871 profit=0.5183 on_time=0.9688 loss=-0.0212
INFO:  [DM] epoch 5325/6000 reward=1.5130 profit=0.5130 on_time=1.0000 loss=0.0017
INFO:  [DM] epoch 5326/6000 reward=1.5050 profit=0.5206 on_time=0.9844 loss=-0.0164
INFO:  [DM] epoch 5327/6000 reward=1.4757 profit=0.5382 on_time=0.9375 loss=-0.1259
INFO:  [DM] epoch 5328/6000 reward=1.4810 profit=0.5435 on_time=0.9375 loss=-0.0102
INFO:  [DM] epoch 5329/6000 reward=1.5491 profit=0.5491 on_time=1.0000 loss=0.0000
INFO:  [DM] epoch 5330/6000 reward=1.5075 profit=0.5075 on_time=1.0000 loss=-0.0000
INFO:  [DM] epoch 5331/6000 reward=1.5173 profit=0.5330 on_time=0.9844 loss=-0.0017
INFO:  [DM] epoch 5332/6000 reward=1.4715 profit=0.4872 on_time=0.9844 loss=-0.0019
INFO:  [DM] epoch 5333/6000 reward=1.4595 profit=0.4907 on_time=0.9688 loss=-0.0011
INFO:  [DM] epoch 5334/6000 reward=1.4906 profit=0.5063 on_time=0.9844 loss=-0.0415
INFO:  [DM] epoch 5335/6000 reward=1.3841 profit=0.4622 on_time=0.9219 loss=-0.0031
INFO:  [DM] epoch 5336/6000 reward=1.4261 profit=0.4886 on_time=0.9375 loss=0.0029
INFO:  [DM] epoch 5337/6000 reward=1.5328 profit=0.5797 on_time=0.9531 loss=-0.0186
INFO:  [DM] epoch 5338/6000 reward=1.4593 profit=0.5062 on_time=0.9531 loss=-0.0044
INFO:  [DM] epoch 5339/6000 reward=1.3934 profit=0.4871 on_time=0.9062 loss=-0.0408
INFO:  [DM] epoch 5340/6000 reward=1.4677 profit=0.5146 on_time=0.9531 loss=-0.0357
INFO:  [DM] epoch 5341/6000 reward=1.3412 profit=0.4974 on_time=0.8438 loss=-0.0703
INFO:  [DM] epoch 5342/6000 reward=1.4451 profit=0.5232 on_time=0.9219 loss=0.0012
INFO:  [DM] epoch 5343/6000 reward=1.5224 profit=0.5693 on_time=0.9531 loss=-0.0068
INFO:  [DM] epoch 5344/6000 reward=1.4218 profit=0.4843 on_time=0.9375 loss=0.0000
INFO:  [DM] epoch 5345/6000 reward=1.4965 profit=0.5121 on_time=0.9844 loss=-0.0002
INFO:  [DM] epoch 5346/6000 reward=1.4746 profit=0.5059 on_time=0.9688 loss=-0.0119
INFO:  [DM] epoch 5347/6000 reward=1.4881 profit=0.5038 on_time=0.9844 loss=-0.0177
INFO:  [DM] epoch 5348/6000 reward=1.5111 profit=0.5424 on_time=0.9688 loss=-0.0005
INFO:  [DM] epoch 5349/6000 reward=1.5599 profit=0.5599 on_time=1.0000 loss=0.0032
INFO:  [DM] epoch 5350/6000 reward=1.4833 profit=0.4989 on_time=0.9844 loss=0.0000
INFO:  [DM] epoch 5351/6000 reward=1.5156 profit=0.5156 on_time=1.0000 loss=-0.0000
INFO:  [DM] epoch 5352/6000 reward=1.4957 profit=0.4957 on_time=1.0000 loss=-0.0000
INFO:  [DM] epoch 5353/6000 reward=1.4655 profit=0.4655 on_time=1.0000 loss=0.0003
INFO:  [DM] epoch 5354/6000 reward=1.5264 profit=0.5264 on_time=1.0000 loss=-0.0000
INFO:  [DM] epoch 5355/6000 reward=1.4730 profit=0.5043 on_time=0.9688 loss=-0.0778
INFO:  [DM] epoch 5356/6000 reward=1.5226 profit=0.5226 on_time=1.0000 loss=-0.0000
INFO:  [DM] epoch 5357/6000 reward=1.5012 profit=0.5012 on_time=1.0000 loss=-0.0000
INFO:  [DM] epoch 5358/6000 reward=1.5764 profit=0.5764 on_time=1.0000 loss=-0.0000
INFO:  [DM] epoch 5359/6000 reward=1.5308 profit=0.5308 on_time=1.0000 loss=-0.0000
INFO:  [DM] epoch 5360/6000 reward=1.5098 profit=0.5098 on_time=1.0000 loss=-0.0000
INFO:  [DM] epoch 5361/6000 reward=1.5350 profit=0.5350 on_time=1.0000 loss=-0.0000
INFO:  [DM] epoch 5362/6000 reward=1.5228 profit=0.5228 on_time=1.0000 loss=-0.0000
INFO:  [DM] epoch 5363/6000 reward=1.5524 profit=0.5524 on_time=1.0000 loss=-0.0002
INFO:  [DM] epoch 5364/6000 reward=1.5525 profit=0.5681 on_time=0.9844 loss=-0.0014
INFO:  [DM] epoch 5365/6000 reward=1.5400 profit=0.5400 on_time=1.0000 loss=-0.0026
INFO:  [DM] epoch 5366/6000 reward=1.5122 profit=0.5122 on_time=1.0000 loss=-0.0000
INFO:  [DM] epoch 5367/6000 reward=1.5390 profit=0.5390 on_time=1.0000 loss=-0.0000
INFO:  [DM] epoch 5368/6000 reward=1.4993 profit=0.5149 on_time=0.9844 loss=-0.0087
INFO:  [DM] epoch 5369/6000 reward=1.5078 profit=0.5391 on_time=0.9688 loss=-0.0011
INFO:  [DM] epoch 5370/6000 reward=1.5220 profit=0.5220 on_time=1.0000 loss=0.0000
INFO:  [DM] epoch 5371/6000 reward=1.5313 profit=0.5313 on_time=1.0000 loss=-0.0020
INFO:  [DM] epoch 5372/6000 reward=1.4760 profit=0.5073 on_time=0.9688 loss=-0.0001
INFO:  [DM] epoch 5373/6000 reward=1.4392 profit=0.4705 on_time=0.9688 loss=-0.0111
INFO:  [DM] epoch 5374/6000 reward=1.4704 profit=0.4704 on_time=1.0000 loss=-0.0000
INFO:  [DM] epoch 5375/6000 reward=1.5058 profit=0.5214 on_time=0.9844 loss=-0.0000
INFO:  [DM] epoch 5376/6000 reward=1.5145 profit=0.5301 on_time=0.9844 loss=-0.0000
INFO:  [DM] epoch 5377/6000 reward=1.5095 profit=0.5407 on_time=0.9688 loss=-0.0016
INFO:  [DM] epoch 5378/6000 reward=1.5134 profit=0.5290 on_time=0.9844 loss=-0.0058
INFO:  [DM] epoch 5379/6000 reward=1.4897 profit=0.4897 on_time=1.0000 loss=-0.0026
INFO:  [DM] epoch 5380/6000 reward=1.4894 profit=0.5207 on_time=0.9688 loss=0.0000
INFO:  [DM] epoch 5381/6000 reward=1.4285 profit=0.4754 on_time=0.9531 loss=-0.0005
INFO:  [DM] epoch 5382/6000 reward=1.4064 profit=0.4533 on_time=0.9531 loss=-0.0010
INFO:  [DM] epoch 5383/6000 reward=1.4857 profit=0.5170 on_time=0.9688 loss=-0.0531
INFO:  [DM] epoch 5384/6000 reward=1.4811 profit=0.4967 on_time=0.9844 loss=-0.0006
INFO:  [DM] epoch 5385/6000 reward=1.5598 profit=0.5754 on_time=0.9844 loss=-0.0000
INFO:  [DM] epoch 5386/6000 reward=1.4634 profit=0.4790 on_time=0.9844 loss=-0.0442
INFO:  [DM] epoch 5387/6000 reward=1.4579 profit=0.5047 on_time=0.9531 loss=-0.0048
INFO:  [DM] epoch 5388/6000 reward=1.4942 profit=0.4942 on_time=1.0000 loss=-0.0000
INFO:  [DM] epoch 5389/6000 reward=1.4864 profit=0.4864 on_time=1.0000 loss=0.0005
INFO:  [DM] epoch 5390/6000 reward=1.5203 profit=0.5203 on_time=1.0000 loss=-0.0000
INFO:  [DM] epoch 5391/6000 reward=1.4863 profit=0.5019 on_time=0.9844 loss=-0.0000
INFO:  [DM] epoch 5392/6000 reward=1.5401 profit=0.5401 on_time=1.0000 loss=-0.0000
INFO:  [DM] epoch 5393/6000 reward=1.5102 profit=0.5102 on_time=1.0000 loss=-0.0000
INFO:  [DM] epoch 5394/6000 reward=1.5016 profit=0.5016 on_time=1.0000 loss=-0.0000
INFO:  [DM] epoch 5395/6000 reward=1.5046 profit=0.5203 on_time=0.9844 loss=-0.0000
INFO:  [DM] epoch 5396/6000 reward=1.5265 profit=0.5265 on_time=1.0000 loss=-0.0000
INFO:  [DM] epoch 5397/6000 reward=1.4931 profit=0.4931 on_time=1.0000 loss=-0.0000
INFO:  [DM] epoch 5398/6000 reward=1.5079 profit=0.5235 on_time=0.9844 loss=-0.0000
INFO:  [DM] epoch 5399/6000 reward=1.4786 profit=0.4786 on_time=1.0000 loss=0.0000
INFO:  [DM] epoch 5400/6000 reward=1.4836 profit=0.4836 on_time=1.0000 loss=-0.0000
INFO:  [DM] epoch 5401/6000 reward=1.4812 profit=0.4812 on_time=1.0000 loss=0.0000
INFO:  [DM] epoch 5402/6000 reward=1.5569 profit=0.5569 on_time=1.0000 loss=-0.0000
INFO:  [DM] epoch 5403/6000 reward=1.5148 profit=0.5304 on_time=0.9844 loss=-0.0015
INFO:  [DM] epoch 5404/6000 reward=1.4962 profit=0.4962 on_time=1.0000 loss=-0.0000
INFO:  [DM] epoch 5405/6000 reward=1.4737 profit=0.5049 on_time=0.9688 loss=-0.0052
INFO:  [DM] epoch 5406/6000 reward=1.5584 profit=0.5584 on_time=1.0000 loss=-0.0000
INFO:  [DM] epoch 5407/6000 reward=1.5529 profit=0.5529 on_time=1.0000 loss=-0.0000
INFO:  [DM] epoch 5408/6000 reward=1.4619 profit=0.4776 on_time=0.9844 loss=-0.0029
INFO:  [DM] epoch 5409/6000 reward=1.4922 profit=0.5234 on_time=0.9688 loss=-0.0070
INFO:  [DM] epoch 5410/6000 reward=1.5393 profit=0.5393 on_time=1.0000 loss=-0.0009
INFO:  [DM] epoch 5411/6000 reward=1.4982 profit=0.4982 on_time=1.0000 loss=-0.0000
INFO:  [DM] epoch 5412/6000 reward=1.5056 profit=0.5056 on_time=1.0000 loss=-0.0000
INFO:  [DM] epoch 5413/6000 reward=1.4798 profit=0.4955 on_time=0.9844 loss=0.0000
INFO:  [DM] epoch 5414/6000 reward=1.5136 profit=0.5292 on_time=0.9844 loss=0.0000
INFO:  [DM] epoch 5415/6000 reward=1.4946 profit=0.5102 on_time=0.9844 loss=-0.0000
INFO:  [DM] epoch 5416/6000 reward=1.4729 profit=0.5198 on_time=0.9531 loss=0.0005
INFO:  [DM] epoch 5417/6000 reward=1.4715 profit=0.5028 on_time=0.9688 loss=-0.0133
INFO:  [DM] epoch 5418/6000 reward=1.4332 profit=0.4800 on_time=0.9531 loss=0.0005
INFO:  [DM] epoch 5419/6000 reward=1.5323 profit=0.5479 on_time=0.9844 loss=-0.0099
INFO:  [DM] epoch 5420/6000 reward=1.5026 profit=0.5026 on_time=1.0000 loss=-0.0000
INFO:  [DM] epoch 5421/6000 reward=1.5664 profit=0.5664 on_time=1.0000 loss=0.0019
INFO:  [DM] epoch 5422/6000 reward=1.4788 profit=0.5101 on_time=0.9688 loss=-0.0000
INFO:  [DM] epoch 5423/6000 reward=1.5394 profit=0.5394 on_time=1.0000 loss=0.0000
INFO:  [DM] epoch 5424/6000 reward=1.4946 profit=0.4946 on_time=1.0000 loss=-0.0000
INFO:  [DM] epoch 5425/6000 reward=1.5115 profit=0.5115 on_time=1.0000 loss=-0.0000
INFO:  [DM] epoch 5426/6000 reward=1.5258 profit=0.5258 on_time=1.0000 loss=0.0000
INFO:  [DM] epoch 5427/6000 reward=1.5599 profit=0.5599 on_time=1.0000 loss=0.0000
INFO:  [DM] epoch 5428/6000 reward=1.5500 profit=0.5500 on_time=1.0000 loss=-0.0000
INFO:  [DM] epoch 5429/6000 reward=1.5419 profit=0.5419 on_time=1.0000 loss=-0.0000
INFO:  [DM] epoch 5430/6000 reward=1.5282 profit=0.5282 on_time=1.0000 loss=-0.0000
INFO:  [DM] epoch 5431/6000 reward=1.5246 profit=0.5246 on_time=1.0000 loss=0.0000
INFO:  [DM] epoch 5432/6000 reward=1.5396 profit=0.5396 on_time=1.0000 loss=-0.0000
INFO:  [DM] epoch 5433/6000 reward=1.5226 profit=0.5226 on_time=1.0000 loss=-0.0000
INFO:  [DM] epoch 5434/6000 reward=1.5038 profit=0.5038 on_time=1.0000 loss=-0.0000
INFO:  [DM] epoch 5435/6000 reward=1.5387 profit=0.5387 on_time=1.0000 loss=-0.0000
INFO:  [DM] epoch 5436/6000 reward=1.5316 profit=0.5316 on_time=1.0000 loss=0.0000
INFO:  [DM] epoch 5437/6000 reward=1.5559 profit=0.5559 on_time=1.0000 loss=0.0000
INFO:  [DM] epoch 5438/6000 reward=1.5280 profit=0.5280 on_time=1.0000 loss=-0.0002
INFO:  [DM] epoch 5439/6000 reward=1.5296 profit=0.5296 on_time=1.0000 loss=-0.0000
INFO:  [DM] epoch 5440/6000 reward=1.4941 profit=0.5097 on_time=0.9844 loss=-0.0000
INFO:  [DM] epoch 5441/6000 reward=1.5092 profit=0.5092 on_time=1.0000 loss=-0.0000
INFO:  [DM] epoch 5442/6000 reward=1.5261 profit=0.5261 on_time=1.0000 loss=-0.0000
INFO:  [DM] epoch 5443/6000 reward=1.5304 profit=0.5304 on_time=1.0000 loss=-0.0000
INFO:  [DM] epoch 5444/6000 reward=1.5472 profit=0.5472 on_time=1.0000 loss=-0.0000
INFO:  [DM] epoch 5445/6000 reward=1.5247 profit=0.5403 on_time=0.9844 loss=-0.0000
INFO:  [DM] epoch 5446/6000 reward=1.5183 profit=0.5339 on_time=0.9844 loss=-0.0005
INFO:  [DM] epoch 5447/6000 reward=1.5286 profit=0.5286 on_time=1.0000 loss=-0.0000
INFO:  [DM] epoch 5448/6000 reward=1.5279 profit=0.5279 on_time=1.0000 loss=-0.0000
INFO:  [DM] epoch 5449/6000 reward=1.4838 profit=0.4995 on_time=0.9844 loss=-0.0004
INFO:  [DM] epoch 5450/6000 reward=1.5340 profit=0.5340 on_time=1.0000 loss=0.0005
INFO:  [DM] epoch 5451/6000 reward=1.5267 profit=0.5267 on_time=1.0000 loss=-0.0000
INFO:  [DM] epoch 5452/6000 reward=1.4860 profit=0.4860 on_time=1.0000 loss=-0.0000
INFO:  [DM] epoch 5453/6000 reward=1.5559 profit=0.5559 on_time=1.0000 loss=-0.0000
INFO:  [DM] epoch 5454/6000 reward=1.5065 profit=0.5221 on_time=0.9844 loss=-0.0014
INFO:  [DM] epoch 5455/6000 reward=1.5410 profit=0.5410 on_time=1.0000 loss=-0.0000
INFO:  [DM] epoch 5456/6000 reward=1.5098 profit=0.5098 on_time=1.0000 loss=-0.0000
INFO:  [DM] epoch 5457/6000 reward=1.5023 profit=0.5023 on_time=1.0000 loss=-0.0000
INFO:  [DM] epoch 5458/6000 reward=1.5520 profit=0.5520 on_time=1.0000 loss=0.0000
INFO:  [DM] epoch 5459/6000 reward=1.5628 profit=0.5628 on_time=1.0000 loss=-0.0000
INFO:  [DM] epoch 5460/6000 reward=1.5123 profit=0.5123 on_time=1.0000 loss=-0.0000
INFO:  [DM] epoch 5461/6000 reward=1.5364 profit=0.5364 on_time=1.0000 loss=-0.0000
INFO:  [DM] epoch 5462/6000 reward=1.5291 profit=0.5291 on_time=1.0000 loss=-0.0000
INFO:  [DM] epoch 5463/6000 reward=1.5162 profit=0.5162 on_time=1.0000 loss=0.0002
INFO:  [DM] epoch 5464/6000 reward=1.5227 profit=0.5227 on_time=1.0000 loss=-0.0000
INFO:  [DM] epoch 5465/6000 reward=1.5226 profit=0.5226 on_time=1.0000 loss=0.0000
INFO:  [DM] epoch 5466/6000 reward=1.5072 profit=0.5072 on_time=1.0000 loss=-0.0000
INFO:  [DM] epoch 5467/6000 reward=1.5014 profit=0.5014 on_time=1.0000 loss=-0.0000
INFO:  [DM] epoch 5468/6000 reward=1.5044 profit=0.5044 on_time=1.0000 loss=-0.0000
INFO:  [DM] epoch 5469/6000 reward=1.5395 profit=0.5395 on_time=1.0000 loss=-0.0000
INFO:  [DM] epoch 5470/6000 reward=1.5280 profit=0.5280 on_time=1.0000 loss=-0.0000
INFO:  [DM] epoch 5471/6000 reward=1.4864 profit=0.4864 on_time=1.0000 loss=-0.0000
INFO:  [DM] epoch 5472/6000 reward=1.5175 profit=0.5175 on_time=1.0000 loss=-0.0000
INFO:  [DM] epoch 5473/6000 reward=1.5405 profit=0.5405 on_time=1.0000 loss=-0.0000
INFO:  [DM] epoch 5474/6000 reward=1.5530 profit=0.5530 on_time=1.0000 loss=-0.0000
INFO:  [DM] epoch 5475/6000 reward=1.4653 profit=0.4653 on_time=1.0000 loss=-0.0000
INFO:  [DM] epoch 5476/6000 reward=1.4811 profit=0.4811 on_time=1.0000 loss=-0.0000
INFO:  [DM] epoch 5477/6000 reward=1.4979 profit=0.4979 on_time=1.0000 loss=-0.0000
INFO:  [DM] epoch 5478/6000 reward=1.5259 profit=0.5259 on_time=1.0000 loss=-0.0000
INFO:  [DM] epoch 5479/6000 reward=1.5061 profit=0.5061 on_time=1.0000 loss=-0.0000
INFO:  [DM] epoch 5480/6000 reward=1.5008 profit=0.5008 on_time=1.0000 loss=-0.0000
INFO:  [DM] epoch 5481/6000 reward=1.5113 profit=0.5113 on_time=1.0000 loss=-0.0000
INFO:  [DM] epoch 5482/6000 reward=1.5250 profit=0.5250 on_time=1.0000 loss=-0.0000
INFO:  [DM] epoch 5483/6000 reward=1.5038 profit=0.5038 on_time=1.0000 loss=-0.0000
INFO:  [DM] epoch 5484/6000 reward=1.5600 profit=0.5600 on_time=1.0000 loss=-0.0000
INFO:  [DM] epoch 5485/6000 reward=1.5285 profit=0.5285 on_time=1.0000 loss=-0.0000
INFO:  [DM] epoch 5486/6000 reward=1.5406 profit=0.5406 on_time=1.0000 loss=0.0000
INFO:  [DM] epoch 5487/6000 reward=1.5065 profit=0.5065 on_time=1.0000 loss=-0.0000
INFO:  [DM] epoch 5488/6000 reward=1.4629 profit=0.4629 on_time=1.0000 loss=-0.0000
INFO:  [DM] epoch 5489/6000 reward=1.5068 profit=0.5068 on_time=1.0000 loss=-0.0000
INFO:  [DM] epoch 5490/6000 reward=1.5198 profit=0.5198 on_time=1.0000 loss=-0.0000
INFO:  [DM] epoch 5491/6000 reward=1.4974 profit=0.4974 on_time=1.0000 loss=-0.0000
INFO:  [DM] epoch 5492/6000 reward=1.5140 profit=0.5140 on_time=1.0000 loss=0.0000
INFO:  [DM] epoch 5493/6000 reward=1.5363 profit=0.5363 on_time=1.0000 loss=-0.0000
INFO:  [DM] epoch 5494/6000 reward=1.5407 profit=0.5407 on_time=1.0000 loss=-0.0000
INFO:  [DM] epoch 5495/6000 reward=1.5484 profit=0.5484 on_time=1.0000 loss=0.0000
INFO:  [DM] epoch 5496/6000 reward=1.4895 profit=0.4895 on_time=1.0000 loss=-0.0000
INFO:  [DM] epoch 5497/6000 reward=1.5028 profit=0.5028 on_time=1.0000 loss=-0.0000
INFO:  [DM] epoch 5498/6000 reward=1.5082 profit=0.5082 on_time=1.0000 loss=-0.0000
INFO:  [DM] epoch 5499/6000 reward=1.5474 profit=0.5474 on_time=1.0000 loss=-0.0000
INFO:  [DM] epoch 5500/6000 reward=1.5035 profit=0.5035 on_time=1.0000 loss=-0.0000
INFO:  [DM] epoch 5501/6000 reward=1.5661 profit=0.5661 on_time=1.0000 loss=-0.0000
INFO:  [DM] epoch 5502/6000 reward=1.4805 profit=0.4805 on_time=1.0000 loss=-0.0000
INFO:  [DM] epoch 5503/6000 reward=1.4762 profit=0.4762 on_time=1.0000 loss=-0.0000
INFO:  [DM] epoch 5504/6000 reward=1.5181 profit=0.5181 on_time=1.0000 loss=-0.0000
INFO:  [DM] epoch 5505/6000 reward=1.4904 profit=0.4904 on_time=1.0000 loss=-0.0000
INFO:  [DM] epoch 5506/6000 reward=1.5493 profit=0.5493 on_time=1.0000 loss=-0.0000
INFO:  [DM] epoch 5507/6000 reward=1.4976 profit=0.4976 on_time=1.0000 loss=-0.0000
INFO:  [DM] epoch 5508/6000 reward=1.5010 profit=0.5010 on_time=1.0000 loss=-0.0000
INFO:  [DM] epoch 5509/6000 reward=1.5419 profit=0.5419 on_time=1.0000 loss=-0.0000
INFO:  [DM] epoch 5510/6000 reward=1.5225 profit=0.5225 on_time=1.0000 loss=-0.0000
INFO:  [DM] epoch 5511/6000 reward=1.4817 profit=0.4817 on_time=1.0000 loss=-0.0000
INFO:  [DM] epoch 5512/6000 reward=1.5062 profit=0.5062 on_time=1.0000 loss=-0.0000
INFO:  [DM] epoch 5513/6000 reward=1.5038 profit=0.5038 on_time=1.0000 loss=0.0000
INFO:  [DM] epoch 5514/6000 reward=1.5615 profit=0.5615 on_time=1.0000 loss=-0.0000
INFO:  [DM] epoch 5515/6000 reward=1.4772 profit=0.4772 on_time=1.0000 loss=-0.0000
INFO:  [DM] epoch 5516/6000 reward=1.5004 profit=0.5004 on_time=1.0000 loss=-0.0000
INFO:  [DM] epoch 5517/6000 reward=1.5368 profit=0.5368 on_time=1.0000 loss=-0.0000
INFO:  [DM] epoch 5518/6000 reward=1.4950 profit=0.4950 on_time=1.0000 loss=-0.0000
INFO:  [DM] epoch 5519/6000 reward=1.4996 profit=0.4996 on_time=1.0000 loss=-0.0000
INFO:  [DM] epoch 5520/6000 reward=1.4945 profit=0.4945 on_time=1.0000 loss=-0.0000
INFO:  [DM] epoch 5521/6000 reward=1.5099 profit=0.5099 on_time=1.0000 loss=-0.0000
INFO:  [DM] epoch 5522/6000 reward=1.4669 profit=0.4669 on_time=1.0000 loss=-0.0000
INFO:  [DM] epoch 5523/6000 reward=1.5585 profit=0.5585 on_time=1.0000 loss=-0.0000
INFO:  [DM] epoch 5524/6000 reward=1.5193 profit=0.5193 on_time=1.0000 loss=0.0004
INFO:  [DM] epoch 5525/6000 reward=1.5176 profit=0.5176 on_time=1.0000 loss=0.0000
INFO:  [DM] epoch 5526/6000 reward=1.5144 profit=0.5144 on_time=1.0000 loss=-0.0000
INFO:  [DM] epoch 5527/6000 reward=1.5322 profit=0.5322 on_time=1.0000 loss=-0.0000
INFO:  [DM] epoch 5528/6000 reward=1.5652 profit=0.5652 on_time=1.0000 loss=0.0000
INFO:  [DM] epoch 5529/6000 reward=1.5064 profit=0.5064 on_time=1.0000 loss=-0.0000
INFO:  [DM] epoch 5530/6000 reward=1.5063 profit=0.5063 on_time=1.0000 loss=0.0000
INFO:  [DM] epoch 5531/6000 reward=1.5147 profit=0.5147 on_time=1.0000 loss=-0.0000
INFO:  [DM] epoch 5532/6000 reward=1.5042 profit=0.5042 on_time=1.0000 loss=-0.0000
INFO:  [DM] epoch 5533/6000 reward=1.4877 profit=0.4877 on_time=1.0000 loss=-0.0000
INFO:  [DM] epoch 5534/6000 reward=1.5563 profit=0.5563 on_time=1.0000 loss=-0.0000
INFO:  [DM] epoch 5535/6000 reward=1.4969 profit=0.4969 on_time=1.0000 loss=-0.0000
INFO:  [DM] epoch 5536/6000 reward=1.5390 profit=0.5390 on_time=1.0000 loss=-0.0000
INFO:  [DM] epoch 5537/6000 reward=1.5135 profit=0.5135 on_time=1.0000 loss=-0.0000
INFO:  [DM] epoch 5538/6000 reward=1.5267 profit=0.5267 on_time=1.0000 loss=-0.0000
INFO:  [DM] epoch 5539/6000 reward=1.5314 profit=0.5314 on_time=1.0000 loss=-0.0000
INFO:  [DM] epoch 5540/6000 reward=1.4873 profit=0.4873 on_time=1.0000 loss=-0.0000
INFO:  [DM] epoch 5541/6000 reward=1.5054 profit=0.5054 on_time=1.0000 loss=-0.0000
INFO:  [DM] epoch 5542/6000 reward=1.5599 profit=0.5599 on_time=1.0000 loss=-0.0000
INFO:  [DM] epoch 5543/6000 reward=1.5233 profit=0.5233 on_time=1.0000 loss=-0.0000
INFO:  [DM] epoch 5544/6000 reward=1.5090 profit=0.5090 on_time=1.0000 loss=-0.0000
INFO:  [DM] epoch 5545/6000 reward=1.5346 profit=0.5346 on_time=1.0000 loss=-0.0000
INFO:  [DM] epoch 5546/6000 reward=1.5073 profit=0.5073 on_time=1.0000 loss=-0.0000
INFO:  [DM] epoch 5547/6000 reward=1.4958 profit=0.4958 on_time=1.0000 loss=0.0000
INFO:  [DM] epoch 5548/6000 reward=1.4913 profit=0.5070 on_time=0.9844 loss=-0.0006
INFO:  [DM] epoch 5549/6000 reward=1.5383 profit=0.5383 on_time=1.0000 loss=-0.0000
INFO:  [DM] epoch 5550/6000 reward=1.5124 profit=0.5124 on_time=1.0000 loss=-0.0000
INFO:  [DM] epoch 5551/6000 reward=1.5384 profit=0.5384 on_time=1.0000 loss=-0.0000
INFO:  [DM] epoch 5552/6000 reward=1.5288 profit=0.5288 on_time=1.0000 loss=-0.0000
INFO:  [DM] epoch 5553/6000 reward=1.4860 profit=0.4860 on_time=1.0000 loss=-0.0000
INFO:  [DM] epoch 5554/6000 reward=1.5062 profit=0.5062 on_time=1.0000 loss=-0.0000
INFO:  [DM] epoch 5555/6000 reward=1.4916 profit=0.4916 on_time=1.0000 loss=-0.0000
INFO:  [DM] epoch 5556/6000 reward=1.4918 profit=0.4918 on_time=1.0000 loss=-0.0000
INFO:  [DM] epoch 5557/6000 reward=1.5080 profit=0.5080 on_time=1.0000 loss=-0.0000
INFO:  [DM] epoch 5558/6000 reward=1.5370 profit=0.5370 on_time=1.0000 loss=-0.0000
INFO:  [DM] epoch 5559/6000 reward=1.5115 profit=0.5115 on_time=1.0000 loss=-0.0000
INFO:  [DM] epoch 5560/6000 reward=1.5173 profit=0.5173 on_time=1.0000 loss=-0.0000
INFO:  [DM] epoch 5561/6000 reward=1.5468 profit=0.5468 on_time=1.0000 loss=-0.0000
INFO:  [DM] epoch 5562/6000 reward=1.5309 profit=0.5309 on_time=1.0000 loss=-0.0000
INFO:  [DM] epoch 5563/6000 reward=1.5287 profit=0.5287 on_time=1.0000 loss=-0.0000
INFO:  [DM] epoch 5564/6000 reward=1.5551 profit=0.5551 on_time=1.0000 loss=-0.0000
INFO:  [DM] epoch 5565/6000 reward=1.4737 profit=0.4737 on_time=1.0000 loss=0.0000
INFO:  [DM] epoch 5566/6000 reward=1.5134 profit=0.5134 on_time=1.0000 loss=-0.0000
INFO:  [DM] epoch 5567/6000 reward=1.5428 profit=0.5428 on_time=1.0000 loss=0.0000
INFO:  [DM] epoch 5568/6000 reward=1.4834 profit=0.4834 on_time=1.0000 loss=-0.0000
INFO:  [DM] epoch 5569/6000 reward=1.5327 profit=0.5327 on_time=1.0000 loss=-0.0000
INFO:  [DM] epoch 5570/6000 reward=1.4885 profit=0.4885 on_time=1.0000 loss=0.0000
INFO:  [DM] epoch 5571/6000 reward=1.5019 profit=0.5019 on_time=1.0000 loss=-0.0000
INFO:  [DM] epoch 5572/6000 reward=1.4930 profit=0.4930 on_time=1.0000 loss=-0.0000
INFO:  [DM] epoch 5573/6000 reward=1.5569 profit=0.5569 on_time=1.0000 loss=-0.0000
INFO:  [DM] epoch 5574/6000 reward=1.5327 profit=0.5327 on_time=1.0000 loss=-0.0000
INFO:  [DM] epoch 5575/6000 reward=1.5050 profit=0.5050 on_time=1.0000 loss=-0.0000
INFO:  [DM] epoch 5576/6000 reward=1.5045 profit=0.5045 on_time=1.0000 loss=-0.0000
INFO:  [DM] epoch 5577/6000 reward=1.5114 profit=0.5114 on_time=1.0000 loss=-0.0000
INFO:  [DM] epoch 5578/6000 reward=1.5441 profit=0.5441 on_time=1.0000 loss=-0.0000
INFO:  [DM] epoch 5579/6000 reward=1.4955 profit=0.4955 on_time=1.0000 loss=-0.0000
INFO:  [DM] epoch 5580/6000 reward=1.5653 profit=0.5653 on_time=1.0000 loss=-0.0000
INFO:  [DM] epoch 5581/6000 reward=1.5257 profit=0.5257 on_time=1.0000 loss=-0.0000
INFO:  [DM] epoch 5582/6000 reward=1.5041 profit=0.5041 on_time=1.0000 loss=-0.0000
INFO:  [DM] epoch 5583/6000 reward=1.4923 profit=0.4923 on_time=1.0000 loss=-0.0000
INFO:  [DM] epoch 5584/6000 reward=1.5117 profit=0.5117 on_time=1.0000 loss=-0.0000
INFO:  [DM] epoch 5585/6000 reward=1.4887 profit=0.4887 on_time=1.0000 loss=-0.0000
INFO:  [DM] epoch 5586/6000 reward=1.5613 profit=0.5613 on_time=1.0000 loss=-0.0000
INFO:  [DM] epoch 5587/6000 reward=1.5022 profit=0.5022 on_time=1.0000 loss=-0.0000
INFO:  [DM] epoch 5588/6000 reward=1.5097 profit=0.5097 on_time=1.0000 loss=-0.0000
INFO:  [DM] epoch 5589/6000 reward=1.5050 profit=0.5050 on_time=1.0000 loss=-0.0000
INFO:  [DM] epoch 5590/6000 reward=1.4890 profit=0.4890 on_time=1.0000 loss=-0.0000
INFO:  [DM] epoch 5591/6000 reward=1.5179 profit=0.5179 on_time=1.0000 loss=-0.0000
INFO:  [DM] epoch 5592/6000 reward=1.5159 profit=0.5159 on_time=1.0000 loss=-0.0000
INFO:  [DM] epoch 5593/6000 reward=1.5324 profit=0.5324 on_time=1.0000 loss=-0.0000
INFO:  [DM] epoch 5594/6000 reward=1.5214 profit=0.5214 on_time=1.0000 loss=-0.0000
INFO:  [DM] epoch 5595/6000 reward=1.5015 profit=0.5015 on_time=1.0000 loss=-0.0000
INFO:  [DM] epoch 5596/6000 reward=1.5156 profit=0.5156 on_time=1.0000 loss=-0.0000
INFO:  [DM] epoch 5597/6000 reward=1.5374 profit=0.5374 on_time=1.0000 loss=-0.0000
INFO:  [DM] epoch 5598/6000 reward=1.5288 profit=0.5288 on_time=1.0000 loss=-0.0000
INFO:  [DM] epoch 5599/6000 reward=1.5106 profit=0.5106 on_time=1.0000 loss=-0.0000
INFO:  [DM] epoch 5600/6000 reward=1.5346 profit=0.5346 on_time=1.0000 loss=-0.0000
INFO:  [DM] epoch 5601/6000 reward=1.5117 profit=0.5117 on_time=1.0000 loss=-0.0000
INFO:  [DM] epoch 5602/6000 reward=1.5202 profit=0.5202 on_time=1.0000 loss=-0.0000
INFO:  [DM] epoch 5603/6000 reward=1.5272 profit=0.5272 on_time=1.0000 loss=-0.0000
INFO:  [DM] epoch 5604/6000 reward=1.5130 profit=0.5130 on_time=1.0000 loss=-0.0000
INFO:  [DM] epoch 5605/6000 reward=1.5049 profit=0.5049 on_time=1.0000 loss=-0.0000
INFO:  [DM] epoch 5606/6000 reward=1.5355 profit=0.5355 on_time=1.0000 loss=-0.0000
INFO:  [DM] epoch 5607/6000 reward=1.5225 profit=0.5225 on_time=1.0000 loss=-0.0000
INFO:  [DM] epoch 5608/6000 reward=1.5138 profit=0.5138 on_time=1.0000 loss=-0.0000
INFO:  [DM] epoch 5609/6000 reward=1.5494 profit=0.5494 on_time=1.0000 loss=-0.0000
INFO:  [DM] epoch 5610/6000 reward=1.5571 profit=0.5571 on_time=1.0000 loss=-0.0000
INFO:  [DM] epoch 5611/6000 reward=1.5318 profit=0.5318 on_time=1.0000 loss=-0.0000
INFO:  [DM] epoch 5612/6000 reward=1.4860 profit=0.4860 on_time=1.0000 loss=-0.0000
INFO:  [DM] epoch 5613/6000 reward=1.5327 profit=0.5327 on_time=1.0000 loss=-0.0000
INFO:  [DM] epoch 5614/6000 reward=1.5185 profit=0.5185 on_time=1.0000 loss=-0.0000
INFO:  [DM] epoch 5615/6000 reward=1.5348 profit=0.5348 on_time=1.0000 loss=-0.0000
INFO:  [DM] epoch 5616/6000 reward=1.5208 profit=0.5208 on_time=1.0000 loss=-0.0000
INFO:  [DM] epoch 5617/6000 reward=1.5077 profit=0.5077 on_time=1.0000 loss=-0.0000
INFO:  [DM] epoch 5618/6000 reward=1.4937 profit=0.4937 on_time=1.0000 loss=-0.0000
INFO:  [DM] epoch 5619/6000 reward=1.5077 profit=0.5233 on_time=0.9844 loss=-0.0012
INFO:  [DM] epoch 5620/6000 reward=1.5065 profit=0.5065 on_time=1.0000 loss=0.0000
INFO:  [DM] epoch 5621/6000 reward=1.5598 profit=0.5598 on_time=1.0000 loss=-0.0000
INFO:  [DM] epoch 5622/6000 reward=1.5249 profit=0.5249 on_time=1.0000 loss=-0.0000
INFO:  [DM] epoch 5623/6000 reward=1.4737 profit=0.4737 on_time=1.0000 loss=-0.0001
INFO:  [DM] epoch 5624/6000 reward=1.5166 profit=0.5166 on_time=1.0000 loss=-0.0000
INFO:  [DM] epoch 5625/6000 reward=1.5199 profit=0.5199 on_time=1.0000 loss=-0.0000
INFO:  [DM] epoch 5626/6000 reward=1.5161 profit=0.5161 on_time=1.0000 loss=0.0000
INFO:  [DM] epoch 5627/6000 reward=1.5508 profit=0.5508 on_time=1.0000 loss=-0.0000
INFO:  [DM] epoch 5628/6000 reward=1.5452 profit=0.5452 on_time=1.0000 loss=-0.0000
INFO:  [DM] epoch 5629/6000 reward=1.5341 profit=0.5341 on_time=1.0000 loss=-0.0000
INFO:  [DM] epoch 5630/6000 reward=1.5633 profit=0.5633 on_time=1.0000 loss=0.0000
INFO:  [DM] epoch 5631/6000 reward=1.5483 profit=0.5483 on_time=1.0000 loss=-0.0000
INFO:  [DM] epoch 5632/6000 reward=1.5058 profit=0.5058 on_time=1.0000 loss=-0.0000
INFO:  [DM] epoch 5633/6000 reward=1.5153 profit=0.5153 on_time=1.0000 loss=-0.0000
INFO:  [DM] epoch 5634/6000 reward=1.5162 profit=0.5162 on_time=1.0000 loss=0.0000
INFO:  [DM] epoch 5635/6000 reward=1.5523 profit=0.5523 on_time=1.0000 loss=-0.0000
INFO:  [DM] epoch 5636/6000 reward=1.5482 profit=0.5482 on_time=1.0000 loss=-0.0000
INFO:  [DM] epoch 5637/6000 reward=1.5358 profit=0.5358 on_time=1.0000 loss=-0.0000
INFO:  [DM] epoch 5638/6000 reward=1.5242 profit=0.5242 on_time=1.0000 loss=-0.0001
INFO:  [DM] epoch 5639/6000 reward=1.4778 profit=0.4778 on_time=1.0000 loss=-0.0000
INFO:  [DM] epoch 5640/6000 reward=1.4788 profit=0.4788 on_time=1.0000 loss=-0.0000
INFO:  [DM] epoch 5641/6000 reward=1.5006 profit=0.5006 on_time=1.0000 loss=0.0000
INFO:  [DM] epoch 5642/6000 reward=1.5236 profit=0.5236 on_time=1.0000 loss=-0.0000
INFO:  [DM] epoch 5643/6000 reward=1.4908 profit=0.4908 on_time=1.0000 loss=-0.0000
INFO:  [DM] epoch 5644/6000 reward=1.5233 profit=0.5233 on_time=1.0000 loss=-0.0000
INFO:  [DM] epoch 5645/6000 reward=1.5048 profit=0.5048 on_time=1.0000 loss=0.0000
INFO:  [DM] epoch 5646/6000 reward=1.5070 profit=0.5070 on_time=1.0000 loss=-0.0000
INFO:  [DM] epoch 5647/6000 reward=1.5016 profit=0.5016 on_time=1.0000 loss=-0.0000
INFO:  [DM] epoch 5648/6000 reward=1.5049 profit=0.5049 on_time=1.0000 loss=0.0000
INFO:  [DM] epoch 5649/6000 reward=1.5251 profit=0.5251 on_time=1.0000 loss=-0.0000
INFO:  [DM] epoch 5650/6000 reward=1.5252 profit=0.5252 on_time=1.0000 loss=-0.0000
INFO:  [DM] epoch 5651/6000 reward=1.4983 profit=0.4983 on_time=1.0000 loss=0.0001
INFO:  [DM] epoch 5652/6000 reward=1.4895 profit=0.4895 on_time=1.0000 loss=-0.0000
INFO:  [DM] epoch 5653/6000 reward=1.4885 profit=0.4885 on_time=1.0000 loss=-0.0000
INFO:  [DM] epoch 5654/6000 reward=1.5482 profit=0.5482 on_time=1.0000 loss=-0.0000
INFO:  [DM] epoch 5655/6000 reward=1.5025 profit=0.5025 on_time=1.0000 loss=-0.0000
INFO:  [DM] epoch 5656/6000 reward=1.5144 profit=0.5144 on_time=1.0000 loss=-0.0000
INFO:  [DM] epoch 5657/6000 reward=1.5161 profit=0.5161 on_time=1.0000 loss=-0.0000
INFO:  [DM] epoch 5658/6000 reward=1.5203 profit=0.5203 on_time=1.0000 loss=-0.0000
INFO:  [DM] epoch 5659/6000 reward=1.5651 profit=0.5651 on_time=1.0000 loss=0.0000
INFO:  [DM] epoch 5660/6000 reward=1.5317 profit=0.5317 on_time=1.0000 loss=0.0000
INFO:  [DM] epoch 5661/6000 reward=1.5258 profit=0.5258 on_time=1.0000 loss=-0.0000
INFO:  [DM] epoch 5662/6000 reward=1.5277 profit=0.5277 on_time=1.0000 loss=0.0000
INFO:  [DM] epoch 5663/6000 reward=1.5243 profit=0.5243 on_time=1.0000 loss=-0.0000
INFO:  [DM] epoch 5664/6000 reward=1.5516 profit=0.5516 on_time=1.0000 loss=-0.0000
INFO:  [DM] epoch 5665/6000 reward=1.5253 profit=0.5253 on_time=1.0000 loss=-0.0000
INFO:  [DM] epoch 5666/6000 reward=1.5028 profit=0.5028 on_time=1.0000 loss=0.0000
INFO:  [DM] epoch 5667/6000 reward=1.5264 profit=0.5264 on_time=1.0000 loss=-0.0000
INFO:  [DM] epoch 5668/6000 reward=1.5254 profit=0.5254 on_time=1.0000 loss=-0.0000
INFO:  [DM] epoch 5669/6000 reward=1.5383 profit=0.5383 on_time=1.0000 loss=-0.0000
INFO:  [DM] epoch 5670/6000 reward=1.5504 profit=0.5504 on_time=1.0000 loss=0.0000
INFO:  [DM] epoch 5671/6000 reward=1.4977 profit=0.5133 on_time=0.9844 loss=-0.0027
INFO:  [DM] epoch 5672/6000 reward=1.5528 profit=0.5528 on_time=1.0000 loss=-0.0000
INFO:  [DM] epoch 5673/6000 reward=1.5261 profit=0.5261 on_time=1.0000 loss=0.0000
INFO:  [DM] epoch 5674/6000 reward=1.4848 profit=0.4848 on_time=1.0000 loss=0.0000
INFO:  [DM] epoch 5675/6000 reward=1.5109 profit=0.5109 on_time=1.0000 loss=-0.0000
INFO:  [DM] epoch 5676/6000 reward=1.4918 profit=0.4918 on_time=1.0000 loss=-0.0000
INFO:  [DM] epoch 5677/6000 reward=1.5114 profit=0.5114 on_time=1.0000 loss=0.0000
INFO:  [DM] epoch 5678/6000 reward=1.4469 profit=0.4469 on_time=1.0000 loss=-0.0000
INFO:  [DM] epoch 5679/6000 reward=1.5393 profit=0.5393 on_time=1.0000 loss=-0.0000
INFO:  [DM] epoch 5680/6000 reward=1.5405 profit=0.5405 on_time=1.0000 loss=-0.0000
INFO:  [DM] epoch 5681/6000 reward=1.4925 profit=0.4925 on_time=1.0000 loss=-0.0000
INFO:  [DM] epoch 5682/6000 reward=1.5188 profit=0.5188 on_time=1.0000 loss=-0.0000
INFO:  [DM] epoch 5683/6000 reward=1.5233 profit=0.5233 on_time=1.0000 loss=-0.0000
INFO:  [DM] epoch 5684/6000 reward=1.5155 profit=0.5155 on_time=1.0000 loss=-0.0000
INFO:  [DM] epoch 5685/6000 reward=1.5668 profit=0.5668 on_time=1.0000 loss=-0.0000
INFO:  [DM] epoch 5686/6000 reward=1.5267 profit=0.5267 on_time=1.0000 loss=-0.0000
INFO:  [DM] epoch 5687/6000 reward=1.4967 profit=0.4967 on_time=1.0000 loss=-0.0000
INFO:  [DM] epoch 5688/6000 reward=1.5075 profit=0.5075 on_time=1.0000 loss=0.0000
INFO:  [DM] epoch 5689/6000 reward=1.5061 profit=0.5061 on_time=1.0000 loss=-0.0000
INFO:  [DM] epoch 5690/6000 reward=1.5570 profit=0.5570 on_time=1.0000 loss=-0.0000
INFO:  [DM] epoch 5691/6000 reward=1.5050 profit=0.5050 on_time=1.0000 loss=-0.0000
INFO:  [DM] epoch 5692/6000 reward=1.5499 profit=0.5499 on_time=1.0000 loss=-0.0000
INFO:  [DM] epoch 5693/6000 reward=1.5016 profit=0.5016 on_time=1.0000 loss=-0.0000
INFO:  [DM] epoch 5694/6000 reward=1.4836 profit=0.4836 on_time=1.0000 loss=0.0000
INFO:  [DM] epoch 5695/6000 reward=1.4822 profit=0.4822 on_time=1.0000 loss=-0.0000
INFO:  [DM] epoch 5696/6000 reward=1.5337 profit=0.5337 on_time=1.0000 loss=-0.0000
INFO:  [DM] epoch 5697/6000 reward=1.4754 profit=0.4754 on_time=1.0000 loss=-0.0000
INFO:  [DM] epoch 5698/6000 reward=1.5675 profit=0.5675 on_time=1.0000 loss=-0.0000
INFO:  [DM] epoch 5699/6000 reward=1.4566 profit=0.4566 on_time=1.0000 loss=-0.0000
INFO:  [DM] epoch 5700/6000 reward=1.5318 profit=0.5318 on_time=1.0000 loss=-0.0000
INFO:  [DM] epoch 5701/6000 reward=1.4881 profit=0.4881 on_time=1.0000 loss=-0.0000
INFO:  [DM] epoch 5702/6000 reward=1.5528 profit=0.5528 on_time=1.0000 loss=0.0000
INFO:  [DM] epoch 5703/6000 reward=1.5071 profit=0.5071 on_time=1.0000 loss=-0.0000
INFO:  [DM] epoch 5704/6000 reward=1.5234 profit=0.5234 on_time=1.0000 loss=-0.0000
INFO:  [DM] epoch 5705/6000 reward=1.5384 profit=0.5384 on_time=1.0000 loss=0.0000
INFO:  [DM] epoch 5706/6000 reward=1.5138 profit=0.5138 on_time=1.0000 loss=0.0000
INFO:  [DM] epoch 5707/6000 reward=1.5075 profit=0.5075 on_time=1.0000 loss=-0.0000
INFO:  [DM] epoch 5708/6000 reward=1.5123 profit=0.5123 on_time=1.0000 loss=-0.0000
INFO:  [DM] epoch 5709/6000 reward=1.5338 profit=0.5338 on_time=1.0000 loss=0.0000
INFO:  [DM] epoch 5710/6000 reward=1.5401 profit=0.5401 on_time=1.0000 loss=0.0000
INFO:  [DM] epoch 5711/6000 reward=1.5011 profit=0.5011 on_time=1.0000 loss=-0.0000
INFO:  [DM] epoch 5712/6000 reward=1.5358 profit=0.5358 on_time=1.0000 loss=-0.0000
INFO:  [DM] epoch 5713/6000 reward=1.5364 profit=0.5364 on_time=1.0000 loss=-0.0002
INFO:  [DM] epoch 5714/6000 reward=1.5203 profit=0.5203 on_time=1.0000 loss=-0.0000
INFO:  [DM] epoch 5715/6000 reward=1.5540 profit=0.5540 on_time=1.0000 loss=-0.0000
INFO:  [DM] epoch 5716/6000 reward=1.5537 profit=0.5537 on_time=1.0000 loss=0.0000
INFO:  [DM] epoch 5717/6000 reward=1.4939 profit=0.4939 on_time=1.0000 loss=-0.0000
INFO:  [DM] epoch 5718/6000 reward=1.5230 profit=0.5230 on_time=1.0000 loss=-0.0000
INFO:  [DM] epoch 5719/6000 reward=1.4874 profit=0.4874 on_time=1.0000 loss=-0.0000
INFO:  [DM] epoch 5720/6000 reward=1.5013 profit=0.5013 on_time=1.0000 loss=0.0000
INFO:  [DM] epoch 5721/6000 reward=1.5236 profit=0.5236 on_time=1.0000 loss=-0.0000
INFO:  [DM] epoch 5722/6000 reward=1.5504 profit=0.5660 on_time=0.9844 loss=-0.0021
INFO:  [DM] epoch 5723/6000 reward=1.5494 profit=0.5494 on_time=1.0000 loss=-0.0000
INFO:  [DM] epoch 5724/6000 reward=1.4910 profit=0.4910 on_time=1.0000 loss=0.0000
INFO:  [DM] epoch 5725/6000 reward=1.5718 profit=0.5718 on_time=1.0000 loss=0.0000
INFO:  [DM] epoch 5726/6000 reward=1.5351 profit=0.5351 on_time=1.0000 loss=-0.0000
INFO:  [DM] epoch 5727/6000 reward=1.4997 profit=0.4997 on_time=1.0000 loss=-0.0000
INFO:  [DM] epoch 5728/6000 reward=1.5257 profit=0.5257 on_time=1.0000 loss=-0.0000
INFO:  [DM] epoch 5729/6000 reward=1.5239 profit=0.5239 on_time=1.0000 loss=0.0000
INFO:  [DM] epoch 5730/6000 reward=1.5527 profit=0.5527 on_time=1.0000 loss=-0.0000
INFO:  [DM] epoch 5731/6000 reward=1.4667 profit=0.4667 on_time=1.0000 loss=-0.0001
INFO:  [DM] epoch 5732/6000 reward=1.5535 profit=0.5535 on_time=1.0000 loss=0.0000
INFO:  [DM] epoch 5733/6000 reward=1.4719 profit=0.4875 on_time=0.9844 loss=-0.0062
INFO:  [DM] epoch 5734/6000 reward=1.5096 profit=0.5096 on_time=1.0000 loss=0.0000
INFO:  [DM] epoch 5735/6000 reward=1.5677 profit=0.5677 on_time=1.0000 loss=0.0000
INFO:  [DM] epoch 5736/6000 reward=1.5139 profit=0.5139 on_time=1.0000 loss=-0.0000
INFO:  [DM] epoch 5737/6000 reward=1.5160 profit=0.5160 on_time=1.0000 loss=-0.0000
INFO:  [DM] epoch 5738/6000 reward=1.5201 profit=0.5357 on_time=0.9844 loss=-0.0080
INFO:  [DM] epoch 5739/6000 reward=1.5509 profit=0.5509 on_time=1.0000 loss=-0.0000
INFO:  [DM] epoch 5740/6000 reward=1.4994 profit=0.4994 on_time=1.0000 loss=0.0000
INFO:  [DM] epoch 5741/6000 reward=1.5083 profit=0.5083 on_time=1.0000 loss=-0.0000
INFO:  [DM] epoch 5742/6000 reward=1.5257 profit=0.5257 on_time=1.0000 loss=-0.0005
INFO:  [DM] epoch 5743/6000 reward=1.5410 profit=0.5410 on_time=1.0000 loss=-0.0000
INFO:  [DM] epoch 5744/6000 reward=1.5037 profit=0.5037 on_time=1.0000 loss=0.0000
INFO:  [DM] epoch 5745/6000 reward=1.4646 profit=0.4959 on_time=0.9688 loss=-0.0279
INFO:  [DM] epoch 5746/6000 reward=1.5340 profit=0.5653 on_time=0.9688 loss=-0.0032
INFO:  [DM] epoch 5747/6000 reward=1.4954 profit=0.4954 on_time=1.0000 loss=-0.0005
INFO:  [DM] epoch 5748/6000 reward=1.5101 profit=0.5101 on_time=1.0000 loss=-0.0000
INFO:  [DM] epoch 5749/6000 reward=1.5835 profit=0.5835 on_time=1.0000 loss=0.0001
INFO:  [DM] epoch 5750/6000 reward=1.5122 profit=0.5122 on_time=1.0000 loss=0.0000
INFO:  [DM] epoch 5751/6000 reward=1.5121 profit=0.5277 on_time=0.9844 loss=-0.0002
INFO:  [DM] epoch 5752/6000 reward=1.5120 profit=0.5432 on_time=0.9688 loss=-0.0044
INFO:  [DM] epoch 5753/6000 reward=1.4710 profit=0.5178 on_time=0.9531 loss=-0.0635
INFO:  [DM] epoch 5754/6000 reward=1.5197 profit=0.5353 on_time=0.9844 loss=-0.0004
INFO:  [DM] epoch 5755/6000 reward=1.5263 profit=0.5419 on_time=0.9844 loss=-0.0438
INFO:  [DM] epoch 5756/6000 reward=1.4748 profit=0.5217 on_time=0.9531 loss=0.0004
INFO:  [DM] epoch 5757/6000 reward=1.5140 profit=0.5296 on_time=0.9844 loss=-0.0003
INFO:  [DM] epoch 5758/6000 reward=1.5212 profit=0.5212 on_time=1.0000 loss=-0.0008
INFO:  [DM] epoch 5759/6000 reward=1.5054 profit=0.5210 on_time=0.9844 loss=-0.0346
INFO:  [DM] epoch 5760/6000 reward=1.5256 profit=0.5412 on_time=0.9844 loss=-0.0049
INFO:  [DM] epoch 5761/6000 reward=1.4433 profit=0.5058 on_time=0.9375 loss=-0.0020
INFO:  [DM] epoch 5762/6000 reward=1.4544 profit=0.4700 on_time=0.9844 loss=-0.0141
INFO:  [DM] epoch 5763/6000 reward=1.4582 profit=0.5363 on_time=0.9219 loss=-0.0550
INFO:  [DM] epoch 5764/6000 reward=1.3714 profit=0.4964 on_time=0.8750 loss=-0.0547
INFO:  [DM] epoch 5765/6000 reward=1.4540 profit=0.4852 on_time=0.9688 loss=-0.0014
INFO:  [DM] epoch 5766/6000 reward=1.4635 profit=0.5104 on_time=0.9531 loss=-0.0007
INFO:  [DM] epoch 5767/6000 reward=1.4681 profit=0.4994 on_time=0.9688 loss=-0.0172
INFO:  [DM] epoch 5768/6000 reward=1.4560 profit=0.4872 on_time=0.9688 loss=-0.0016
INFO:  [DM] epoch 5769/6000 reward=1.4886 profit=0.4886 on_time=1.0000 loss=-0.0001
INFO:  [DM] epoch 5770/6000 reward=1.5250 profit=0.5250 on_time=1.0000 loss=0.0002
INFO:  [DM] epoch 5771/6000 reward=1.5314 profit=0.5314 on_time=1.0000 loss=-0.0000
INFO:  [DM] epoch 5772/6000 reward=1.5107 profit=0.5107 on_time=1.0000 loss=-0.0006
INFO:  [DM] epoch 5773/6000 reward=1.4750 profit=0.5063 on_time=0.9688 loss=-0.0014
INFO:  [DM] epoch 5774/6000 reward=1.4875 profit=0.5031 on_time=0.9844 loss=0.0002
INFO:  [DM] epoch 5775/6000 reward=1.5103 profit=0.5103 on_time=1.0000 loss=0.0000
INFO:  [DM] epoch 5776/6000 reward=1.5702 profit=0.5702 on_time=1.0000 loss=0.0008
INFO:  [DM] epoch 5777/6000 reward=1.4516 profit=0.4985 on_time=0.9531 loss=-0.0221
INFO:  [DM] epoch 5778/6000 reward=1.5016 profit=0.5016 on_time=1.0000 loss=-0.0000
INFO:  [DM] epoch 5779/6000 reward=1.5147 profit=0.5147 on_time=1.0000 loss=-0.0000
INFO:  [DM] epoch 5780/6000 reward=1.5141 profit=0.5141 on_time=1.0000 loss=-0.0000
INFO:  [DM] epoch 5781/6000 reward=1.5343 profit=0.5343 on_time=1.0000 loss=-0.0000
INFO:  [DM] epoch 5782/6000 reward=1.4855 profit=0.5011 on_time=0.9844 loss=-0.0032
INFO:  [DM] epoch 5783/6000 reward=1.4918 profit=0.5074 on_time=0.9844 loss=-0.0016
INFO:  [DM] epoch 5784/6000 reward=1.4979 profit=0.4979 on_time=1.0000 loss=-0.0000
INFO:  [DM] epoch 5785/6000 reward=1.5463 profit=0.5463 on_time=1.0000 loss=-0.0000
INFO:  [DM] epoch 5786/6000 reward=1.5320 profit=0.5320 on_time=1.0000 loss=-0.0000
INFO:  [DM] epoch 5787/6000 reward=1.5342 profit=0.5342 on_time=1.0000 loss=0.0000
INFO:  [DM] epoch 5788/6000 reward=1.5537 profit=0.5537 on_time=1.0000 loss=-0.0000
INFO:  [DM] epoch 5789/6000 reward=1.5423 profit=0.5423 on_time=1.0000 loss=-0.0000
INFO:  [DM] epoch 5790/6000 reward=1.5557 profit=0.5557 on_time=1.0000 loss=-0.0000
INFO:  [DM] epoch 5791/6000 reward=1.5051 profit=0.5051 on_time=1.0000 loss=-0.0000
INFO:  [DM] epoch 5792/6000 reward=1.5295 profit=0.5295 on_time=1.0000 loss=-0.0000
INFO:  [DM] epoch 5793/6000 reward=1.5017 profit=0.5017 on_time=1.0000 loss=-0.0000
INFO:  [DM] epoch 5794/6000 reward=1.4787 profit=0.4787 on_time=1.0000 loss=-0.0000
INFO:  [DM] epoch 5795/6000 reward=1.5200 profit=0.5200 on_time=1.0000 loss=-0.0000
INFO:  [DM] epoch 5796/6000 reward=1.5178 profit=0.5178 on_time=1.0000 loss=0.0000
INFO:  [DM] epoch 5797/6000 reward=1.5205 profit=0.5205 on_time=1.0000 loss=0.0000
INFO:  [DM] epoch 5798/6000 reward=1.4728 profit=0.4728 on_time=1.0000 loss=-0.0000
INFO:  [DM] epoch 5799/6000 reward=1.5139 profit=0.5139 on_time=1.0000 loss=-0.0000
INFO:  [DM] epoch 5800/6000 reward=1.5224 profit=0.5224 on_time=1.0000 loss=-0.0000
INFO:  [DM] epoch 5801/6000 reward=1.5724 profit=0.5724 on_time=1.0000 loss=-0.0000
INFO:  [DM] epoch 5802/6000 reward=1.5061 profit=0.5061 on_time=1.0000 loss=-0.0000
INFO:  [DM] epoch 5803/6000 reward=1.5200 profit=0.5200 on_time=1.0000 loss=-0.0000
INFO:  [DM] epoch 5804/6000 reward=1.5592 profit=0.5592 on_time=1.0000 loss=0.0000
INFO:  [DM] epoch 5805/6000 reward=1.5275 profit=0.5275 on_time=1.0000 loss=-0.0000
INFO:  [DM] epoch 5806/6000 reward=1.5093 profit=0.5093 on_time=1.0000 loss=-0.0000
INFO:  [DM] epoch 5807/6000 reward=1.5452 profit=0.5452 on_time=1.0000 loss=-0.0000
INFO:  [DM] epoch 5808/6000 reward=1.5069 profit=0.5069 on_time=1.0000 loss=-0.0000
INFO:  [DM] epoch 5809/6000 reward=1.4908 profit=0.4908 on_time=1.0000 loss=-0.0000
INFO:  [DM] epoch 5810/6000 reward=1.5895 profit=0.5895 on_time=1.0000 loss=-0.0000
INFO:  [DM] epoch 5811/6000 reward=1.5246 profit=0.5246 on_time=1.0000 loss=-0.0000
INFO:  [DM] epoch 5812/6000 reward=1.5106 profit=0.5106 on_time=1.0000 loss=0.0000
INFO:  [DM] epoch 5813/6000 reward=1.5024 profit=0.5024 on_time=1.0000 loss=-0.0000
INFO:  [DM] epoch 5814/6000 reward=1.5505 profit=0.5505 on_time=1.0000 loss=-0.0000
INFO:  [DM] epoch 5815/6000 reward=1.4975 profit=0.4975 on_time=1.0000 loss=-0.0000
INFO:  [DM] epoch 5816/6000 reward=1.5399 profit=0.5399 on_time=1.0000 loss=-0.0000
INFO:  [DM] epoch 5817/6000 reward=1.5237 profit=0.5237 on_time=1.0000 loss=-0.0000
INFO:  [DM] epoch 5818/6000 reward=1.5073 profit=0.5073 on_time=1.0000 loss=-0.0000
INFO:  [DM] epoch 5819/6000 reward=1.4675 profit=0.4675 on_time=1.0000 loss=-0.0000
INFO:  [DM] epoch 5820/6000 reward=1.5111 profit=0.5111 on_time=1.0000 loss=-0.0000
INFO:  [DM] epoch 5821/6000 reward=1.5785 profit=0.5785 on_time=1.0000 loss=-0.0000
INFO:  [DM] epoch 5822/6000 reward=1.5020 profit=0.5176 on_time=0.9844 loss=-0.0000
INFO:  [DM] epoch 5823/6000 reward=1.5127 profit=0.5127 on_time=1.0000 loss=-0.0000
INFO:  [DM] epoch 5824/6000 reward=1.5154 profit=0.5154 on_time=1.0000 loss=0.0000
INFO:  [DM] epoch 5825/6000 reward=1.5048 profit=0.5048 on_time=1.0000 loss=0.0000
INFO:  [DM] epoch 5826/6000 reward=1.5217 profit=0.5217 on_time=1.0000 loss=0.0000
INFO:  [DM] epoch 5827/6000 reward=1.4801 profit=0.4801 on_time=1.0000 loss=-0.0000
INFO:  [DM] epoch 5828/6000 reward=1.4800 profit=0.4800 on_time=1.0000 loss=-0.0000
INFO:  [DM] epoch 5829/6000 reward=1.5068 profit=0.5068 on_time=1.0000 loss=-0.0000
INFO:  [DM] epoch 5830/6000 reward=1.5322 profit=0.5322 on_time=1.0000 loss=-0.0000
INFO:  [DM] epoch 5831/6000 reward=1.5231 profit=0.5231 on_time=1.0000 loss=-0.0000
INFO:  [DM] epoch 5832/6000 reward=1.4891 profit=0.4891 on_time=1.0000 loss=-0.0000
INFO:  [DM] epoch 5833/6000 reward=1.5259 profit=0.5259 on_time=1.0000 loss=-0.0000
INFO:  [DM] epoch 5834/6000 reward=1.5196 profit=0.5196 on_time=1.0000 loss=-0.0000
INFO:  [DM] epoch 5835/6000 reward=1.5477 profit=0.5477 on_time=1.0000 loss=-0.0000
INFO:  [DM] epoch 5836/6000 reward=1.5169 profit=0.5169 on_time=1.0000 loss=-0.0000
INFO:  [DM] epoch 5837/6000 reward=1.5390 profit=0.5390 on_time=1.0000 loss=-0.0000
INFO:  [DM] epoch 5838/6000 reward=1.5027 profit=0.5027 on_time=1.0000 loss=-0.0000
INFO:  [DM] epoch 5839/6000 reward=1.4575 profit=0.4575 on_time=1.0000 loss=-0.0000
INFO:  [DM] epoch 5840/6000 reward=1.5430 profit=0.5430 on_time=1.0000 loss=-0.0000
INFO:  [DM] epoch 5841/6000 reward=1.5045 profit=0.5045 on_time=1.0000 loss=-0.0000
INFO:  [DM] epoch 5842/6000 reward=1.4911 profit=0.4911 on_time=1.0000 loss=-0.0000
INFO:  [DM] epoch 5843/6000 reward=1.5287 profit=0.5287 on_time=1.0000 loss=-0.0000
INFO:  [DM] epoch 5844/6000 reward=1.5216 profit=0.5216 on_time=1.0000 loss=-0.0000
INFO:  [DM] epoch 5845/6000 reward=1.5053 profit=0.5053 on_time=1.0000 loss=0.0000
INFO:  [DM] epoch 5846/6000 reward=1.5192 profit=0.5192 on_time=1.0000 loss=-0.0000
INFO:  [DM] epoch 5847/6000 reward=1.4809 profit=0.4809 on_time=1.0000 loss=0.0000
INFO:  [DM] epoch 5848/6000 reward=1.4941 profit=0.5097 on_time=0.9844 loss=-0.0171
INFO:  [DM] epoch 5849/6000 reward=1.5359 profit=0.5359 on_time=1.0000 loss=-0.0000
INFO:  [DM] epoch 5850/6000 reward=1.5161 profit=0.5161 on_time=1.0000 loss=-0.0000
INFO:  [DM] epoch 5851/6000 reward=1.5235 profit=0.5235 on_time=1.0000 loss=-0.0000
INFO:  [DM] epoch 5852/6000 reward=1.4660 profit=0.4660 on_time=1.0000 loss=0.0000
INFO:  [DM] epoch 5853/6000 reward=1.5214 profit=0.5214 on_time=1.0000 loss=0.0003
INFO:  [DM] epoch 5854/6000 reward=1.5471 profit=0.5471 on_time=1.0000 loss=0.0016
INFO:  [DM] epoch 5855/6000 reward=1.5342 profit=0.5342 on_time=1.0000 loss=0.0000
INFO:  [DM] epoch 5856/6000 reward=1.5531 profit=0.5531 on_time=1.0000 loss=0.0000
INFO:  [DM] epoch 5857/6000 reward=1.5427 profit=0.5427 on_time=1.0000 loss=-0.0000
INFO:  [DM] epoch 5858/6000 reward=1.4959 profit=0.4959 on_time=1.0000 loss=0.0000
INFO:  [DM] epoch 5859/6000 reward=1.5296 profit=0.5296 on_time=1.0000 loss=-0.0000
INFO:  [DM] epoch 5860/6000 reward=1.5383 profit=0.5383 on_time=1.0000 loss=-0.0000
INFO:  [DM] epoch 5861/6000 reward=1.4774 profit=0.4774 on_time=1.0000 loss=-0.0000
INFO:  [DM] epoch 5862/6000 reward=1.5328 profit=0.5328 on_time=1.0000 loss=-0.0000
INFO:  [DM] epoch 5863/6000 reward=1.5032 profit=0.5032 on_time=1.0000 loss=-0.0000
INFO:  [DM] epoch 5864/6000 reward=1.4927 profit=0.4927 on_time=1.0000 loss=-0.0000
INFO:  [DM] epoch 5865/6000 reward=1.4917 profit=0.4917 on_time=1.0000 loss=-0.0000
INFO:  [DM] epoch 5866/6000 reward=1.5171 profit=0.5171 on_time=1.0000 loss=-0.0000
INFO:  [DM] epoch 5867/6000 reward=1.5147 profit=0.5147 on_time=1.0000 loss=-0.0000
INFO:  [DM] epoch 5868/6000 reward=1.5583 profit=0.5583 on_time=1.0000 loss=-0.0000
INFO:  [DM] epoch 5869/6000 reward=1.5199 profit=0.5199 on_time=1.0000 loss=-0.0000
INFO:  [DM] epoch 5870/6000 reward=1.5004 profit=0.5004 on_time=1.0000 loss=-0.0001
INFO:  [DM] epoch 5871/6000 reward=1.4878 profit=0.4878 on_time=1.0000 loss=-0.0000
INFO:  [DM] epoch 5872/6000 reward=1.5220 profit=0.5220 on_time=1.0000 loss=0.0000
INFO:  [DM] epoch 5873/6000 reward=1.5483 profit=0.5483 on_time=1.0000 loss=-0.0000
INFO:  [DM] epoch 5874/6000 reward=1.5221 profit=0.5377 on_time=0.9844 loss=-0.0002
INFO:  [DM] epoch 5875/6000 reward=1.5658 profit=0.5658 on_time=1.0000 loss=-0.0000
INFO:  [DM] epoch 5876/6000 reward=1.4605 profit=0.4605 on_time=1.0000 loss=-0.0000
INFO:  [DM] epoch 5877/6000 reward=1.5562 profit=0.5562 on_time=1.0000 loss=0.0000
INFO:  [DM] epoch 5878/6000 reward=1.5141 profit=0.5141 on_time=1.0000 loss=-0.0000
INFO:  [DM] epoch 5879/6000 reward=1.4589 profit=0.4745 on_time=0.9844 loss=-0.0053
INFO:  [DM] epoch 5880/6000 reward=1.5771 profit=0.5771 on_time=1.0000 loss=0.0000
INFO:  [DM] epoch 5881/6000 reward=1.5009 profit=0.5166 on_time=0.9844 loss=-0.0255
INFO:  [DM] epoch 5882/6000 reward=1.5579 profit=0.5579 on_time=1.0000 loss=-0.0000
INFO:  [DM] epoch 5883/6000 reward=1.5274 profit=0.5274 on_time=1.0000 loss=-0.0000
INFO:  [DM] epoch 5884/6000 reward=1.5388 profit=0.5388 on_time=1.0000 loss=-0.0000
INFO:  [DM] epoch 5885/6000 reward=1.5152 profit=0.5152 on_time=1.0000 loss=0.0000
INFO:  [DM] epoch 5886/6000 reward=1.5124 profit=0.5124 on_time=1.0000 loss=0.0000
INFO:  [DM] epoch 5887/6000 reward=1.4348 profit=0.4505 on_time=0.9844 loss=-0.0000
INFO:  [DM] epoch 5888/6000 reward=1.5286 profit=0.5286 on_time=1.0000 loss=-0.0000
INFO:  [DM] epoch 5889/6000 reward=1.5437 profit=0.5593 on_time=0.9844 loss=-0.0000
INFO:  [DM] epoch 5890/6000 reward=1.5373 profit=0.5685 on_time=0.9688 loss=-0.0030
INFO:  [DM] epoch 5891/6000 reward=1.5144 profit=0.5144 on_time=1.0000 loss=-0.0001
INFO:  [DM] epoch 5892/6000 reward=1.5193 profit=0.5506 on_time=0.9688 loss=-0.0044
INFO:  [DM] epoch 5893/6000 reward=1.5198 profit=0.5198 on_time=1.0000 loss=-0.0000
INFO:  [DM] epoch 5894/6000 reward=1.5349 profit=0.5349 on_time=1.0000 loss=-0.0000
INFO:  [DM] epoch 5895/6000 reward=1.5591 profit=0.5591 on_time=1.0000 loss=-0.0000
INFO:  [DM] epoch 5896/6000 reward=1.5873 profit=0.5873 on_time=1.0000 loss=0.0000
INFO:  [DM] epoch 5897/6000 reward=1.5077 profit=0.5077 on_time=1.0000 loss=0.0002
INFO:  [DM] epoch 5898/6000 reward=1.5207 profit=0.5207 on_time=1.0000 loss=-0.0000
INFO:  [DM] epoch 5899/6000 reward=1.5281 profit=0.5281 on_time=1.0000 loss=-0.0001
INFO:  [DM] epoch 5900/6000 reward=1.5057 profit=0.5057 on_time=1.0000 loss=-0.0000
INFO:  [DM] epoch 5901/6000 reward=1.5772 profit=0.5772 on_time=1.0000 loss=-0.0000
INFO:  [DM] epoch 5902/6000 reward=1.5321 profit=0.5321 on_time=1.0000 loss=-0.0000
INFO:  [DM] epoch 5903/6000 reward=1.5221 profit=0.5221 on_time=1.0000 loss=-0.0000
INFO:  [DM] epoch 5904/6000 reward=1.5204 profit=0.5204 on_time=1.0000 loss=-0.0000
INFO:  [DM] epoch 5905/6000 reward=1.5409 profit=0.5409 on_time=1.0000 loss=-0.0000
INFO:  [DM] epoch 5906/6000 reward=1.5171 profit=0.5171 on_time=1.0000 loss=-0.0000
INFO:  [DM] epoch 5907/6000 reward=1.5150 profit=0.5150 on_time=1.0000 loss=-0.0000
INFO:  [DM] epoch 5908/6000 reward=1.5253 profit=0.5410 on_time=0.9844 loss=-0.0087
INFO:  [DM] epoch 5909/6000 reward=1.5211 profit=0.5211 on_time=1.0000 loss=0.0000
INFO:  [DM] epoch 5910/6000 reward=1.5210 profit=0.5210 on_time=1.0000 loss=-0.0000
INFO:  [DM] epoch 5911/6000 reward=1.5263 profit=0.5263 on_time=1.0000 loss=-0.0000
INFO:  [DM] epoch 5912/6000 reward=1.5523 profit=0.5523 on_time=1.0000 loss=-0.0000
INFO:  [DM] epoch 5913/6000 reward=1.5223 profit=0.5223 on_time=1.0000 loss=-0.0000
INFO:  [DM] epoch 5914/6000 reward=1.5118 profit=0.5118 on_time=1.0000 loss=-0.0000
INFO:  [DM] epoch 5915/6000 reward=1.5306 profit=0.5306 on_time=1.0000 loss=-0.0000
INFO:  [DM] epoch 5916/6000 reward=1.5302 profit=0.5302 on_time=1.0000 loss=-0.0000
INFO:  [DM] epoch 5917/6000 reward=1.4584 profit=0.4584 on_time=1.0000 loss=-0.0000
INFO:  [DM] epoch 5918/6000 reward=1.4657 profit=0.4657 on_time=1.0000 loss=0.0000
INFO:  [DM] epoch 5919/6000 reward=1.4743 profit=0.4743 on_time=1.0000 loss=-0.0000
INFO:  [DM] epoch 5920/6000 reward=1.4826 profit=0.4983 on_time=0.9844 loss=-0.0000
INFO:  [DM] epoch 5921/6000 reward=1.5264 profit=0.5264 on_time=1.0000 loss=0.0000
INFO:  [DM] epoch 5922/6000 reward=1.4928 profit=0.4928 on_time=1.0000 loss=-0.0000
INFO:  [DM] epoch 5923/6000 reward=1.5137 profit=0.5137 on_time=1.0000 loss=-0.0000
INFO:  [DM] epoch 5924/6000 reward=1.5186 profit=0.5186 on_time=1.0000 loss=-0.0000
INFO:  [DM] epoch 5925/6000 reward=1.5166 profit=0.5166 on_time=1.0000 loss=-0.0000
INFO:  [DM] epoch 5926/6000 reward=1.5382 profit=0.5539 on_time=0.9844 loss=-0.0185
INFO:  [DM] epoch 5927/6000 reward=1.4757 profit=0.4757 on_time=1.0000 loss=0.0000
INFO:  [DM] epoch 5928/6000 reward=1.4846 profit=0.4846 on_time=1.0000 loss=-0.0000
INFO:  [DM] epoch 5929/6000 reward=1.5487 profit=0.5487 on_time=1.0000 loss=0.0001
INFO:  [DM] epoch 5930/6000 reward=1.5171 profit=0.5171 on_time=1.0000 loss=-0.0000
INFO:  [DM] epoch 5931/6000 reward=1.5209 profit=0.5209 on_time=1.0000 loss=-0.0000
INFO:  [DM] epoch 5932/6000 reward=1.5243 profit=0.5243 on_time=1.0000 loss=-0.0000
INFO:  [DM] epoch 5933/6000 reward=1.5592 profit=0.5592 on_time=1.0000 loss=0.0000
INFO:  [DM] epoch 5934/6000 reward=1.5141 profit=0.5141 on_time=1.0000 loss=-0.0000
INFO:  [DM] epoch 5935/6000 reward=1.4987 profit=0.4987 on_time=1.0000 loss=-0.0000
INFO:  [DM] epoch 5936/6000 reward=1.4845 profit=0.4845 on_time=1.0000 loss=0.0000
INFO:  [DM] epoch 5937/6000 reward=1.4928 profit=0.5084 on_time=0.9844 loss=-0.0027
INFO:  [DM] epoch 5938/6000 reward=1.5320 profit=0.5320 on_time=1.0000 loss=-0.0000
INFO:  [DM] epoch 5939/6000 reward=1.5341 profit=0.5341 on_time=1.0000 loss=-0.0000
INFO:  [DM] epoch 5940/6000 reward=1.5379 profit=0.5379 on_time=1.0000 loss=-0.0000
INFO:  [DM] epoch 5941/6000 reward=1.5556 profit=0.5556 on_time=1.0000 loss=-0.0000
INFO:  [DM] epoch 5942/6000 reward=1.4983 profit=0.4983 on_time=1.0000 loss=0.0000
INFO:  [DM] epoch 5943/6000 reward=1.4909 profit=0.4909 on_time=1.0000 loss=-0.0000
INFO:  [DM] epoch 5944/6000 reward=1.4995 profit=0.4995 on_time=1.0000 loss=-0.0000
INFO:  [DM] epoch 5945/6000 reward=1.5697 profit=0.5697 on_time=1.0000 loss=0.0000
INFO:  [DM] epoch 5946/6000 reward=1.5310 profit=0.5310 on_time=1.0000 loss=-0.0000
INFO:  [DM] epoch 5947/6000 reward=1.5133 profit=0.5133 on_time=1.0000 loss=-0.0000
INFO:  [DM] epoch 5948/6000 reward=1.5474 profit=0.5474 on_time=1.0000 loss=-0.0003
INFO:  [DM] epoch 5949/6000 reward=1.5638 profit=0.5638 on_time=1.0000 loss=-0.0000
INFO:  [DM] epoch 5950/6000 reward=1.4782 profit=0.4938 on_time=0.9844 loss=-0.0000
INFO:  [DM] epoch 5951/6000 reward=1.5169 profit=0.5169 on_time=1.0000 loss=-0.0000
INFO:  [DM] epoch 5952/6000 reward=1.5389 profit=0.5389 on_time=1.0000 loss=-0.0000
INFO:  [DM] epoch 5953/6000 reward=1.5396 profit=0.5396 on_time=1.0000 loss=0.0000
INFO:  [DM] epoch 5954/6000 reward=1.5036 profit=0.5036 on_time=1.0000 loss=0.0000
INFO:  [DM] epoch 5955/6000 reward=1.5420 profit=0.5420 on_time=1.0000 loss=0.0000
INFO:  [DM] epoch 5956/6000 reward=1.5154 profit=0.5154 on_time=1.0000 loss=-0.0001
INFO:  [DM] epoch 5957/6000 reward=1.5620 profit=0.5620 on_time=1.0000 loss=-0.0001
INFO:  [DM] epoch 5958/6000 reward=1.5044 profit=0.5044 on_time=1.0000 loss=-0.0001
INFO:  [DM] epoch 5959/6000 reward=1.4965 profit=0.4965 on_time=1.0000 loss=-0.0001
INFO:  [DM] epoch 5960/6000 reward=1.5058 profit=0.5214 on_time=0.9844 loss=-0.0001
INFO:  [DM] epoch 5961/6000 reward=1.5390 profit=0.5390 on_time=1.0000 loss=0.0000
INFO:  [DM] epoch 5962/6000 reward=1.5602 profit=0.5758 on_time=0.9844 loss=-0.0077
INFO:  [DM] epoch 5963/6000 reward=1.4793 profit=0.4793 on_time=1.0000 loss=-0.0000
INFO:  [DM] epoch 5964/6000 reward=1.4994 profit=0.4994 on_time=1.0000 loss=-0.0000
INFO:  [DM] epoch 5965/6000 reward=1.5049 profit=0.5049 on_time=1.0000 loss=-0.0000
INFO:  [DM] epoch 5966/6000 reward=1.5203 profit=0.5203 on_time=1.0000 loss=-0.0000
INFO:  [DM] epoch 5967/6000 reward=1.5189 profit=0.5189 on_time=1.0000 loss=-0.0000
INFO:  [DM] epoch 5968/6000 reward=1.4849 profit=0.4849 on_time=1.0000 loss=0.0000
INFO:  [DM] epoch 5969/6000 reward=1.4829 profit=0.4829 on_time=1.0000 loss=-0.0000
INFO:  [DM] epoch 5970/6000 reward=1.5044 profit=0.5044 on_time=1.0000 loss=0.0000
INFO:  [DM] epoch 5971/6000 reward=1.4497 profit=0.4497 on_time=1.0000 loss=-0.0000
INFO:  [DM] epoch 5972/6000 reward=1.4996 profit=0.4996 on_time=1.0000 loss=-0.0000
INFO:  [DM] epoch 5973/6000 reward=1.4820 profit=0.4820 on_time=1.0000 loss=-0.0000
INFO:  [DM] epoch 5974/6000 reward=1.4966 profit=0.4966 on_time=1.0000 loss=-0.0000
INFO:  [DM] epoch 5975/6000 reward=1.5586 profit=0.5586 on_time=1.0000 loss=-0.0000
INFO:  [DM] epoch 5976/6000 reward=1.4995 profit=0.4995 on_time=1.0000 loss=-0.0000
INFO:  [DM] epoch 5977/6000 reward=1.4858 profit=0.5014 on_time=0.9844 loss=-0.0229
INFO:  [DM] epoch 5978/6000 reward=1.5013 profit=0.5013 on_time=1.0000 loss=0.0000
INFO:  [DM] epoch 5979/6000 reward=1.5418 profit=0.5418 on_time=1.0000 loss=-0.0000
INFO:  [DM] epoch 5980/6000 reward=1.4914 profit=0.4914 on_time=1.0000 loss=0.0000
INFO:  [DM] epoch 5981/6000 reward=1.5266 profit=0.5266 on_time=1.0000 loss=-0.0000
INFO:  [DM] epoch 5982/6000 reward=1.5107 profit=0.5107 on_time=1.0000 loss=-0.0001
INFO:  [DM] epoch 5983/6000 reward=1.4837 profit=0.4993 on_time=0.9844 loss=-0.0404
INFO:  [DM] epoch 5984/6000 reward=1.4984 profit=0.4984 on_time=1.0000 loss=-0.0000
INFO:  [DM] epoch 5985/6000 reward=1.5234 profit=0.5234 on_time=1.0000 loss=-0.0000
INFO:  [DM] epoch 5986/6000 reward=1.5256 profit=0.5256 on_time=1.0000 loss=-0.0000
INFO:  [DM] epoch 5987/6000 reward=1.5257 profit=0.5257 on_time=1.0000 loss=-0.0000
INFO:  [DM] epoch 5988/6000 reward=1.5009 profit=0.5009 on_time=1.0000 loss=-0.0000
INFO:  [DM] epoch 5989/6000 reward=1.5125 profit=0.5125 on_time=1.0000 loss=0.0000
INFO:  [DM] epoch 5990/6000 reward=1.5062 profit=0.5062 on_time=1.0000 loss=0.0000
INFO:  [DM] epoch 5991/6000 reward=1.5072 profit=0.5228 on_time=0.9844 loss=-0.0060
INFO:  [DM] epoch 5992/6000 reward=1.4930 profit=0.4930 on_time=1.0000 loss=0.0000
INFO:  [DM] epoch 5993/6000 reward=1.5335 profit=0.5335 on_time=1.0000 loss=-0.0000
INFO:  [DM] epoch 5994/6000 reward=1.5052 profit=0.5052 on_time=1.0000 loss=0.0000
INFO:  [DM] epoch 5995/6000 reward=1.4584 profit=0.4584 on_time=1.0000 loss=-0.0001
INFO:  [DM] epoch 5996/6000 reward=1.5304 profit=0.5304 on_time=1.0000 loss=-0.0000
INFO:  [DM] epoch 5997/6000 reward=1.4792 profit=0.4792 on_time=1.0000 loss=0.0000
INFO:  [DM] epoch 5998/6000 reward=1.5380 profit=0.5380 on_time=1.0000 loss=0.0000
INFO:  [DM] epoch 5999/6000 reward=1.5173 profit=0.5173 on_time=1.0000 loss=-0.0002
INFO:  decision_maker training stage cost time: 2117.0910115242004
INFO:  best_dm_accuracy 0
INFO:  best_profit 0.6027846932411194
INFO:  best_on_time 1.0
INFO:  best_pmp_1 0
INFO:  best_pmp_2 0
INFO:  best_pmp_3 0
[1;34mwandb[0m: 
[1;34mwandb[0m: 🚀 View run [33mdrawn-tree-174[0m at: [34m[0m
[1;34mwandb[0m: Find logs at: [1;35mwandb/run-20251120_011028-v3rm0twk/logs[0m
